,State,Date,value
0,Alaska,2015-01-01,18.2
1,Alabama,2015-01-01,80.7
2,Arkansas,2015-01-01,47.7
3,Arizona,2015-01-01,124.2
4,California,2015-01-01,706.5
5,Colorado,2015-01-01,146.7
6,Connecticut,2015-01-01,56.8
7,Florida,2015-01-01,414.9
8,Georgia,2015-01-01,166.1
9,Iowa,2015-01-01,78.1
10,Idaho,2015-01-01,37.5
11,Illinois,2015-01-01,209.0
12,Indiana,2015-01-01,125.6
13,Kansas,2015-01-01,59.9
14,Kentucky,2015-01-01,75.3
15,Louisiana,2015-01-01,140.5
16,Massachusetts,2015-01-01,133.7
17,Maine,2015-01-01,26.1
18,Michigan,2015-01-01,145.7
19,Minnesota,2015-01-01,111.8
20,Missouri,2015-01-01,112.3
21,Mississippi,2015-01-01,46.7
22,Montana,2015-01-01,26.1
23,North Carolina,2015-01-01,184.0
24,North Dakota,2015-01-01,37.5
25,New Hampshire,2015-01-01,23.7
26,New Jersey,2015-01-01,144.3
27,New Mexico,2015-01-01,43.4
28,Nevada,2015-01-01,66.9
29,New York,2015-01-01,351.6
30,Ohio,2015-01-01,197.4
31,Oklahoma,2015-01-01,77.0
32,Oregon,2015-01-01,81.2
33,Pennsylvania,2015-01-01,231.0
34,Rhode Island,2015-01-01,16.6
35,South Carolina,2015-01-01,87.0
36,South Dakota,2015-01-01,21.7
37,Maryland,2015-01-01,150.1
38,Nebraska,2015-01-01,47.6
39,Texas,2015-01-01,676.2
40,Utah,2015-01-01,82.2
41,Virginia,2015-01-01,180.5
42,Vermont,2015-01-01,15.0
43,Washington,2015-01-01,169.5
44,Wisconsin,2015-01-01,107.6
45,West Virginia,2015-01-01,33.2
46,Wyoming,2015-01-01,23.7
47,Alaska,2015-02-01,18.2
48,Alabama,2015-02-01,80.3
49,Arkansas,2015-02-01,48.0
50,Arizona,2015-02-01,124.3
51,California,2015-02-01,708.2
52,Colorado,2015-02-01,147.9
53,Connecticut,2015-02-01,57.0
54,Florida,2015-02-01,417.1
55,Georgia,2015-02-01,167.0
56,Iowa,2015-02-01,78.8
57,Idaho,2015-02-01,37.9
58,Illinois,2015-02-01,209.6
59,Indiana,2015-02-01,125.9
60,Kansas,2015-02-01,60.7
61,Kentucky,2015-02-01,75.5
62,Louisiana,2015-02-01,139.6
63,Massachusetts,2015-02-01,133.5
64,Maine,2015-02-01,26.0
65,Michigan,2015-02-01,146.0
66,Minnesota,2015-02-01,112.6
67,Missouri,2015-02-01,114.0
68,Mississippi,2015-02-01,47.0
69,Montana,2015-02-01,26.6
70,North Carolina,2015-02-01,185.9
71,North Dakota,2015-02-01,36.9
72,New Hampshire,2015-02-01,23.6
73,New Jersey,2015-02-01,145.0
74,New Mexico,2015-02-01,43.3
75,Nevada,2015-02-01,67.4
76,New York,2015-02-01,348.8
77,Ohio,2015-02-01,197.5
78,Oklahoma,2015-02-01,78.4
79,Oregon,2015-02-01,82.0
80,Pennsylvania,2015-02-01,230.8
81,Rhode Island,2015-02-01,16.4
82,South Carolina,2015-02-01,87.6
83,South Dakota,2015-02-01,22.0
84,Maryland,2015-02-01,150.6
85,Nebraska,2015-02-01,48.2
86,Texas,2015-02-01,678.8
87,Utah,2015-02-01,82.8
88,Virginia,2015-02-01,181.0
89,Vermont,2015-02-01,15.0
90,Washington,2015-02-01,170.7
91,Wisconsin,2015-02-01,107.5
92,West Virginia,2015-02-01,33.3
93,Wyoming,2015-02-01,23.7
94,Alaska,2015-03-01,18.5
95,Alabama,2015-03-01,79.2
96,Arkansas,2015-03-01,47.1
97,Arizona,2015-03-01,124.6
98,California,2015-03-01,712.8
99,Colorado,2015-03-01,147.3
100,Connecticut,2015-03-01,56.7
101,Florida,2015-03-01,419.8
102,Georgia,2015-03-01,165.8
103,Iowa,2015-03-01,79.1
104,Idaho,2015-03-01,38.4
105,Illinois,2015-03-01,208.6
106,Indiana,2015-03-01,125.0
107,Kansas,2015-03-01,60.6
108,Kentucky,2015-03-01,73.2
109,Louisiana,2015-03-01,138.7
110,Massachusetts,2015-03-01,133.6
111,Maine,2015-03-01,25.9
112,Michigan,2015-03-01,146.5
113,Minnesota,2015-03-01,113.4
114,Missouri,2015-03-01,112.4
115,Mississippi,2015-03-01,46.0
116,Montana,2015-03-01,26.6
117,North Carolina,2015-03-01,184.8
118,North Dakota,2015-03-01,36.4
119,New Hampshire,2015-03-01,23.4
120,New Jersey,2015-03-01,143.8
121,New Mexico,2015-03-01,43.1
122,Nevada,2015-03-01,67.5
123,New York,2015-03-01,352.3
124,Ohio,2015-03-01,196.1
125,Oklahoma,2015-03-01,77.5
126,Oregon,2015-03-01,82.2
127,Pennsylvania,2015-03-01,227.4
128,Rhode Island,2015-03-01,16.4
129,South Carolina,2015-03-01,87.9
130,South Dakota,2015-03-01,22.4
131,Maryland,2015-03-01,150.4
132,Nebraska,2015-03-01,48.5
133,Texas,2015-03-01,676.7
134,Utah,2015-03-01,83.0
135,Virginia,2015-03-01,179.9
136,Vermont,2015-03-01,15.0
137,Washington,2015-03-01,171.4
138,Wisconsin,2015-03-01,107.4
139,West Virginia,2015-03-01,33.0
140,Wyoming,2015-03-01,23.7
141,Alaska,2015-04-01,18.3
142,Alabama,2015-04-01,80.2
143,Arkansas,2015-04-01,47.4
144,Arizona,2015-04-01,125.2
145,California,2015-04-01,718.2
146,Colorado,2015-04-01,147.3
147,Connecticut,2015-04-01,57.5
148,Florida,2015-04-01,421.5
149,Georgia,2015-04-01,167.9
150,Iowa,2015-04-01,78.3
151,Idaho,2015-04-01,37.8
152,Illinois,2015-04-01,212.7
153,Indiana,2015-04-01,125.1
154,Kansas,2015-04-01,61.0
155,Kentucky,2015-04-01,74.3
156,Louisiana,2015-04-01,138.3
157,Massachusetts,2015-04-01,135.9
158,Maine,2015-04-01,25.8
159,Michigan,2015-04-01,147.0
160,Minnesota,2015-04-01,115.0
161,Missouri,2015-04-01,112.5
162,Mississippi,2015-04-01,46.4
163,Montana,2015-04-01,26.1
164,North Carolina,2015-04-01,186.0
165,North Dakota,2015-04-01,35.3
166,New Hampshire,2015-04-01,23.3
167,New Jersey,2015-04-01,146.8
168,New Mexico,2015-04-01,43.3
169,Nevada,2015-04-01,67.9
170,New York,2015-04-01,356.4
171,Ohio,2015-04-01,198.1
172,Oklahoma,2015-04-01,77.1
173,Oregon,2015-04-01,81.5
174,Pennsylvania,2015-04-01,232.3
175,Rhode Island,2015-04-01,16.7
176,South Carolina,2015-04-01,87.9
177,South Dakota,2015-04-01,22.4
178,Maryland,2015-04-01,152.1
179,Nebraska,2015-04-01,48.7
180,Texas,2015-04-01,672.4
181,Utah,2015-04-01,83.0
182,Virginia,2015-04-01,183.1
183,Vermont,2015-04-01,15.0
184,Washington,2015-04-01,172.0
185,Wisconsin,2015-04-01,108.6
186,West Virginia,2015-04-01,33.1
187,Wyoming,2015-04-01,23.8
188,Alaska,2015-05-01,17.9
189,Alabama,2015-05-01,80.8
190,Arkansas,2015-05-01,48.2
191,Arizona,2015-05-01,125.9
192,California,2015-05-01,723.7
193,Colorado,2015-05-01,148.1
194,Connecticut,2015-05-01,58.1
195,Florida,2015-05-01,426.4
196,Georgia,2015-05-01,168.9
197,Iowa,2015-05-01,77.6
198,Idaho,2015-05-01,38.0
199,Illinois,2015-05-01,214.3
200,Indiana,2015-05-01,127.0
201,Kansas,2015-05-01,61.0
202,Kentucky,2015-05-01,75.1
203,Louisiana,2015-05-01,138.2
204,Massachusetts,2015-05-01,139.1
205,Maine,2015-05-01,26.6
206,Michigan,2015-05-01,148.2
207,Minnesota,2015-05-01,115.4
208,Missouri,2015-05-01,113.7
209,Mississippi,2015-05-01,46.1
210,Montana,2015-05-01,26.2
211,North Carolina,2015-05-01,188.7
212,North Dakota,2015-05-01,35.2
213,New Hampshire,2015-05-01,24.2
214,New Jersey,2015-05-01,148.5
215,New Mexico,2015-05-01,43.5
216,Nevada,2015-05-01,68.7
217,New York,2015-05-01,360.8
218,Ohio,2015-05-01,199.9
219,Oklahoma,2015-05-01,76.6
220,Oregon,2015-05-01,81.8
221,Pennsylvania,2015-05-01,234.9
222,Rhode Island,2015-05-01,16.9
223,South Carolina,2015-05-01,88.6
224,South Dakota,2015-05-01,22.3
225,Maryland,2015-05-01,153.3
226,Nebraska,2015-05-01,48.9
227,Texas,2015-05-01,678.4
228,Utah,2015-05-01,83.5
229,Virginia,2015-05-01,185.3
230,Vermont,2015-05-01,15.3
231,Washington,2015-05-01,173.0
232,Wisconsin,2015-05-01,109.9
233,West Virginia,2015-05-01,34.0
234,Wyoming,2015-05-01,23.3
235,Alaska,2015-06-01,17.7
236,Alabama,2015-06-01,81.7
237,Arkansas,2015-06-01,48.6
238,Arizona,2015-06-01,125.8
239,California,2015-06-01,727.9
240,Colorado,2015-06-01,147.9
241,Connecticut,2015-06-01,58.4
242,Florida,2015-06-01,429.5
243,Georgia,2015-06-01,169.9
244,Iowa,2015-06-01,77.2
245,Idaho,2015-06-01,37.9
246,Illinois,2015-06-01,214.0
247,Indiana,2015-06-01,126.3
248,Kansas,2015-06-01,60.4
249,Kentucky,2015-06-01,75.5
250,Louisiana,2015-06-01,138.3
251,Massachusetts,2015-06-01,139.6
252,Maine,2015-06-01,26.7
253,Michigan,2015-06-01,149.0
254,Minnesota,2015-06-01,116.0
255,Missouri,2015-06-01,113.4
256,Mississippi,2015-06-01,45.5
257,Montana,2015-06-01,26.1
258,North Carolina,2015-06-01,189.0
259,North Dakota,2015-06-01,34.4
260,New Hampshire,2015-06-01,24.2
261,New Jersey,2015-06-01,149.2
262,New Mexico,2015-06-01,43.6
263,Nevada,2015-06-01,69.4
264,New York,2015-06-01,363.5
265,Ohio,2015-06-01,199.1
266,Oklahoma,2015-06-01,77.3
267,Oregon,2015-06-01,82.4
268,Pennsylvania,2015-06-01,236.2
269,Rhode Island,2015-06-01,16.9
270,South Carolina,2015-06-01,89.3
271,South Dakota,2015-06-01,22.2
272,Maryland,2015-06-01,153.5
273,Nebraska,2015-06-01,48.8
274,Texas,2015-06-01,682.5
275,Utah,2015-06-01,84.3
276,Virginia,2015-06-01,185.1
277,Vermont,2015-06-01,15.2
278,Washington,2015-06-01,173.5
279,Wisconsin,2015-06-01,109.5
280,West Virginia,2015-06-01,33.0
281,Wyoming,2015-06-01,23.0
282,Alaska,2015-07-01,17.5
283,Alabama,2015-07-01,81.2
284,Arkansas,2015-07-01,49.5
285,Arizona,2015-07-01,126.3
286,California,2015-07-01,734.7
287,Colorado,2015-07-01,148.3
288,Connecticut,2015-07-01,57.9
289,Florida,2015-07-01,432.9
290,Georgia,2015-07-01,170.1
291,Iowa,2015-07-01,77.4
292,Idaho,2015-07-01,38.0
293,Illinois,2015-07-01,213.6
294,Indiana,2015-07-01,126.7
295,Kansas,2015-07-01,60.6
296,Kentucky,2015-07-01,75.8
297,Louisiana,2015-07-01,140.0
298,Massachusetts,2015-07-01,140.0
299,Maine,2015-07-01,26.9
300,Michigan,2015-07-01,148.2
301,Minnesota,2015-07-01,116.6
302,Missouri,2015-07-01,114.0
303,Mississippi,2015-07-01,45.9
304,Montana,2015-07-01,26.5
305,North Carolina,2015-07-01,189.9
306,North Dakota,2015-07-01,33.8
307,New Hampshire,2015-07-01,24.4
308,New Jersey,2015-07-01,149.6
309,New Mexico,2015-07-01,43.5
310,Nevada,2015-07-01,70.1
311,New York,2015-07-01,363.1
312,Ohio,2015-07-01,200.2
313,Oklahoma,2015-07-01,78.1
314,Oregon,2015-07-01,82.7
315,Pennsylvania,2015-07-01,235.6
316,Rhode Island,2015-07-01,17.1
317,South Carolina,2015-07-01,89.3
318,South Dakota,2015-07-01,22.4
319,Maryland,2015-07-01,154.5
320,Nebraska,2015-07-01,49.1
321,Texas,2015-07-01,685.5
322,Utah,2015-07-01,84.9
323,Virginia,2015-07-01,186.1
324,Vermont,2015-07-01,15.1
325,Washington,2015-07-01,173.5
326,Wisconsin,2015-07-01,109.8
327,West Virginia,2015-07-01,32.4
328,Wyoming,2015-07-01,23.2
329,Alaska,2015-08-01,17.4
330,Alabama,2015-08-01,82.0
331,Arkansas,2015-08-01,50.3
332,Arizona,2015-08-01,126.9
333,California,2015-08-01,740.8
334,Colorado,2015-08-01,148.8
335,Connecticut,2015-08-01,57.8
336,Florida,2015-08-01,436.4
337,Georgia,2015-08-01,170.6
338,Iowa,2015-08-01,77.3
339,Idaho,2015-08-01,38.1
340,Illinois,2015-08-01,215.0
341,Indiana,2015-08-01,127.8
342,Kansas,2015-08-01,61.0
343,Kentucky,2015-08-01,76.3
344,Louisiana,2015-08-01,141.6
345,Massachusetts,2015-08-01,140.9
346,Maine,2015-08-01,26.9
347,Michigan,2015-08-01,148.2
348,Minnesota,2015-08-01,116.6
349,Missouri,2015-08-01,114.8
350,Mississippi,2015-08-01,46.0
351,Montana,2015-08-01,26.5
352,North Carolina,2015-08-01,191.1
353,North Dakota,2015-08-01,33.6
354,New Hampshire,2015-08-01,24.6
355,New Jersey,2015-08-01,149.8
356,New Mexico,2015-08-01,43.4
357,Nevada,2015-08-01,71.1
358,New York,2015-08-01,364.6
359,Ohio,2015-08-01,201.3
360,Oklahoma,2015-08-01,77.5
361,Oregon,2015-08-01,83.4
362,Pennsylvania,2015-08-01,238.4
363,Rhode Island,2015-08-01,17.1
364,South Carolina,2015-08-01,89.7
365,South Dakota,2015-08-01,22.2
366,Maryland,2015-08-01,155.5
367,Nebraska,2015-08-01,49.2
368,Texas,2015-08-01,689.1
369,Utah,2015-08-01,85.7
370,Virginia,2015-08-01,186.7
371,Vermont,2015-08-01,15.2
372,Washington,2015-08-01,173.5
373,Wisconsin,2015-08-01,109.7
374,West Virginia,2015-08-01,32.2
375,Wyoming,2015-08-01,23.3
376,Alaska,2015-09-01,17.0
377,Alabama,2015-09-01,82.0
378,Arkansas,2015-09-01,50.8
379,Arizona,2015-09-01,127.3
380,California,2015-09-01,741.1
381,Colorado,2015-09-01,149.6
382,Connecticut,2015-09-01,58.0
383,Florida,2015-09-01,439.1
384,Georgia,2015-09-01,171.0
385,Iowa,2015-09-01,77.5
386,Idaho,2015-09-01,37.8
387,Illinois,2015-09-01,216.0
388,Indiana,2015-09-01,128.0
389,Kansas,2015-09-01,61.2
390,Kentucky,2015-09-01,76.3
391,Louisiana,2015-09-01,141.6
392,Massachusetts,2015-09-01,141.3
393,Maine,2015-09-01,26.8
394,Michigan,2015-09-01,148.7
395,Minnesota,2015-09-01,116.1
396,Missouri,2015-09-01,115.1
397,Mississippi,2015-09-01,46.0
398,Montana,2015-09-01,26.5
399,North Carolina,2015-09-01,191.8
400,North Dakota,2015-09-01,33.3
401,New Hampshire,2015-09-01,25.0
402,New Jersey,2015-09-01,149.3
403,New Mexico,2015-09-01,43.7
404,Nevada,2015-09-01,71.3
405,New York,2015-09-01,365.5
406,Ohio,2015-09-01,201.9
407,Oklahoma,2015-09-01,77.7
408,Oregon,2015-09-01,84.2
409,Pennsylvania,2015-09-01,239.2
410,Rhode Island,2015-09-01,17.2
411,South Carolina,2015-09-01,90.4
412,South Dakota,2015-09-01,22.0
413,Maryland,2015-09-01,156.1
414,Nebraska,2015-09-01,49.4
415,Texas,2015-09-01,688.5
416,Utah,2015-09-01,86.6
417,Virginia,2015-09-01,186.5
418,Vermont,2015-09-01,15.2
419,Washington,2015-09-01,173.7
420,Wisconsin,2015-09-01,109.8
421,West Virginia,2015-09-01,31.3
422,Wyoming,2015-09-01,23.3
423,Alaska,2015-10-01,17.2
424,Alabama,2015-10-01,82.2
425,Arkansas,2015-10-01,50.7
426,Arizona,2015-10-01,128.1
427,California,2015-10-01,753.2
428,Colorado,2015-10-01,150.4
429,Connecticut,2015-10-01,58.5
430,Florida,2015-10-01,446.3
431,Georgia,2015-10-01,171.8
432,Iowa,2015-10-01,78.3
433,Idaho,2015-10-01,38.5
434,Illinois,2015-10-01,216.4
435,Indiana,2015-10-01,128.6
436,Kansas,2015-10-01,61.6
437,Kentucky,2015-10-01,76.6
438,Louisiana,2015-10-01,142.7
439,Massachusetts,2015-10-01,142.6
440,Maine,2015-10-01,27.0
441,Michigan,2015-10-01,149.7
442,Minnesota,2015-10-01,116.3
443,Missouri,2015-10-01,116.4
444,Mississippi,2015-10-01,45.8
445,Montana,2015-10-01,26.6
446,North Carolina,2015-10-01,192.3
447,North Dakota,2015-10-01,33.2
448,New Hampshire,2015-10-01,25.1
449,New Jersey,2015-10-01,150.9
450,New Mexico,2015-10-01,43.5
451,Nevada,2015-10-01,73.1
452,New York,2015-10-01,368.5
453,Ohio,2015-10-01,203.6
454,Oklahoma,2015-10-01,77.9
455,Oregon,2015-10-01,85.5
456,Pennsylvania,2015-10-01,238.8
457,Rhode Island,2015-10-01,17.4
458,South Carolina,2015-10-01,91.3
459,South Dakota,2015-10-01,22.1
460,Maryland,2015-10-01,158.5
461,Nebraska,2015-10-01,49.6
462,Texas,2015-10-01,690.7
463,Utah,2015-10-01,87.5
464,Virginia,2015-10-01,187.2
465,Vermont,2015-10-01,15.2
466,Washington,2015-10-01,174.9
467,Wisconsin,2015-10-01,110.2
468,West Virginia,2015-10-01,30.9
469,Wyoming,2015-10-01,23.1
470,Alaska,2015-11-01,17.1
471,Alabama,2015-11-01,83.3
472,Arkansas,2015-11-01,50.8
473,Arizona,2015-11-01,129.1
474,California,2015-11-01,757.9
475,Colorado,2015-11-01,150.9
476,Connecticut,2015-11-01,58.7
477,Florida,2015-11-01,450.6
478,Georgia,2015-11-01,173.0
479,Iowa,2015-11-01,78.9
480,Idaho,2015-11-01,38.8
481,Illinois,2015-11-01,217.3
482,Indiana,2015-11-01,129.3
483,Kansas,2015-11-01,61.9
484,Kentucky,2015-11-01,76.7
485,Louisiana,2015-11-01,143.7
486,Massachusetts,2015-11-01,143.1
487,Maine,2015-11-01,27.1
488,Michigan,2015-11-01,150.2
489,Minnesota,2015-11-01,116.0
490,Missouri,2015-11-01,117.1
491,Mississippi,2015-11-01,45.5
492,Montana,2015-11-01,26.7
493,North Carolina,2015-11-01,192.9
494,North Dakota,2015-11-01,32.9
495,New Hampshire,2015-11-01,25.0
496,New Jersey,2015-11-01,151.2
497,New Mexico,2015-11-01,43.9
498,Nevada,2015-11-01,73.9
499,New York,2015-11-01,370.3
500,Ohio,2015-11-01,204.8
501,Oklahoma,2015-11-01,78.0
502,Oregon,2015-11-01,85.7
503,Pennsylvania,2015-11-01,239.8
504,Rhode Island,2015-11-01,17.6
505,South Carolina,2015-11-01,92.0
506,South Dakota,2015-11-01,22.1
507,Maryland,2015-11-01,158.4
508,Nebraska,2015-11-01,49.8
509,Texas,2015-11-01,691.7
510,Utah,2015-11-01,88.0
511,Virginia,2015-11-01,187.0
512,Vermont,2015-11-01,15.3
513,Washington,2015-11-01,175.6
514,Wisconsin,2015-11-01,110.7
515,West Virginia,2015-11-01,31.2
516,Wyoming,2015-11-01,22.9
517,Alaska,2015-12-01,17.1
518,Alabama,2015-12-01,83.9
519,Arkansas,2015-12-01,50.6
520,Arizona,2015-12-01,130.0
521,California,2015-12-01,762.7
522,Colorado,2015-12-01,151.5
523,Connecticut,2015-12-01,59.4
524,Florida,2015-12-01,453.9
525,Georgia,2015-12-01,174.7
526,Iowa,2015-12-01,79.9
527,Idaho,2015-12-01,39.3
528,Illinois,2015-12-01,218.9
529,Indiana,2015-12-01,130.4
530,Kansas,2015-12-01,62.1
531,Kentucky,2015-12-01,77.6
532,Louisiana,2015-12-01,142.3
533,Massachusetts,2015-12-01,145.0
534,Maine,2015-12-01,27.3
535,Michigan,2015-12-01,151.7
536,Minnesota,2015-12-01,116.4
537,Missouri,2015-12-01,118.2
538,Mississippi,2015-12-01,45.9
539,Montana,2015-12-01,26.9
540,North Carolina,2015-12-01,194.2
541,North Dakota,2015-12-01,33.0
542,New Hampshire,2015-12-01,25.3
543,New Jersey,2015-12-01,151.8
544,New Mexico,2015-12-01,43.9
545,Nevada,2015-12-01,75.3
546,New York,2015-12-01,373.3
547,Ohio,2015-12-01,206.9
548,Oklahoma,2015-12-01,77.3
549,Oregon,2015-12-01,86.2
550,Pennsylvania,2015-12-01,240.7
551,Rhode Island,2015-12-01,17.7
552,South Carolina,2015-12-01,92.9
553,South Dakota,2015-12-01,22.3
554,Maryland,2015-12-01,159.0
555,Nebraska,2015-12-01,50.0
556,Texas,2015-12-01,693.3
557,Utah,2015-12-01,89.4
558,Virginia,2015-12-01,188.3
559,Vermont,2015-12-01,15.3
560,Washington,2015-12-01,177.1
561,Wisconsin,2015-12-01,111.6
562,West Virginia,2015-12-01,31.4
563,Wyoming,2015-12-01,22.5
564,Alaska,2016-01-01,16.9
565,Alabama,2016-01-01,84.9
566,Arkansas,2016-01-01,50.4
567,Arizona,2016-01-01,130.2
568,California,2016-01-01,764.1
569,Colorado,2016-01-01,151.9
570,Connecticut,2016-01-01,59.6
571,Florida,2016-01-01,456.9
572,Georgia,2016-01-01,174.1
573,Iowa,2016-01-01,80.3
574,Idaho,2016-01-01,39.8
575,Illinois,2016-01-01,218.9
576,Indiana,2016-01-01,129.5
577,Kansas,2016-01-01,61.7
578,Kentucky,2016-01-01,77.0
579,Louisiana,2016-01-01,140.6
580,Massachusetts,2016-01-01,145.5
581,Maine,2016-01-01,27.3
582,Michigan,2016-01-01,152.5
583,Minnesota,2016-01-01,114.0
584,Missouri,2016-01-01,118.5
585,Mississippi,2016-01-01,45.7
586,Montana,2016-01-01,26.8
587,North Carolina,2016-01-01,196.3
588,North Dakota,2016-01-01,30.9
589,New Hampshire,2016-01-01,25.4
590,New Jersey,2016-01-01,152.6
591,New Mexico,2016-01-01,44.1
592,Nevada,2016-01-01,74.0
593,New York,2016-01-01,373.9
594,Ohio,2016-01-01,207.2
595,Oklahoma,2016-01-01,77.9
596,Oregon,2016-01-01,86.6
597,Pennsylvania,2016-01-01,239.7
598,Rhode Island,2016-01-01,17.8
599,South Carolina,2016-01-01,93.9
600,South Dakota,2016-01-01,22.0
601,Maryland,2016-01-01,159.8
602,Nebraska,2016-01-01,50.0
603,Texas,2016-01-01,698.1
604,Utah,2016-01-01,89.5
605,Virginia,2016-01-01,186.9
606,Vermont,2016-01-01,15.2
607,Washington,2016-01-01,178.9
608,Wisconsin,2016-01-01,111.5
609,West Virginia,2016-01-01,31.0
610,Wyoming,2016-01-01,22.1
611,Alaska,2016-02-01,16.8
612,Alabama,2016-02-01,83.9
613,Arkansas,2016-02-01,50.3
614,Arizona,2016-02-01,131.1
615,California,2016-02-01,770.2
616,Colorado,2016-02-01,152.5
617,Connecticut,2016-02-01,59.3
618,Florida,2016-02-01,460.3
619,Georgia,2016-02-01,175.0
620,Iowa,2016-02-01,80.4
621,Idaho,2016-02-01,40.3
622,Illinois,2016-02-01,219.8
623,Indiana,2016-02-01,129.5
624,Kansas,2016-02-01,61.4
625,Kentucky,2016-02-01,76.6
626,Louisiana,2016-02-01,139.6
627,Massachusetts,2016-02-01,144.4
628,Maine,2016-02-01,27.4
629,Michigan,2016-02-01,153.1
630,Minnesota,2016-02-01,114.5
631,Missouri,2016-02-01,119.1
632,Mississippi,2016-02-01,45.7
633,Montana,2016-02-01,27.0
634,North Carolina,2016-02-01,196.6
635,North Dakota,2016-02-01,30.8
636,New Hampshire,2016-02-01,25.3
637,New Jersey,2016-02-01,152.3
638,New Mexico,2016-02-01,44.4
639,Nevada,2016-02-01,74.0
640,New York,2016-02-01,371.3
641,Ohio,2016-02-01,207.8
642,Oklahoma,2016-02-01,78.0
643,Oregon,2016-02-01,88.7
644,Pennsylvania,2016-02-01,238.0
645,Rhode Island,2016-02-01,17.7
646,South Carolina,2016-02-01,94.6
647,South Dakota,2016-02-01,22.2
648,Maryland,2016-02-01,159.1
649,Nebraska,2016-02-01,50.1
650,Texas,2016-02-01,697.1
651,Utah,2016-02-01,90.3
652,Virginia,2016-02-01,185.9
653,Vermont,2016-02-01,15.1
654,Washington,2016-02-01,181.9
655,Wisconsin,2016-02-01,112.0
656,West Virginia,2016-02-01,30.9
657,Wyoming,2016-02-01,21.9
658,Alaska,2016-03-01,16.6
659,Alabama,2016-03-01,84.2
660,Arkansas,2016-03-01,50.1
661,Arizona,2016-03-01,132.3
662,California,2016-03-01,758.5
663,Colorado,2016-03-01,153.0
664,Connecticut,2016-03-01,60.0
665,Florida,2016-03-01,462.6
666,Georgia,2016-03-01,175.9
667,Iowa,2016-03-01,83.5
668,Idaho,2016-03-01,40.8
669,Illinois,2016-03-01,220.3
670,Indiana,2016-03-01,129.2
671,Kansas,2016-03-01,61.9
672,Kentucky,2016-03-01,76.5
673,Louisiana,2016-03-01,139.4
674,Massachusetts,2016-03-01,146.3
675,Maine,2016-03-01,27.5
676,Michigan,2016-03-01,154.0
677,Minnesota,2016-03-01,114.6
678,Missouri,2016-03-01,119.1
679,Mississippi,2016-03-01,45.8
680,Montana,2016-03-01,27.0
681,North Carolina,2016-03-01,197.3
682,North Dakota,2016-03-01,30.9
683,New Hampshire,2016-03-01,25.5
684,New Jersey,2016-03-01,153.8
685,New Mexico,2016-03-01,43.8
686,Nevada,2016-03-01,74.5
687,New York,2016-03-01,376.7
688,Ohio,2016-03-01,208.5
689,Oklahoma,2016-03-01,77.0
690,Oregon,2016-03-01,88.6
691,Pennsylvania,2016-03-01,239.4
692,Rhode Island,2016-03-01,18.0
693,South Carolina,2016-03-01,95.7
694,South Dakota,2016-03-01,22.4
695,Maryland,2016-03-01,160.7
696,Nebraska,2016-03-01,50.7
697,Texas,2016-03-01,694.1
698,Utah,2016-03-01,91.0
699,Virginia,2016-03-01,187.0
700,Vermont,2016-03-01,15.4
701,Washington,2016-03-01,182.2
702,Wisconsin,2016-03-01,112.4
703,West Virginia,2016-03-01,32.0
704,Wyoming,2016-03-01,22.0
705,Alaska,2016-04-01,16.6
706,Alabama,2016-04-01,84.6
707,Arkansas,2016-04-01,50.7
708,Arizona,2016-04-01,132.0
709,California,2016-04-01,773.5
710,Colorado,2016-04-01,153.0
711,Connecticut,2016-04-01,59.7
712,Florida,2016-04-01,467.7
713,Georgia,2016-04-01,177.0
714,Iowa,2016-04-01,82.0
715,Idaho,2016-04-01,41.1
716,Illinois,2016-04-01,219.6
717,Indiana,2016-04-01,130.7
718,Kansas,2016-04-01,61.1
719,Kentucky,2016-04-01,77.6
720,Louisiana,2016-04-01,138.6
721,Massachusetts,2016-04-01,146.7
722,Maine,2016-04-01,27.6
723,Michigan,2016-04-01,156.9
724,Minnesota,2016-04-01,120.3
725,Missouri,2016-04-01,120.0
726,Mississippi,2016-04-01,44.6
727,Montana,2016-04-01,27.0
728,North Carolina,2016-04-01,199.5
729,North Dakota,2016-04-01,31.9
730,New Hampshire,2016-04-01,25.4
731,New Jersey,2016-04-01,153.3
732,New Mexico,2016-04-01,43.5
733,Nevada,2016-04-01,74.6
734,New York,2016-04-01,376.8
735,Ohio,2016-04-01,207.7
736,Oklahoma,2016-04-01,77.8
737,Oregon,2016-04-01,89.3
738,Pennsylvania,2016-04-01,239.3
739,Rhode Island,2016-04-01,18.1
740,South Carolina,2016-04-01,96.0
741,South Dakota,2016-04-01,22.6
742,Maryland,2016-04-01,160.9
743,Nebraska,2016-04-01,50.6
744,Texas,2016-04-01,698.7
745,Utah,2016-04-01,91.8
746,Virginia,2016-04-01,187.7
747,Vermont,2016-04-01,15.4
748,Washington,2016-04-01,183.9
749,Wisconsin,2016-04-01,112.5
750,West Virginia,2016-04-01,31.5
751,Wyoming,2016-04-01,22.2
752,Alaska,2016-05-01,16.6
753,Alabama,2016-05-01,84.2
754,Arkansas,2016-05-01,50.2
755,Arizona,2016-05-01,132.6
756,California,2016-05-01,772.8
757,Colorado,2016-05-01,153.8
758,Connecticut,2016-05-01,59.2
759,Florida,2016-05-01,471.1
760,Georgia,2016-05-01,178.0
761,Iowa,2016-05-01,79.6
762,Idaho,2016-05-01,41.2
763,Illinois,2016-05-01,217.4
764,Indiana,2016-05-01,130.4
765,Kansas,2016-05-01,60.8
766,Kentucky,2016-05-01,76.9
767,Louisiana,2016-05-01,138.9
768,Massachusetts,2016-05-01,146.0
769,Maine,2016-05-01,27.5
770,Michigan,2016-05-01,155.1
771,Minnesota,2016-05-01,117.8
772,Missouri,2016-05-01,119.2
773,Mississippi,2016-05-01,43.8
774,Montana,2016-05-01,26.7
775,North Carolina,2016-05-01,199.0
776,North Dakota,2016-05-01,31.8
777,New Hampshire,2016-05-01,25.5
778,New Jersey,2016-05-01,152.9
779,New Mexico,2016-05-01,43.0
780,Nevada,2016-05-01,73.8
781,New York,2016-05-01,375.5
782,Ohio,2016-05-01,205.6
783,Oklahoma,2016-05-01,77.4
784,Oregon,2016-05-01,89.6
785,Pennsylvania,2016-05-01,238.0
786,Rhode Island,2016-05-01,18.1
787,South Carolina,2016-05-01,96.0
788,South Dakota,2016-05-01,22.4
789,Maryland,2016-05-01,160.7
790,Nebraska,2016-05-01,50.4
791,Texas,2016-05-01,698.9
792,Utah,2016-05-01,92.0
793,Virginia,2016-05-01,187.3
794,Vermont,2016-05-01,15.6
795,Washington,2016-05-01,184.6
796,Wisconsin,2016-05-01,111.7
797,West Virginia,2016-05-01,29.9
798,Wyoming,2016-05-01,21.7
799,Alaska,2016-06-01,16.2
800,Alabama,2016-06-01,83.9
801,Arkansas,2016-06-01,50.6
802,Arizona,2016-06-01,133.2
803,California,2016-06-01,771.5
804,Colorado,2016-06-01,154.4
805,Connecticut,2016-06-01,59.0
806,Florida,2016-06-01,472.9
807,Georgia,2016-06-01,178.9
808,Iowa,2016-06-01,79.5
809,Idaho,2016-06-01,41.3
810,Illinois,2016-06-01,218.1
811,Indiana,2016-06-01,130.8
812,Kansas,2016-06-01,61.0
813,Kentucky,2016-06-01,76.9
814,Louisiana,2016-06-01,140.5
815,Massachusetts,2016-06-01,145.7
816,Maine,2016-06-01,27.5
817,Michigan,2016-06-01,153.6
818,Minnesota,2016-06-01,116.4
819,Missouri,2016-06-01,119.9
820,Mississippi,2016-06-01,43.7
821,Montana,2016-06-01,26.9
822,North Carolina,2016-06-01,199.5
823,North Dakota,2016-06-01,32.4
824,New Hampshire,2016-06-01,25.4
825,New Jersey,2016-06-01,153.3
826,New Mexico,2016-06-01,42.9
827,Nevada,2016-06-01,74.8
828,New York,2016-06-01,375.1
829,Ohio,2016-06-01,205.7
830,Oklahoma,2016-06-01,77.3
831,Oregon,2016-06-01,89.7
832,Pennsylvania,2016-06-01,237.6
833,Rhode Island,2016-06-01,18.0
834,South Carolina,2016-06-01,97.0
835,South Dakota,2016-06-01,23.5
836,Maryland,2016-06-01,160.6
837,Nebraska,2016-06-01,50.8
838,Texas,2016-06-01,696.6
839,Utah,2016-06-01,91.3
840,Virginia,2016-06-01,187.5
841,Vermont,2016-06-01,15.5
842,Washington,2016-06-01,184.9
843,Wisconsin,2016-06-01,111.3
844,West Virginia,2016-06-01,28.8
845,Wyoming,2016-06-01,21.1
846,Alaska,2016-07-01,16.5
847,Alabama,2016-07-01,84.2
848,Arkansas,2016-07-01,50.6
849,Arizona,2016-07-01,135.2
850,California,2016-07-01,779.1
851,Colorado,2016-07-01,155.5
852,Connecticut,2016-07-01,59.1
853,Florida,2016-07-01,478.5
854,Georgia,2016-07-01,180.8
855,Iowa,2016-07-01,80.9
856,Idaho,2016-07-01,41.9
857,Illinois,2016-07-01,218.4
858,Indiana,2016-07-01,131.4
859,Kansas,2016-07-01,61.2
860,Kentucky,2016-07-01,76.9
861,Louisiana,2016-07-01,141.9
862,Massachusetts,2016-07-01,146.4
863,Maine,2016-07-01,27.5
864,Michigan,2016-07-01,153.9
865,Minnesota,2016-07-01,116.5
866,Missouri,2016-07-01,120.2
867,Mississippi,2016-07-01,44.2
868,Montana,2016-07-01,27.1
869,North Carolina,2016-07-01,200.5
870,North Dakota,2016-07-01,33.1
871,New Hampshire,2016-07-01,25.6
872,New Jersey,2016-07-01,154.2
873,New Mexico,2016-07-01,43.0
874,Nevada,2016-07-01,75.9
875,New York,2016-07-01,376.9
876,Ohio,2016-07-01,204.7
877,Oklahoma,2016-07-01,77.9
878,Oregon,2016-07-01,90.3
879,Pennsylvania,2016-07-01,239.3
880,Rhode Island,2016-07-01,18.1
881,South Carolina,2016-07-01,98.3
882,South Dakota,2016-07-01,24.2
883,Maryland,2016-07-01,161.1
884,Nebraska,2016-07-01,50.7
885,Texas,2016-07-01,703.1
886,Utah,2016-07-01,92.4
887,Virginia,2016-07-01,187.6
888,Vermont,2016-07-01,15.4
889,Washington,2016-07-01,187.5
890,Wisconsin,2016-07-01,112.2
891,West Virginia,2016-07-01,29.1
892,Wyoming,2016-07-01,21.1
893,Alaska,2016-08-01,16.1
894,Alabama,2016-08-01,83.3
895,Arkansas,2016-08-01,50.0
896,Arizona,2016-08-01,135.9
897,California,2016-08-01,780.3
898,Colorado,2016-08-01,156.1
899,Connecticut,2016-08-01,59.2
900,Florida,2016-08-01,480.8
901,Georgia,2016-08-01,181.7
902,Iowa,2016-08-01,81.2
903,Idaho,2016-08-01,42.1
904,Illinois,2016-08-01,218.7
905,Indiana,2016-08-01,132.3
906,Kansas,2016-08-01,61.2
907,Kentucky,2016-08-01,76.1
908,Louisiana,2016-08-01,139.7
909,Massachusetts,2016-08-01,146.2
910,Maine,2016-08-01,27.4
911,Michigan,2016-08-01,154.1
912,Minnesota,2016-08-01,115.6
913,Missouri,2016-08-01,120.8
914,Mississippi,2016-08-01,43.9
915,Montana,2016-08-01,27.2
916,North Carolina,2016-08-01,201.2
917,North Dakota,2016-08-01,33.1
918,New Hampshire,2016-08-01,25.6
919,New Jersey,2016-08-01,154.1
920,New Mexico,2016-08-01,42.9
921,Nevada,2016-08-01,76.3
922,New York,2016-08-01,378.5
923,Ohio,2016-08-01,203.8
924,Oklahoma,2016-08-01,77.6
925,Oregon,2016-08-01,91.1
926,Pennsylvania,2016-08-01,239.1
927,Rhode Island,2016-08-01,18.2
928,South Carolina,2016-08-01,99.2
929,South Dakota,2016-08-01,23.5
930,Maryland,2016-08-01,161.2
931,Nebraska,2016-08-01,50.9
932,Texas,2016-08-01,702.7
933,Utah,2016-08-01,92.6
934,Virginia,2016-08-01,187.2
935,Vermont,2016-08-01,15.3
936,Washington,2016-08-01,188.6
937,Wisconsin,2016-08-01,112.8
938,West Virginia,2016-08-01,29.1
939,Wyoming,2016-08-01,21.0
940,Alaska,2016-09-01,15.8
941,Alabama,2016-09-01,84.0
942,Arkansas,2016-09-01,50.3
943,Arizona,2016-09-01,136.2
944,California,2016-09-01,782.5
945,Colorado,2016-09-01,157.1
946,Connecticut,2016-09-01,58.8
947,Florida,2016-09-01,484.1
948,Georgia,2016-09-01,182.9
949,Iowa,2016-09-01,81.8
950,Idaho,2016-09-01,42.5
951,Illinois,2016-09-01,218.6
952,Indiana,2016-09-01,133.4
953,Kansas,2016-09-01,61.7
954,Kentucky,2016-09-01,76.4
955,Louisiana,2016-09-01,141.3
956,Massachusetts,2016-09-01,147.0
957,Maine,2016-09-01,27.3
958,Michigan,2016-09-01,155.8
959,Minnesota,2016-09-01,116.0
960,Missouri,2016-09-01,121.5
961,Mississippi,2016-09-01,43.9
962,Montana,2016-09-01,27.2
963,North Carolina,2016-09-01,202.5
964,North Dakota,2016-09-01,32.7
965,New Hampshire,2016-09-01,25.6
966,New Jersey,2016-09-01,153.6
967,New Mexico,2016-09-01,43.3
968,Nevada,2016-09-01,76.7
969,New York,2016-09-01,379.0
970,Ohio,2016-09-01,204.6
971,Oklahoma,2016-09-01,77.9
972,Oregon,2016-09-01,91.9
973,Pennsylvania,2016-09-01,239.4
974,Rhode Island,2016-09-01,18.3
975,South Carolina,2016-09-01,100.1
976,South Dakota,2016-09-01,23.2
977,Maryland,2016-09-01,161.9
978,Nebraska,2016-09-01,51.1
979,Texas,2016-09-01,705.6
980,Utah,2016-09-01,92.7
981,Virginia,2016-09-01,188.7
982,Vermont,2016-09-01,15.3
983,Washington,2016-09-01,189.5
984,Wisconsin,2016-09-01,113.2
985,West Virginia,2016-09-01,28.7
986,Wyoming,2016-09-01,20.5
987,Alaska,2016-10-01,15.7
988,Alabama,2016-10-01,83.6
989,Arkansas,2016-10-01,50.4
990,Arizona,2016-10-01,136.0
991,California,2016-10-01,785.3
992,Colorado,2016-10-01,157.8
993,Connecticut,2016-10-01,58.5
994,Florida,2016-10-01,487.7
995,Georgia,2016-10-01,183.0
996,Iowa,2016-10-01,81.6
997,Idaho,2016-10-01,42.3
998,Illinois,2016-10-01,219.4
999,Indiana,2016-10-01,134.6
1000,Kansas,2016-10-01,61.7
1001,Kentucky,2016-10-01,76.0
1002,Louisiana,2016-10-01,141.1
1003,Massachusetts,2016-10-01,147.3
1004,Maine,2016-10-01,27.3
1005,Michigan,2016-10-01,156.8
1006,Minnesota,2016-10-01,116.2
1007,Missouri,2016-10-01,122.1
1008,Mississippi,2016-10-01,43.8
1009,Montana,2016-10-01,27.2
1010,North Carolina,2016-10-01,203.1
1011,North Dakota,2016-10-01,31.8
1012,New Hampshire,2016-10-01,25.8
1013,New Jersey,2016-10-01,154.0
1014,New Mexico,2016-10-01,43.0
1015,Nevada,2016-10-01,77.1
1016,New York,2016-10-01,379.2
1017,Ohio,2016-10-01,205.2
1018,Oklahoma,2016-10-01,77.6
1019,Oregon,2016-10-01,92.5
1020,Pennsylvania,2016-10-01,240.0
1021,Rhode Island,2016-10-01,18.4
1022,South Carolina,2016-10-01,99.9
1023,South Dakota,2016-10-01,22.8
1024,Maryland,2016-10-01,162.1
1025,Nebraska,2016-10-01,51.0
1026,Texas,2016-10-01,705.2
1027,Utah,2016-10-01,92.9
1028,Virginia,2016-10-01,191.0
1029,Vermont,2016-10-01,15.2
1030,Washington,2016-10-01,190.1
1031,Wisconsin,2016-10-01,113.8
1032,West Virginia,2016-10-01,28.9
1033,Wyoming,2016-10-01,20.4
1034,Alaska,2016-11-01,15.7
1035,Alabama,2016-11-01,83.4
1036,Arkansas,2016-11-01,50.1
1037,Arizona,2016-11-01,136.0
1038,California,2016-11-01,786.2
1039,Colorado,2016-11-01,158.8
1040,Connecticut,2016-11-01,58.6
1041,Florida,2016-11-01,490.8
1042,Georgia,2016-11-01,185.0
1043,Iowa,2016-11-01,80.7
1044,Idaho,2016-11-01,42.9
1045,Illinois,2016-11-01,220.4
1046,Indiana,2016-11-01,135.2
1047,Kansas,2016-11-01,61.9
1048,Kentucky,2016-11-01,76.6
1049,Louisiana,2016-11-01,142.1
1050,Massachusetts,2016-11-01,147.8
1051,Maine,2016-11-01,27.5
1052,Michigan,2016-11-01,159.2
1053,Minnesota,2016-11-01,117.2
1054,Missouri,2016-11-01,122.9
1055,Mississippi,2016-11-01,44.3
1056,Montana,2016-11-01,27.5
1057,North Carolina,2016-11-01,204.3
1058,North Dakota,2016-11-01,31.1
1059,New Hampshire,2016-11-01,25.9
1060,New Jersey,2016-11-01,154.4
1061,New Mexico,2016-11-01,43.0
1062,Nevada,2016-11-01,78.0
1063,New York,2016-11-01,380.2
1064,Ohio,2016-11-01,207.6
1065,Oklahoma,2016-11-01,77.0
1066,Oregon,2016-11-01,93.3
1067,Pennsylvania,2016-11-01,240.7
1068,Rhode Island,2016-11-01,18.2
1069,South Carolina,2016-11-01,100.6
1070,South Dakota,2016-11-01,22.8
1071,Maryland,2016-11-01,161.9
1072,Nebraska,2016-11-01,50.8
1073,Texas,2016-11-01,703.4
1074,Utah,2016-11-01,93.5
1075,Virginia,2016-11-01,190.9
1076,Vermont,2016-11-01,15.2
1077,Washington,2016-11-01,192.3
1078,Wisconsin,2016-11-01,114.4
1079,West Virginia,2016-11-01,29.5
1080,Wyoming,2016-11-01,20.4
1081,Alaska,2016-12-01,15.6
1082,Alabama,2016-12-01,84.3
1083,Arkansas,2016-12-01,49.8
1084,Arizona,2016-12-01,136.6
1085,California,2016-12-01,787.9
1086,Colorado,2016-12-01,158.7
1087,Connecticut,2016-12-01,58.5
1088,Florida,2016-12-01,493.4
1089,Georgia,2016-12-01,185.4
1090,Iowa,2016-12-01,79.6
1091,Idaho,2016-12-01,42.9
1092,Illinois,2016-12-01,218.8
1093,Indiana,2016-12-01,135.7
1094,Kansas,2016-12-01,61.9
1095,Kentucky,2016-12-01,76.9
1096,Louisiana,2016-12-01,143.3
1097,Massachusetts,2016-12-01,149.1
1098,Maine,2016-12-01,27.7
1099,Michigan,2016-12-01,156.3
1100,Minnesota,2016-12-01,115.5
1101,Missouri,2016-12-01,123.4
1102,Mississippi,2016-12-01,44.2
1103,Montana,2016-12-01,27.4
1104,North Carolina,2016-12-01,204.9
1105,North Dakota,2016-12-01,29.3
1106,New Hampshire,2016-12-01,25.9
1107,New Jersey,2016-12-01,154.4
1108,New Mexico,2016-12-01,43.6
1109,Nevada,2016-12-01,79.1
1110,New York,2016-12-01,380.3
1111,Ohio,2016-12-01,206.8
1112,Oklahoma,2016-12-01,77.1
1113,Oregon,2016-12-01,93.3
1114,Pennsylvania,2016-12-01,239.9
1115,Rhode Island,2016-12-01,18.2
1116,South Carolina,2016-12-01,101.1
1117,South Dakota,2016-12-01,22.5
1118,Maryland,2016-12-01,162.3
1119,Nebraska,2016-12-01,50.1
1120,Texas,2016-12-01,701.7
1121,Utah,2016-12-01,93.6
1122,Virginia,2016-12-01,191.1
1123,Vermont,2016-12-01,15.1
1124,Washington,2016-12-01,193.2
1125,Wisconsin,2016-12-01,114.1
1126,West Virginia,2016-12-01,30.2
1127,Wyoming,2016-12-01,20.1
1128,Alaska,2017-01-01,15.4
1129,Alabama,2017-01-01,85.6
1130,Arkansas,2017-01-01,50.9
1131,Arizona,2017-01-01,138.4
1132,California,2017-01-01,774.6
1133,Colorado,2017-01-01,158.9
1134,Connecticut,2017-01-01,58.5
1135,Florida,2017-01-01,495.9
1136,Georgia,2017-01-01,185.8
1137,Iowa,2017-01-01,77.6
1138,Idaho,2017-01-01,42.9
1139,Illinois,2017-01-01,217.9
1140,Indiana,2017-01-01,136.3
1141,Kansas,2017-01-01,61.7
1142,Kentucky,2017-01-01,76.9
1143,Louisiana,2017-01-01,145.6
1144,Massachusetts,2017-01-01,148.9
1145,Maine,2017-01-01,27.9
1146,Michigan,2017-01-01,159.2
1147,Minnesota,2017-01-01,117.9
1148,Missouri,2017-01-01,123.0
1149,Mississippi,2017-01-01,44.0
1150,Montana,2017-01-01,27.2
1151,North Carolina,2017-01-01,204.0
1152,North Dakota,2017-01-01,28.8
1153,New Hampshire,2017-01-01,26.2
1154,New Jersey,2017-01-01,153.8
1155,New Mexico,2017-01-01,43.9
1156,Nevada,2017-01-01,79.7
1157,New York,2017-01-01,384.9
1158,Ohio,2017-01-01,209.1
1159,Oklahoma,2017-01-01,78.0
1160,Oregon,2017-01-01,92.1
1161,Pennsylvania,2017-01-01,242.2
1162,Rhode Island,2017-01-01,18.3
1163,South Carolina,2017-01-01,101.2
1164,South Dakota,2017-01-01,22.3
1165,Maryland,2017-01-01,162.0
1166,Nebraska,2017-01-01,50.7
1167,Texas,2017-01-01,704.8
1168,Utah,2017-01-01,94.0
1169,Virginia,2017-01-01,191.1
1170,Vermont,2017-01-01,15.3
1171,Washington,2017-01-01,193.5
1172,Wisconsin,2017-01-01,114.7
1173,West Virginia,2017-01-01,31.1
1174,Wyoming,2017-01-01,19.7
1175,Alaska,2017-02-01,15.6
1176,Alabama,2017-02-01,85.2
1177,Arkansas,2017-02-01,51.0
1178,Arizona,2017-02-01,139.4
1179,California,2017-02-01,784.4
1180,Colorado,2017-02-01,160.2
1181,Connecticut,2017-02-01,58.3
1182,Florida,2017-02-01,497.7
1183,Georgia,2017-02-01,185.8
1184,Iowa,2017-02-01,78.5
1185,Idaho,2017-02-01,43.1
1186,Illinois,2017-02-01,221.9
1187,Indiana,2017-02-01,136.8
1188,Kansas,2017-02-01,62.3
1189,Kentucky,2017-02-01,77.4
1190,Louisiana,2017-02-01,146.9
1191,Massachusetts,2017-02-01,148.3
1192,Maine,2017-02-01,27.9
1193,Michigan,2017-02-01,159.8
1194,Minnesota,2017-02-01,119.2
1195,Missouri,2017-02-01,125.1
1196,Mississippi,2017-02-01,43.7
1197,Montana,2017-02-01,27.9
1198,North Carolina,2017-02-01,206.5
1199,North Dakota,2017-02-01,28.9
1200,New Hampshire,2017-02-01,26.3
1201,New Jersey,2017-02-01,155.4
1202,New Mexico,2017-02-01,44.3
1203,Nevada,2017-02-01,81.3
1204,New York,2017-02-01,383.3
1205,Ohio,2017-02-01,212.6
1206,Oklahoma,2017-02-01,77.2
1207,Oregon,2017-02-01,94.1
1208,Pennsylvania,2017-02-01,244.4
1209,Rhode Island,2017-02-01,18.5
1210,South Carolina,2017-02-01,101.5
1211,South Dakota,2017-02-01,22.4
1212,Maryland,2017-02-01,162.9
1213,Nebraska,2017-02-01,51.5
1214,Texas,2017-02-01,704.8
1215,Utah,2017-02-01,94.8
1216,Virginia,2017-02-01,191.6
1217,Vermont,2017-02-01,15.1
1218,Washington,2017-02-01,195.0
1219,Wisconsin,2017-02-01,116.0
1220,West Virginia,2017-02-01,31.3
1221,Wyoming,2017-02-01,19.8
1222,Alaska,2017-03-01,15.2
1223,Alabama,2017-03-01,85.0
1224,Arkansas,2017-03-01,51.6
1225,Arizona,2017-03-01,140.4
1226,California,2017-03-01,794.7
1227,Colorado,2017-03-01,161.8
1228,Connecticut,2017-03-01,58.1
1229,Florida,2017-03-01,500.4
1230,Georgia,2017-03-01,186.0
1231,Iowa,2017-03-01,78.6
1232,Idaho,2017-03-01,44.0
1233,Illinois,2017-03-01,220.3
1234,Indiana,2017-03-01,137.3
1235,Kansas,2017-03-01,61.8
1236,Kentucky,2017-03-01,77.9
1237,Louisiana,2017-03-01,146.1
1238,Massachusetts,2017-03-01,148.9
1239,Maine,2017-03-01,28.0
1240,Michigan,2017-03-01,160.6
1241,Minnesota,2017-03-01,120.5
1242,Missouri,2017-03-01,123.2
1243,Mississippi,2017-03-01,43.6
1244,Montana,2017-03-01,28.0
1245,North Carolina,2017-03-01,206.3
1246,North Dakota,2017-03-01,28.7
1247,New Hampshire,2017-03-01,26.6
1248,New Jersey,2017-03-01,154.8
1249,New Mexico,2017-03-01,44.7
1250,Nevada,2017-03-01,83.1
1251,New York,2017-03-01,382.8
1252,Ohio,2017-03-01,213.4
1253,Oklahoma,2017-03-01,76.8
1254,Oregon,2017-03-01,95.2
1255,Pennsylvania,2017-03-01,242.2
1256,Rhode Island,2017-03-01,18.1
1257,South Carolina,2017-03-01,101.5
1258,South Dakota,2017-03-01,22.2
1259,Maryland,2017-03-01,162.0
1260,Nebraska,2017-03-01,51.6
1261,Texas,2017-03-01,709.4
1262,Utah,2017-03-01,95.9
1263,Virginia,2017-03-01,191.9
1264,Vermont,2017-03-01,15.1
1265,Washington,2017-03-01,196.6
1266,Wisconsin,2017-03-01,116.1
1267,West Virginia,2017-03-01,31.2
1268,Wyoming,2017-03-01,19.6
1269,Alaska,2017-04-01,15.2
1270,Alabama,2017-04-01,83.7
1271,Arkansas,2017-04-01,51.4
1272,Arizona,2017-04-01,141.2
1273,California,2017-04-01,801.4
1274,Colorado,2017-04-01,162.0
1275,Connecticut,2017-04-01,58.2
1276,Florida,2017-04-01,501.5
1277,Georgia,2017-04-01,185.5
1278,Iowa,2017-04-01,76.8
1279,Idaho,2017-04-01,44.5
1280,Illinois,2017-04-01,219.9
1281,Indiana,2017-04-01,138.0
1282,Kansas,2017-04-01,59.5
1283,Kentucky,2017-04-01,76.9
1284,Louisiana,2017-04-01,147.1
1285,Massachusetts,2017-04-01,149.6
1286,Maine,2017-04-01,27.9
1287,Michigan,2017-04-01,161.1
1288,Minnesota,2017-04-01,119.1
1289,Missouri,2017-04-01,122.1
1290,Mississippi,2017-04-01,43.2
1291,Montana,2017-04-01,28.1
1292,North Carolina,2017-04-01,207.2
1293,North Dakota,2017-04-01,29.0
1294,New Hampshire,2017-04-01,26.4
1295,New Jersey,2017-04-01,155.3
1296,New Mexico,2017-04-01,45.2
1297,Nevada,2017-04-01,82.9
1298,New York,2017-04-01,385.2
1299,Ohio,2017-04-01,217.0
1300,Oklahoma,2017-04-01,76.6
1301,Oregon,2017-04-01,96.4
1302,Pennsylvania,2017-04-01,245.8
1303,Rhode Island,2017-04-01,18.3
1304,South Carolina,2017-04-01,101.9
1305,South Dakota,2017-04-01,23.0
1306,Maryland,2017-04-01,162.2
1307,Nebraska,2017-04-01,51.1
1308,Texas,2017-04-01,707.1
1309,Utah,2017-04-01,95.9
1310,Virginia,2017-04-01,192.5
1311,Vermont,2017-04-01,15.2
1312,Washington,2017-04-01,197.4
1313,Wisconsin,2017-04-01,116.3
1314,West Virginia,2017-04-01,30.9
1315,Wyoming,2017-04-01,19.9
1316,Alaska,2017-05-01,14.9
1317,Alabama,2017-05-01,84.7
1318,Arkansas,2017-05-01,51.4
1319,Arizona,2017-05-01,142.8
1320,California,2017-05-01,808.1
1321,Colorado,2017-05-01,162.0
1322,Connecticut,2017-05-01,58.4
1323,Florida,2017-05-01,504.4
1324,Georgia,2017-05-01,186.1
1325,Iowa,2017-05-01,76.1
1326,Idaho,2017-05-01,44.5
1327,Illinois,2017-05-01,220.0
1328,Indiana,2017-05-01,138.6
1329,Kansas,2017-05-01,59.3
1330,Kentucky,2017-05-01,76.6
1331,Louisiana,2017-05-01,148.2
1332,Massachusetts,2017-05-01,150.5
1333,Maine,2017-05-01,27.6
1334,Michigan,2017-05-01,162.0
1335,Minnesota,2017-05-01,120.3
1336,Missouri,2017-05-01,122.1
1337,Mississippi,2017-05-01,42.7
1338,Montana,2017-05-01,28.4
1339,North Carolina,2017-05-01,207.3
1340,North Dakota,2017-05-01,28.2
1341,New Hampshire,2017-05-01,26.4
1342,New Jersey,2017-05-01,155.7
1343,New Mexico,2017-05-01,45.7
1344,Nevada,2017-05-01,83.2
1345,New York,2017-05-01,385.3
1346,Ohio,2017-05-01,219.8
1347,Oklahoma,2017-05-01,76.8
1348,Oregon,2017-05-01,97.1
1349,Pennsylvania,2017-05-01,249.2
1350,Rhode Island,2017-05-01,18.2
1351,South Carolina,2017-05-01,102.6
1352,South Dakota,2017-05-01,22.2
1353,Maryland,2017-05-01,162.1
1354,Nebraska,2017-05-01,50.8
1355,Texas,2017-05-01,711.4
1356,Utah,2017-05-01,96.6
1357,Virginia,2017-05-01,192.8
1358,Vermont,2017-05-01,15.2
1359,Washington,2017-05-01,198.4
1360,Wisconsin,2017-05-01,116.8
1361,West Virginia,2017-05-01,30.5
1362,Wyoming,2017-05-01,19.8
1363,Alaska,2017-06-01,15.0
1364,Alabama,2017-06-01,84.4
1365,Arkansas,2017-06-01,51.4
1366,Arizona,2017-06-01,144.8
1367,California,2017-06-01,813.1
1368,Colorado,2017-06-01,162.8
1369,Connecticut,2017-06-01,58.6
1370,Florida,2017-06-01,507.1
1371,Georgia,2017-06-01,186.9
1372,Iowa,2017-06-01,75.6
1373,Idaho,2017-06-01,44.8
1374,Illinois,2017-06-01,219.5
1375,Indiana,2017-06-01,138.2
1376,Kansas,2017-06-01,59.5
1377,Kentucky,2017-06-01,77.0
1378,Louisiana,2017-06-01,147.6
1379,Massachusetts,2017-06-01,151.5
1380,Maine,2017-06-01,28.2
1381,Michigan,2017-06-01,162.6
1382,Minnesota,2017-06-01,120.2
1383,Missouri,2017-06-01,122.9
1384,Mississippi,2017-06-01,43.2
1385,Montana,2017-06-01,28.0
1386,North Carolina,2017-06-01,208.3
1387,North Dakota,2017-06-01,27.2
1388,New Hampshire,2017-06-01,26.4
1389,New Jersey,2017-06-01,156.1
1390,New Mexico,2017-06-01,46.2
1391,Nevada,2017-06-01,83.8
1392,New York,2017-06-01,386.5
1393,Ohio,2017-06-01,220.6
1394,Oklahoma,2017-06-01,77.6
1395,Oregon,2017-06-01,98.1
1396,Pennsylvania,2017-06-01,250.6
1397,Rhode Island,2017-06-01,18.4
1398,South Carolina,2017-06-01,103.1
1399,South Dakota,2017-06-01,22.2
1400,Maryland,2017-06-01,162.8
1401,Nebraska,2017-06-01,50.8
1402,Texas,2017-06-01,713.1
1403,Utah,2017-06-01,97.7
1404,Virginia,2017-06-01,193.6
1405,Vermont,2017-06-01,15.3
1406,Washington,2017-06-01,200.3
1407,Wisconsin,2017-06-01,117.2
1408,West Virginia,2017-06-01,30.5
1409,Wyoming,2017-06-01,19.8
1410,Alaska,2017-07-01,15.1
1411,Alabama,2017-07-01,84.8
1412,Arkansas,2017-07-01,51.0
1413,Arizona,2017-07-01,145.3
1414,California,2017-07-01,815.3
1415,Colorado,2017-07-01,163.4
1416,Connecticut,2017-07-01,58.5
1417,Florida,2017-07-01,508.7
1418,Georgia,2017-07-01,185.7
1419,Iowa,2017-07-01,74.7
1420,Idaho,2017-07-01,45.1
1421,Illinois,2017-07-01,219.9
1422,Indiana,2017-07-01,138.9
1423,Kansas,2017-07-01,59.7
1424,Kentucky,2017-07-01,77.1
1425,Louisiana,2017-07-01,148.2
1426,Massachusetts,2017-07-01,153.1
1427,Maine,2017-07-01,28.2
1428,Michigan,2017-07-01,163.0
1429,Minnesota,2017-07-01,119.8
1430,Missouri,2017-07-01,122.5
1431,Mississippi,2017-07-01,43.2
1432,Montana,2017-07-01,27.5
1433,North Carolina,2017-07-01,208.9
1434,North Dakota,2017-07-01,26.6
1435,New Hampshire,2017-07-01,26.5
1436,New Jersey,2017-07-01,156.1
1437,New Mexico,2017-07-01,45.7
1438,Nevada,2017-07-01,83.3
1439,New York,2017-07-01,387.7
1440,Ohio,2017-07-01,219.8
1441,Oklahoma,2017-07-01,77.7
1442,Oregon,2017-07-01,98.8
1443,Pennsylvania,2017-07-01,251.5
1444,Rhode Island,2017-07-01,18.4
1445,South Carolina,2017-07-01,103.2
1446,South Dakota,2017-07-01,22.1
1447,Maryland,2017-07-01,162.3
1448,Nebraska,2017-07-01,50.6
1449,Texas,2017-07-01,710.4
1450,Utah,2017-07-01,98.5
1451,Virginia,2017-07-01,193.3
1452,Vermont,2017-07-01,15.2
1453,Washington,2017-07-01,200.2
1454,Wisconsin,2017-07-01,118.1
1455,West Virginia,2017-07-01,30.7
1456,Wyoming,2017-07-01,19.5
1457,Alaska,2017-08-01,15.2
1458,Alabama,2017-08-01,85.2
1459,Arkansas,2017-08-01,51.0
1460,Arizona,2017-08-01,146.3
1461,California,2017-08-01,818.3
1462,Colorado,2017-08-01,164.8
1463,Connecticut,2017-08-01,58.4
1464,Florida,2017-08-01,511.9
1465,Georgia,2017-08-01,186.7
1466,Iowa,2017-08-01,74.4
1467,Idaho,2017-08-01,45.4
1468,Illinois,2017-08-01,220.6
1469,Indiana,2017-08-01,138.7
1470,Kansas,2017-08-01,59.8
1471,Kentucky,2017-08-01,77.5
1472,Louisiana,2017-08-01,148.5
1473,Massachusetts,2017-08-01,153.8
1474,Maine,2017-08-01,28.5
1475,Michigan,2017-08-01,163.5
1476,Minnesota,2017-08-01,119.5
1477,Missouri,2017-08-01,122.8
1478,Mississippi,2017-08-01,43.5
1479,Montana,2017-08-01,27.6
1480,North Carolina,2017-08-01,209.6
1481,North Dakota,2017-08-01,26.2
1482,New Hampshire,2017-08-01,26.7
1483,New Jersey,2017-08-01,156.7
1484,New Mexico,2017-08-01,46.0
1485,Nevada,2017-08-01,83.2
1486,New York,2017-08-01,389.2
1487,Ohio,2017-08-01,220.3
1488,Oklahoma,2017-08-01,77.9
1489,Oregon,2017-08-01,99.3
1490,Pennsylvania,2017-08-01,251.7
1491,Rhode Island,2017-08-01,18.4
1492,South Carolina,2017-08-01,99.9
1493,South Dakota,2017-08-01,22.2
1494,Maryland,2017-08-01,162.7
1495,Nebraska,2017-08-01,50.8
1496,Texas,2017-08-01,710.8
1497,Utah,2017-08-01,99.2
1498,Virginia,2017-08-01,194.5
1499,Vermont,2017-08-01,15.2
1500,Washington,2017-08-01,201.2
1501,Wisconsin,2017-08-01,118.0
1502,West Virginia,2017-08-01,30.7
1503,Wyoming,2017-08-01,19.4
1504,Alaska,2017-09-01,15.3
1505,Alabama,2017-09-01,85.6
1506,Arkansas,2017-09-01,51.3
1507,Arizona,2017-09-01,147.6
1508,California,2017-09-01,823.8
1509,Colorado,2017-09-01,165.4
1510,Connecticut,2017-09-01,58.5
1511,Florida,2017-09-01,484.8
1512,Georgia,2017-09-01,186.9
1513,Iowa,2017-09-01,74.7
1514,Idaho,2017-09-01,45.6
1515,Illinois,2017-09-01,220.7
1516,Indiana,2017-09-01,139.8
1517,Kansas,2017-09-01,59.6
1518,Kentucky,2017-09-01,78.0
1519,Louisiana,2017-09-01,146.9
1520,Massachusetts,2017-09-01,154.3
1521,Maine,2017-09-01,28.7
1522,Michigan,2017-09-01,163.5
1523,Minnesota,2017-09-01,119.7
1524,Missouri,2017-09-01,123.0
1525,Mississippi,2017-09-01,43.8
1526,Montana,2017-09-01,27.6
1527,North Carolina,2017-09-01,210.5
1528,North Dakota,2017-09-01,26.3
1529,New Hampshire,2017-09-01,26.8
1530,New Jersey,2017-09-01,157.1
1531,New Mexico,2017-09-01,46.5
1532,Nevada,2017-09-01,83.9
1533,New York,2017-09-01,390.7
1534,Ohio,2017-09-01,220.0
1535,Oklahoma,2017-09-01,78.2
1536,Oregon,2017-09-01,100.0
1537,Pennsylvania,2017-09-01,252.2
1538,Rhode Island,2017-09-01,18.4
1539,South Carolina,2017-09-01,99.7
1540,South Dakota,2017-09-01,22.3
1541,Maryland,2017-09-01,162.7
1542,Nebraska,2017-09-01,50.9
1543,Texas,2017-09-01,711.5
1544,Utah,2017-09-01,99.8
1545,Virginia,2017-09-01,195.0
1546,Vermont,2017-09-01,15.2
1547,Washington,2017-09-01,202.4
1548,Wisconsin,2017-09-01,118.3
1549,West Virginia,2017-09-01,31.4
1550,Wyoming,2017-09-01,19.6
1551,Alaska,2017-10-01,15.2
1552,Alabama,2017-10-01,86.9
1553,Arkansas,2017-10-01,50.6
1554,Arizona,2017-10-01,149.1
1555,California,2017-10-01,826.5
1556,Colorado,2017-10-01,166.7
1557,Connecticut,2017-10-01,58.5
1558,Florida,2017-10-01,515.7
1559,Georgia,2017-10-01,188.0
1560,Iowa,2017-10-01,74.8
1561,Idaho,2017-10-01,46.2
1562,Illinois,2017-10-01,221.5
1563,Indiana,2017-10-01,138.5
1564,Kansas,2017-10-01,59.6
1565,Kentucky,2017-10-01,78.5
1566,Louisiana,2017-10-01,146.2
1567,Massachusetts,2017-10-01,155.1
1568,Maine,2017-10-01,28.9
1569,Michigan,2017-10-01,163.2
1570,Minnesota,2017-10-01,120.6
1571,Missouri,2017-10-01,123.1
1572,Mississippi,2017-10-01,44.0
1573,Montana,2017-10-01,27.5
1574,North Carolina,2017-10-01,211.3
1575,North Dakota,2017-10-01,26.1
1576,New Hampshire,2017-10-01,26.7
1577,New Jersey,2017-10-01,156.7
1578,New Mexico,2017-10-01,45.8
1579,Nevada,2017-10-01,84.4
1580,New York,2017-10-01,391.9
1581,Ohio,2017-10-01,218.4
1582,Oklahoma,2017-10-01,78.0
1583,Oregon,2017-10-01,100.7
1584,Pennsylvania,2017-10-01,252.7
1585,Rhode Island,2017-10-01,18.4
1586,South Carolina,2017-10-01,100.3
1587,South Dakota,2017-10-01,22.4
1588,Maryland,2017-10-01,162.2
1589,Nebraska,2017-10-01,51.3
1590,Texas,2017-10-01,717.4
1591,Utah,2017-10-01,100.7
1592,Virginia,2017-10-01,195.2
1593,Vermont,2017-10-01,15.2
1594,Washington,2017-10-01,203.2
1595,Wisconsin,2017-10-01,118.5
1596,West Virginia,2017-10-01,32.2
1597,Wyoming,2017-10-01,19.3
1598,Alaska,2017-11-01,15.2
1599,Alabama,2017-11-01,86.2
1600,Arkansas,2017-11-01,51.4
1601,Arizona,2017-11-01,149.7
1602,California,2017-11-01,831.4
1603,Colorado,2017-11-01,167.5
1604,Connecticut,2017-11-01,58.1
1605,Florida,2017-11-01,517.9
1606,Georgia,2017-11-01,188.5
1607,Iowa,2017-11-01,75.3
1608,Idaho,2017-11-01,46.5
1609,Illinois,2017-11-01,222.3
1610,Indiana,2017-11-01,139.0
1611,Kansas,2017-11-01,59.8
1612,Kentucky,2017-11-01,77.9
1613,Louisiana,2017-11-01,146.0
1614,Massachusetts,2017-11-01,155.5
1615,Maine,2017-11-01,29.0
1616,Michigan,2017-11-01,164.2
1617,Minnesota,2017-11-01,119.7
1618,Missouri,2017-11-01,123.4
1619,Mississippi,2017-11-01,44.0
1620,Montana,2017-11-01,27.5
1621,North Carolina,2017-11-01,212.1
1622,North Dakota,2017-11-01,26.4
1623,New Hampshire,2017-11-01,26.8
1624,New Jersey,2017-11-01,157.2
1625,New Mexico,2017-11-01,46.1
1626,Nevada,2017-11-01,84.4
1627,New York,2017-11-01,395.0
1628,Ohio,2017-11-01,218.4
1629,Oklahoma,2017-11-01,78.0
1630,Oregon,2017-11-01,100.9
1631,Pennsylvania,2017-11-01,254.5
1632,Rhode Island,2017-11-01,18.5
1633,South Carolina,2017-11-01,100.4
1634,South Dakota,2017-11-01,22.5
1635,Maryland,2017-11-01,162.5
1636,Nebraska,2017-11-01,51.3
1637,Texas,2017-11-01,722.0
1638,Utah,2017-11-01,100.8
1639,Virginia,2017-11-01,194.9
1640,Vermont,2017-11-01,15.2
1641,Washington,2017-11-01,203.7
1642,Wisconsin,2017-11-01,119.2
1643,West Virginia,2017-11-01,32.6
1644,Wyoming,2017-11-01,19.1
1645,Alaska,2017-12-01,15.1
1646,Alabama,2017-12-01,86.1
1647,Arkansas,2017-12-01,50.9
1648,Arizona,2017-12-01,150.8
1649,California,2017-12-01,838.8
1650,Colorado,2017-12-01,168.6
1651,Connecticut,2017-12-01,57.4
1652,Florida,2017-12-01,521.1
1653,Georgia,2017-12-01,190.3
1654,Iowa,2017-12-01,75.9
1655,Idaho,2017-12-01,46.8
1656,Illinois,2017-12-01,222.5
1657,Indiana,2017-12-01,138.9
1658,Kansas,2017-12-01,60.7
1659,Kentucky,2017-12-01,77.7
1660,Louisiana,2017-12-01,147.3
1661,Massachusetts,2017-12-01,154.9
1662,Maine,2017-12-01,29.2
1663,Michigan,2017-12-01,163.6
1664,Minnesota,2017-12-01,120.9
1665,Missouri,2017-12-01,123.5
1666,Mississippi,2017-12-01,43.4
1667,Montana,2017-12-01,28.1
1668,North Carolina,2017-12-01,213.5
1669,North Dakota,2017-12-01,26.4
1670,New Hampshire,2017-12-01,26.9
1671,New Jersey,2017-12-01,157.9
1672,New Mexico,2017-12-01,46.5
1673,Nevada,2017-12-01,85.3
1674,New York,2017-12-01,394.1
1675,Ohio,2017-12-01,218.3
1676,Oklahoma,2017-12-01,78.4
1677,Oregon,2017-12-01,102.2
1678,Pennsylvania,2017-12-01,254.8
1679,Rhode Island,2017-12-01,18.6
1680,South Carolina,2017-12-01,100.9
1681,South Dakota,2017-12-01,22.9
1682,Maryland,2017-12-01,162.8
1683,Nebraska,2017-12-01,51.9
1684,Texas,2017-12-01,725.1
1685,Utah,2017-12-01,102.1
1686,Virginia,2017-12-01,196.1
1687,Vermont,2017-12-01,15.2
1688,Washington,2017-12-01,205.5
1689,Wisconsin,2017-12-01,119.7
1690,West Virginia,2017-12-01,33.5
1691,Wyoming,2017-12-01,19.4
1692,Alaska,2018-01-01,15.5
1693,Alabama,2018-01-01,86.5
1694,Arkansas,2018-01-01,50.5
1695,Arizona,2018-01-01,151.5
1696,California,2018-01-01,844.0
1697,Colorado,2018-01-01,169.8
1698,Connecticut,2018-01-01,57.8
1699,Florida,2018-01-01,524.9
1700,Georgia,2018-01-01,190.5
1701,Iowa,2018-01-01,75.8
1702,Idaho,2018-01-01,47.1
1703,Illinois,2018-01-01,223.3
1704,Indiana,2018-01-01,138.8
1705,Kansas,2018-01-01,60.4
1706,Kentucky,2018-01-01,77.0
1707,Louisiana,2018-01-01,147.7
1708,Massachusetts,2018-01-01,154.6
1709,Maine,2018-01-01,29.1
1710,Michigan,2018-01-01,165.4
1711,Minnesota,2018-01-01,120.8
1712,Missouri,2018-01-01,120.2
1713,Mississippi,2018-01-01,42.8
1714,Montana,2018-01-01,28.0
1715,North Carolina,2018-01-01,215.2
1716,North Dakota,2018-01-01,26.8
1717,New Hampshire,2018-01-01,26.7
1718,New Jersey,2018-01-01,156.1
1719,New Mexico,2018-01-01,47.0
1720,Nevada,2018-01-01,85.9
1721,New York,2018-01-01,393.3
1722,Ohio,2018-01-01,214.1
1723,Oklahoma,2018-01-01,78.3
1724,Oregon,2018-01-01,103.1
1725,Pennsylvania,2018-01-01,251.4
1726,Rhode Island,2018-01-01,18.4
1727,South Carolina,2018-01-01,104.3
1728,South Dakota,2018-01-01,23.0
1729,Maryland,2018-01-01,161.4
1730,Nebraska,2018-01-01,51.8
1731,Texas,2018-01-01,724.8
1732,Utah,2018-01-01,103.1
1733,Virginia,2018-01-01,196.0
1734,Vermont,2018-01-01,15.2
1735,Washington,2018-01-01,208.0
1736,Wisconsin,2018-01-01,120.6
1737,West Virginia,2018-01-01,34.4
1738,Wyoming,2018-01-01,19.6
1739,Alaska,2018-02-01,15.5
1740,Alabama,2018-02-01,87.6
1741,Arkansas,2018-02-01,50.8
1742,Arizona,2018-02-01,152.7
1743,California,2018-02-01,860.3
1744,Colorado,2018-02-01,171.1
1745,Connecticut,2018-02-01,58.2
1746,Florida,2018-02-01,531.2
1747,Georgia,2018-02-01,192.5
1748,Iowa,2018-02-01,76.6
1749,Idaho,2018-02-01,47.8
1750,Illinois,2018-02-01,225.1
1751,Indiana,2018-02-01,139.0
1752,Kansas,2018-02-01,60.4
1753,Kentucky,2018-02-01,77.7
1754,Louisiana,2018-02-01,149.3
1755,Massachusetts,2018-02-01,157.2
1756,Maine,2018-02-01,29.3
1757,Michigan,2018-02-01,166.9
1758,Minnesota,2018-02-01,120.9
1759,Missouri,2018-02-01,123.0
1760,Mississippi,2018-02-01,42.8
1761,Montana,2018-02-01,27.8
1762,North Carolina,2018-02-01,215.9
1763,North Dakota,2018-02-01,26.9
1764,New Hampshire,2018-02-01,26.9
1765,New Jersey,2018-02-01,158.5
1766,New Mexico,2018-02-01,47.5
1767,Nevada,2018-02-01,87.1
1768,New York,2018-02-01,396.4
1769,Ohio,2018-02-01,217.6
1770,Oklahoma,2018-02-01,78.8
1771,Oregon,2018-02-01,104.4
1772,Pennsylvania,2018-02-01,255.0
1773,Rhode Island,2018-02-01,19.3
1774,South Carolina,2018-02-01,105.3
1775,South Dakota,2018-02-01,22.9
1776,Maryland,2018-02-01,163.2
1777,Nebraska,2018-02-01,51.5
1778,Texas,2018-02-01,727.8
1779,Utah,2018-02-01,104.0
1780,Virginia,2018-02-01,196.7
1781,Vermont,2018-02-01,15.3
1782,Washington,2018-02-01,208.8
1783,Wisconsin,2018-02-01,121.1
1784,West Virginia,2018-02-01,34.9
1785,Wyoming,2018-02-01,19.5
1786,Alaska,2018-03-01,15.6
1787,Alabama,2018-03-01,87.6
1788,Arkansas,2018-03-01,50.4
1789,Arizona,2018-03-01,153.6
1790,California,2018-03-01,844.1
1791,Colorado,2018-03-01,171.9
1792,Connecticut,2018-03-01,57.9
1793,Florida,2018-03-01,534.4
1794,Georgia,2018-03-01,193.6
1795,Iowa,2018-03-01,77.2
1796,Idaho,2018-03-01,47.7
1797,Illinois,2018-03-01,228.1
1798,Indiana,2018-03-01,140.5
1799,Kansas,2018-03-01,60.7
1800,Kentucky,2018-03-01,77.7
1801,Louisiana,2018-03-01,152.8
1802,Massachusetts,2018-03-01,157.4
1803,Maine,2018-03-01,29.4
1804,Michigan,2018-03-01,168.0
1805,Minnesota,2018-03-01,120.1
1806,Missouri,2018-03-01,123.5
1807,Mississippi,2018-03-01,43.8
1808,Montana,2018-03-01,28.1
1809,North Carolina,2018-03-01,216.8
1810,North Dakota,2018-03-01,26.8
1811,New Hampshire,2018-03-01,26.8
1812,New Jersey,2018-03-01,158.2
1813,New Mexico,2018-03-01,47.5
1814,Nevada,2018-03-01,86.7
1815,New York,2018-03-01,397.6
1816,Ohio,2018-03-01,218.2
1817,Oklahoma,2018-03-01,79.2
1818,Oregon,2018-03-01,104.2
1819,Pennsylvania,2018-03-01,255.5
1820,Rhode Island,2018-03-01,19.2
1821,South Carolina,2018-03-01,105.6
1822,South Dakota,2018-03-01,22.9
1823,Maryland,2018-03-01,163.2
1824,Nebraska,2018-03-01,51.8
1825,Texas,2018-03-01,731.2
1826,Utah,2018-03-01,103.9
1827,Virginia,2018-03-01,197.1
1828,Vermont,2018-03-01,15.3
1829,Washington,2018-03-01,210.0
1830,Wisconsin,2018-03-01,122.6
1831,West Virginia,2018-03-01,35.7
1832,Wyoming,2018-03-01,19.6
1833,Alaska,2018-04-01,15.4
1834,Alabama,2018-04-01,88.0
1835,Arkansas,2018-04-01,50.4
1836,Arizona,2018-04-01,154.3
1837,California,2018-04-01,852.7
1838,Colorado,2018-04-01,171.9
1839,Connecticut,2018-04-01,57.8
1840,Florida,2018-04-01,538.0
1841,Georgia,2018-04-01,195.0
1842,Iowa,2018-04-01,76.0
1843,Idaho,2018-04-01,48.0
1844,Illinois,2018-04-01,224.5
1845,Indiana,2018-04-01,140.0
1846,Kansas,2018-04-01,60.4
1847,Kentucky,2018-04-01,77.9
1848,Louisiana,2018-04-01,152.7
1849,Massachusetts,2018-04-01,157.6
1850,Maine,2018-04-01,29.3
1851,Michigan,2018-04-01,166.0
1852,Minnesota,2018-04-01,117.8
1853,Missouri,2018-04-01,122.0
1854,Mississippi,2018-04-01,45.1
1855,Montana,2018-04-01,28.6
1856,North Carolina,2018-04-01,217.6
1857,North Dakota,2018-04-01,25.5
1858,New Hampshire,2018-04-01,26.9
1859,New Jersey,2018-04-01,157.4
1860,New Mexico,2018-04-01,47.3
1861,Nevada,2018-04-01,88.5
1862,New York,2018-04-01,396.4
1863,Ohio,2018-04-01,216.8
1864,Oklahoma,2018-04-01,79.7
1865,Oregon,2018-04-01,104.0
1866,Pennsylvania,2018-04-01,255.0
1867,Rhode Island,2018-04-01,19.0
1868,South Carolina,2018-04-01,105.8
1869,South Dakota,2018-04-01,22.7
1870,Maryland,2018-04-01,162.6
1871,Nebraska,2018-04-01,51.9
1872,Texas,2018-04-01,733.5
1873,Utah,2018-04-01,104.1
1874,Virginia,2018-04-01,197.1
1875,Vermont,2018-04-01,15.2
1876,Washington,2018-04-01,210.8
1877,Wisconsin,2018-04-01,120.5
1878,West Virginia,2018-04-01,36.2
1879,Wyoming,2018-04-01,19.6
1880,Alaska,2018-05-01,15.4
1881,Alabama,2018-05-01,88.2
1882,Arkansas,2018-05-01,50.7
1883,Arizona,2018-05-01,155.1
1884,California,2018-05-01,855.7
1885,Colorado,2018-05-01,172.4
1886,Connecticut,2018-05-01,58.3
1887,Florida,2018-05-01,538.6
1888,Georgia,2018-05-01,195.0
1889,Iowa,2018-05-01,77.2
1890,Idaho,2018-05-01,48.7
1891,Illinois,2018-05-01,226.2
1892,Indiana,2018-05-01,139.6
1893,Kansas,2018-05-01,60.8
1894,Kentucky,2018-05-01,78.1
1895,Louisiana,2018-05-01,153.0
1896,Massachusetts,2018-05-01,158.5
1897,Maine,2018-05-01,29.6
1898,Michigan,2018-05-01,168.9
1899,Minnesota,2018-05-01,120.5
1900,Missouri,2018-05-01,123.2
1901,Mississippi,2018-05-01,45.4
1902,Montana,2018-05-01,29.4
1903,North Carolina,2018-05-01,218.7
1904,North Dakota,2018-05-01,26.3
1905,New Hampshire,2018-05-01,27.0
1906,New Jersey,2018-05-01,157.8
1907,New Mexico,2018-05-01,47.2
1908,Nevada,2018-05-01,88.0
1909,New York,2018-05-01,399.4
1910,Ohio,2018-05-01,219.7
1911,Oklahoma,2018-05-01,79.9
1912,Oregon,2018-05-01,105.0
1913,Pennsylvania,2018-05-01,254.5
1914,Rhode Island,2018-05-01,19.1
1915,South Carolina,2018-05-01,106.1
1916,South Dakota,2018-05-01,23.0
1917,Maryland,2018-05-01,162.7
1918,Nebraska,2018-05-01,52.1
1919,Texas,2018-05-01,735.7
1920,Utah,2018-05-01,104.1
1921,Virginia,2018-05-01,197.4
1922,Vermont,2018-05-01,15.2
1923,Washington,2018-05-01,211.9
1924,Wisconsin,2018-05-01,121.9
1925,West Virginia,2018-05-01,37.9
1926,Wyoming,2018-05-01,19.7
1927,Alaska,2018-06-01,15.7
1928,Alabama,2018-06-01,89.0
1929,Arkansas,2018-06-01,50.6
1930,Arizona,2018-06-01,156.8
1931,California,2018-06-01,858.9
1932,Colorado,2018-06-01,173.4
1933,Connecticut,2018-06-01,58.6
1934,Florida,2018-06-01,543.1
1935,Georgia,2018-06-01,195.6
1936,Iowa,2018-06-01,77.8
1937,Idaho,2018-06-01,49.4
1938,Illinois,2018-06-01,227.5
1939,Indiana,2018-06-01,141.5
1940,Kansas,2018-06-01,61.1
1941,Kentucky,2018-06-01,78.2
1942,Louisiana,2018-06-01,154.6
1943,Massachusetts,2018-06-01,159.2
1944,Maine,2018-06-01,29.3
1945,Michigan,2018-06-01,170.4
1946,Minnesota,2018-06-01,122.5
1947,Missouri,2018-06-01,123.5
1948,Mississippi,2018-06-01,44.5
1949,Montana,2018-06-01,28.6
1950,North Carolina,2018-06-01,219.8
1951,North Dakota,2018-06-01,26.8
1952,New Hampshire,2018-06-01,27.1
1953,New Jersey,2018-06-01,158.3
1954,New Mexico,2018-06-01,47.1
1955,Nevada,2018-06-01,88.6
1956,New York,2018-06-01,400.6
1957,Ohio,2018-06-01,221.1
1958,Oklahoma,2018-06-01,80.2
1959,Oregon,2018-06-01,105.1
1960,Pennsylvania,2018-06-01,256.2
1961,Rhode Island,2018-06-01,19.2
1962,South Carolina,2018-06-01,105.9
1963,South Dakota,2018-06-01,22.8
1964,Maryland,2018-06-01,162.8
1965,Nebraska,2018-06-01,52.2
1966,Texas,2018-06-01,739.0
1967,Utah,2018-06-01,104.5
1968,Virginia,2018-06-01,198.6
1969,Vermont,2018-06-01,15.2
1970,Washington,2018-06-01,212.8
1971,Wisconsin,2018-06-01,123.3
1972,West Virginia,2018-06-01,40.3
1973,Wyoming,2018-06-01,19.9
1974,Alaska,2018-07-01,15.7
1975,Alabama,2018-07-01,89.3
1976,Arkansas,2018-07-01,51.0
1977,Arizona,2018-07-01,157.8
1978,California,2018-07-01,861.0
1979,Colorado,2018-07-01,173.6
1980,Connecticut,2018-07-01,58.7
1981,Florida,2018-07-01,544.8
1982,Georgia,2018-07-01,196.2
1983,Iowa,2018-07-01,77.8
1984,Idaho,2018-07-01,49.4
1985,Illinois,2018-07-01,226.8
1986,Indiana,2018-07-01,141.4
1987,Kansas,2018-07-01,61.6
1988,Kentucky,2018-07-01,78.1
1989,Louisiana,2018-07-01,153.5
1990,Massachusetts,2018-07-01,158.9
1991,Maine,2018-07-01,29.3
1992,Michigan,2018-07-01,170.3
1993,Minnesota,2018-07-01,123.1
1994,Missouri,2018-07-01,123.2
1995,Mississippi,2018-07-01,43.9
1996,Montana,2018-07-01,28.9
1997,North Carolina,2018-07-01,220.7
1998,North Dakota,2018-07-01,26.4
1999,New Hampshire,2018-07-01,27.1
2000,New Jersey,2018-07-01,157.9
2001,New Mexico,2018-07-01,47.0
2002,Nevada,2018-07-01,89.3
2003,New York,2018-07-01,401.8
2004,Ohio,2018-07-01,223.2
2005,Oklahoma,2018-07-01,80.0
2006,Oregon,2018-07-01,105.8
2007,Pennsylvania,2018-07-01,256.4
2008,Rhode Island,2018-07-01,19.2
2009,South Carolina,2018-07-01,105.7
2010,South Dakota,2018-07-01,22.7
2011,Maryland,2018-07-01,163.7
2012,Nebraska,2018-07-01,52.8
2013,Texas,2018-07-01,741.2
2014,Utah,2018-07-01,104.6
2015,Virginia,2018-07-01,199.3
2016,Vermont,2018-07-01,15.2
2017,Washington,2018-07-01,213.0
2018,Wisconsin,2018-07-01,122.7
2019,West Virginia,2018-07-01,42.8
2020,Wyoming,2018-07-01,20.0
2021,Alaska,2018-08-01,15.9
2022,Alabama,2018-08-01,89.8
2023,Arkansas,2018-08-01,50.9
2024,Arizona,2018-08-01,159.0
2025,California,2018-08-01,865.8
2026,Colorado,2018-08-01,174.3
2027,Connecticut,2018-08-01,59.0
2028,Florida,2018-08-01,547.7
2029,Georgia,2018-08-01,196.6
2030,Iowa,2018-08-01,77.9
2031,Idaho,2018-08-01,49.8
2032,Illinois,2018-08-01,226.6
2033,Indiana,2018-08-01,142.2
2034,Kansas,2018-08-01,62.3
2035,Kentucky,2018-08-01,78.0
2036,Louisiana,2018-08-01,152.8
2037,Massachusetts,2018-08-01,159.0
2038,Maine,2018-08-01,29.3
2039,Michigan,2018-08-01,170.5
2040,Minnesota,2018-08-01,123.0
2041,Missouri,2018-08-01,123.1
2042,Mississippi,2018-08-01,43.7
2043,Montana,2018-08-01,29.1
2044,North Carolina,2018-08-01,221.8
2045,North Dakota,2018-08-01,26.6
2046,New Hampshire,2018-08-01,27.1
2047,New Jersey,2018-08-01,157.7
2048,New Mexico,2018-08-01,47.0
2049,Nevada,2018-08-01,90.2
2050,New York,2018-08-01,402.0
2051,Ohio,2018-08-01,223.8
2052,Oklahoma,2018-08-01,81.1
2053,Oregon,2018-08-01,106.2
2054,Pennsylvania,2018-08-01,256.0
2055,Rhode Island,2018-08-01,19.3
2056,South Carolina,2018-08-01,105.7
2057,South Dakota,2018-08-01,22.9
2058,Maryland,2018-08-01,164.0
2059,Nebraska,2018-08-01,52.9
2060,Texas,2018-08-01,745.2
2061,Utah,2018-08-01,104.9
2062,Virginia,2018-08-01,199.8
2063,Vermont,2018-08-01,15.3
2064,Washington,2018-08-01,214.5
2065,Wisconsin,2018-08-01,123.2
2066,West Virginia,2018-08-01,44.1
2067,Wyoming,2018-08-01,20.4
2068,Alaska,2018-09-01,16.0
2069,Alabama,2018-09-01,90.2
2070,Arkansas,2018-09-01,51.1
2071,Arizona,2018-09-01,160.2
2072,California,2018-09-01,869.0
2073,Colorado,2018-09-01,174.7
2074,Connecticut,2018-09-01,59.4
2075,Florida,2018-09-01,550.7
2076,Georgia,2018-09-01,197.7
2077,Iowa,2018-09-01,77.9
2078,Idaho,2018-09-01,50.1
2079,Illinois,2018-09-01,227.3
2080,Indiana,2018-09-01,142.5
2081,Kansas,2018-09-01,62.9
2082,Kentucky,2018-09-01,78.3
2083,Louisiana,2018-09-01,151.8
2084,Massachusetts,2018-09-01,159.6
2085,Maine,2018-09-01,29.5
2086,Michigan,2018-09-01,169.3
2087,Minnesota,2018-09-01,123.3
2088,Missouri,2018-09-01,123.6
2089,Mississippi,2018-09-01,43.7
2090,Montana,2018-09-01,29.5
2091,North Carolina,2018-09-01,221.7
2092,North Dakota,2018-09-01,26.7
2093,New Hampshire,2018-09-01,27.0
2094,New Jersey,2018-09-01,157.9
2095,New Mexico,2018-09-01,47.2
2096,Nevada,2018-09-01,91.0
2097,New York,2018-09-01,404.2
2098,Ohio,2018-09-01,224.1
2099,Oklahoma,2018-09-01,81.7
2100,Oregon,2018-09-01,106.7
2101,Pennsylvania,2018-09-01,256.9
2102,Rhode Island,2018-09-01,19.4
2103,South Carolina,2018-09-01,105.6
2104,South Dakota,2018-09-01,23.1
2105,Maryland,2018-09-01,164.1
2106,Nebraska,2018-09-01,52.7
2107,Texas,2018-09-01,746.1
2108,Utah,2018-09-01,105.3
2109,Virginia,2018-09-01,198.4
2110,Vermont,2018-09-01,15.3
2111,Washington,2018-09-01,215.2
2112,Wisconsin,2018-09-01,123.3
2113,West Virginia,2018-09-01,45.0
2114,Wyoming,2018-09-01,20.5
2115,Alaska,2018-10-01,16.3
2116,Alabama,2018-10-01,90.8
2117,Arkansas,2018-10-01,51.1
2118,Arizona,2018-10-01,160.5
2119,California,2018-10-01,873.3
2120,Colorado,2018-10-01,174.3
2121,Connecticut,2018-10-01,59.9
2122,Florida,2018-10-01,553.1
2123,Georgia,2018-10-01,197.9
2124,Iowa,2018-10-01,77.3
2125,Idaho,2018-10-01,50.4
2126,Illinois,2018-10-01,227.1
2127,Indiana,2018-10-01,142.8
2128,Kansas,2018-10-01,63.0
2129,Kentucky,2018-10-01,78.2
2130,Louisiana,2018-10-01,152.5
2131,Massachusetts,2018-10-01,160.8
2132,Maine,2018-10-01,29.6
2133,Michigan,2018-10-01,171.3
2134,Minnesota,2018-10-01,123.3
2135,Missouri,2018-10-01,122.7
2136,Mississippi,2018-10-01,43.5
2137,Montana,2018-10-01,30.0
2138,North Carolina,2018-10-01,226.3
2139,North Dakota,2018-10-01,27.0
2140,New Hampshire,2018-10-01,27.4
2141,New Jersey,2018-10-01,158.7
2142,New Mexico,2018-10-01,47.4
2143,Nevada,2018-10-01,91.6
2144,New York,2018-10-01,407.1
2145,Ohio,2018-10-01,224.4
2146,Oklahoma,2018-10-01,81.9
2147,Oregon,2018-10-01,107.1
2148,Pennsylvania,2018-10-01,259.1
2149,Rhode Island,2018-10-01,19.5
2150,South Carolina,2018-10-01,106.0
2151,South Dakota,2018-10-01,23.2
2152,Maryland,2018-10-01,164.4
2153,Nebraska,2018-10-01,52.6
2154,Texas,2018-10-01,748.3
2155,Utah,2018-10-01,105.1
2156,Virginia,2018-10-01,199.6
2157,Vermont,2018-10-01,15.4
2158,Washington,2018-10-01,216.8
2159,Wisconsin,2018-10-01,122.8
2160,West Virginia,2018-10-01,45.2
2161,Wyoming,2018-10-01,20.9
2162,Alaska,2018-11-01,16.4
2163,Alabama,2018-11-01,90.9
2164,Arkansas,2018-11-01,51.0
2165,Arizona,2018-11-01,162.4
2166,California,2018-11-01,873.6
2167,Colorado,2018-11-01,175.2
2168,Connecticut,2018-11-01,59.9
2169,Florida,2018-11-01,554.4
2170,Georgia,2018-11-01,196.8
2171,Iowa,2018-11-01,78.0
2172,Idaho,2018-11-01,50.6
2173,Illinois,2018-11-01,226.1
2174,Indiana,2018-11-01,142.0
2175,Kansas,2018-11-01,63.0
2176,Kentucky,2018-11-01,78.1
2177,Louisiana,2018-11-01,151.2
2178,Massachusetts,2018-11-01,159.8
2179,Maine,2018-11-01,29.5
2180,Michigan,2018-11-01,171.2
2181,Minnesota,2018-11-01,124.4
2182,Missouri,2018-11-01,121.6
2183,Mississippi,2018-11-01,43.2
2184,Montana,2018-11-01,30.5
2185,North Carolina,2018-11-01,226.3
2186,North Dakota,2018-11-01,27.2
2187,New Hampshire,2018-11-01,27.3
2188,New Jersey,2018-11-01,158.5
2189,New Mexico,2018-11-01,47.5
2190,Nevada,2018-11-01,92.3
2191,New York,2018-11-01,407.0
2192,Ohio,2018-11-01,223.8
2193,Oklahoma,2018-11-01,82.2
2194,Oregon,2018-11-01,107.2
2195,Pennsylvania,2018-11-01,258.4
2196,Rhode Island,2018-11-01,19.4
2197,South Carolina,2018-11-01,106.0
2198,South Dakota,2018-11-01,23.3
2199,Maryland,2018-11-01,164.2
2200,Nebraska,2018-11-01,52.8
2201,Texas,2018-11-01,750.3
2202,Utah,2018-11-01,105.6
2203,Virginia,2018-11-01,200.5
2204,Vermont,2018-11-01,15.4
2205,Washington,2018-11-01,217.5
2206,Wisconsin,2018-11-01,123.0
2207,West Virginia,2018-11-01,43.3
2208,Wyoming,2018-11-01,21.7
2209,Alaska,2018-12-01,16.6
2210,Alabama,2018-12-01,90.9
2211,Arkansas,2018-12-01,51.4
2212,Arizona,2018-12-01,163.8
2213,California,2018-12-01,876.0
2214,Colorado,2018-12-01,175.7
2215,Connecticut,2018-12-01,60.0
2216,Florida,2018-12-01,556.2
2217,Georgia,2018-12-01,198.7
2218,Iowa,2018-12-01,77.6
2219,Idaho,2018-12-01,50.4
2220,Illinois,2018-12-01,226.8
2221,Indiana,2018-12-01,142.4
2222,Kansas,2018-12-01,62.9
2223,Kentucky,2018-12-01,78.7
2224,Louisiana,2018-12-01,150.7
2225,Massachusetts,2018-12-01,161.1
2226,Maine,2018-12-01,29.5
2227,Michigan,2018-12-01,171.4
2228,Minnesota,2018-12-01,124.2
2229,Missouri,2018-12-01,122.9
2230,Mississippi,2018-12-01,43.5
2231,Montana,2018-12-01,30.6
2232,North Carolina,2018-12-01,226.3
2233,North Dakota,2018-12-01,27.6
2234,New Hampshire,2018-12-01,27.4
2235,New Jersey,2018-12-01,159.2
2236,New Mexico,2018-12-01,47.8
2237,Nevada,2018-12-01,93.2
2238,New York,2018-12-01,408.2
2239,Ohio,2018-12-01,224.2
2240,Oklahoma,2018-12-01,82.0
2241,Oregon,2018-12-01,107.7
2242,Pennsylvania,2018-12-01,258.9
2243,Rhode Island,2018-12-01,19.6
2244,South Carolina,2018-12-01,106.0
2245,South Dakota,2018-12-01,23.3
2246,Maryland,2018-12-01,164.2
2247,Nebraska,2018-12-01,52.4
2248,Texas,2018-12-01,756.3
2249,Utah,2018-12-01,105.9
2250,Virginia,2018-12-01,200.2
2251,Vermont,2018-12-01,15.3
2252,Washington,2018-12-01,218.5
2253,Wisconsin,2018-12-01,123.4
2254,West Virginia,2018-12-01,41.3
2255,Wyoming,2018-12-01,22.2
2256,Alaska,2019-01-01,16.3
2257,Alabama,2019-01-01,91.0
2258,Arkansas,2019-01-01,52.0
2259,Arizona,2019-01-01,164.9
2260,California,2019-01-01,877.9
2261,Colorado,2019-01-01,176.8
2262,Connecticut,2019-01-01,60.0
2263,Florida,2019-01-01,557.7
2264,Georgia,2019-01-01,202.6
2265,Iowa,2019-01-01,78.9
2266,Idaho,2019-01-01,51.7
2267,Illinois,2019-01-01,227.7
2268,Indiana,2019-01-01,146.5
2269,Kansas,2019-01-01,63.3
2270,Kentucky,2019-01-01,79.8
2271,Louisiana,2019-01-01,149.8
2272,Massachusetts,2019-01-01,161.7
2273,Maine,2019-01-01,29.8
2274,Michigan,2019-01-01,172.8
2275,Minnesota,2019-01-01,124.7
2276,Missouri,2019-01-01,125.1
2277,Mississippi,2019-01-01,43.8
2278,Montana,2019-01-01,30.7
2279,North Carolina,2019-01-01,231.2
2280,North Dakota,2019-01-01,28.2
2281,New Hampshire,2019-01-01,27.6
2282,New Jersey,2019-01-01,159.5
2283,New Mexico,2019-01-01,47.8
2284,Nevada,2019-01-01,93.5
2285,New York,2019-01-01,409.8
2286,Ohio,2019-01-01,224.9
2287,Oklahoma,2019-01-01,82.3
2288,Oregon,2019-01-01,108.5
2289,Pennsylvania,2019-01-01,260.0
2290,Rhode Island,2019-01-01,20.0
2291,South Carolina,2019-01-01,106.5
2292,South Dakota,2019-01-01,23.6
2293,Maryland,2019-01-01,166.8
2294,Nebraska,2019-01-01,53.7
2295,Texas,2019-01-01,761.7
2296,Utah,2019-01-01,106.5
2297,Virginia,2019-01-01,202.4
2298,Vermont,2019-01-01,15.4
2299,Washington,2019-01-01,218.8
2300,Wisconsin,2019-01-01,124.0
2301,West Virginia,2019-01-01,38.4
2302,Wyoming,2019-01-01,22.6
2303,Alaska,2019-02-01,16.3
2304,Alabama,2019-02-01,91.2
2305,Arkansas,2019-02-01,52.0
2306,Arizona,2019-02-01,166.1
2307,California,2019-02-01,870.1
2308,Colorado,2019-02-01,177.7
2309,Connecticut,2019-02-01,59.9
2310,Florida,2019-02-01,557.9
2311,Georgia,2019-02-01,202.9
2312,Iowa,2019-02-01,76.8
2313,Idaho,2019-02-01,51.3
2314,Illinois,2019-02-01,224.9
2315,Indiana,2019-02-01,146.0
2316,Kansas,2019-02-01,62.8
2317,Kentucky,2019-02-01,79.4
2318,Louisiana,2019-02-01,148.8
2319,Massachusetts,2019-02-01,161.7
2320,Maine,2019-02-01,29.7
2321,Michigan,2019-02-01,171.4
2322,Minnesota,2019-02-01,124.2
2323,Missouri,2019-02-01,124.1
2324,Mississippi,2019-02-01,44.0
2325,Montana,2019-02-01,29.0
2326,North Carolina,2019-02-01,230.4
2327,North Dakota,2019-02-01,28.2
2328,New Hampshire,2019-02-01,27.7
2329,New Jersey,2019-02-01,159.0
2330,New Mexico,2019-02-01,48.0
2331,Nevada,2019-02-01,93.3
2332,New York,2019-02-01,408.2
2333,Ohio,2019-02-01,223.6
2334,Oklahoma,2019-02-01,83.4
2335,Oregon,2019-02-01,107.1
2336,Pennsylvania,2019-02-01,259.4
2337,Rhode Island,2019-02-01,19.8
2338,South Carolina,2019-02-01,106.3
2339,South Dakota,2019-02-01,23.2
2340,Maryland,2019-02-01,164.7
2341,Nebraska,2019-02-01,52.7
2342,Texas,2019-02-01,765.6
2343,Utah,2019-02-01,106.6
2344,Virginia,2019-02-01,201.8
2345,Vermont,2019-02-01,15.3
2346,Washington,2019-02-01,210.7
2347,Wisconsin,2019-02-01,123.3
2348,West Virginia,2019-02-01,37.2
2349,Wyoming,2019-02-01,22.8
2350,Alaska,2019-03-01,16.3
2351,Alabama,2019-03-01,92.6
2352,Arkansas,2019-03-01,52.0
2353,Arizona,2019-03-01,166.6
2354,California,2019-03-01,876.5
2355,Colorado,2019-03-01,176.8
2356,Connecticut,2019-03-01,59.6
2357,Florida,2019-03-01,559.5
2358,Georgia,2019-03-01,203.1
2359,Iowa,2019-03-01,75.4
2360,Idaho,2019-03-01,51.0
2361,Illinois,2019-03-01,227.6
2362,Indiana,2019-03-01,145.5
2363,Kansas,2019-03-01,63.2
2364,Kentucky,2019-03-01,79.7
2365,Louisiana,2019-03-01,147.8
2366,Massachusetts,2019-03-01,161.5
2367,Maine,2019-03-01,29.6
2368,Michigan,2019-03-01,171.4
2369,Minnesota,2019-03-01,124.5
2370,Missouri,2019-03-01,124.7
2371,Mississippi,2019-03-01,44.3
2372,Montana,2019-03-01,28.5
2373,North Carolina,2019-03-01,230.3
2374,North Dakota,2019-03-01,28.3
2375,New Hampshire,2019-03-01,27.8
2376,New Jersey,2019-03-01,159.1
2377,New Mexico,2019-03-01,48.3
2378,Nevada,2019-03-01,95.1
2379,New York,2019-03-01,408.0
2380,Ohio,2019-03-01,224.6
2381,Oklahoma,2019-03-01,82.7
2382,Oregon,2019-03-01,108.1
2383,Pennsylvania,2019-03-01,259.1
2384,Rhode Island,2019-03-01,19.9
2385,South Carolina,2019-03-01,106.5
2386,South Dakota,2019-03-01,23.0
2387,Maryland,2019-03-01,165.3
2388,Nebraska,2019-03-01,51.4
2389,Texas,2019-03-01,766.2
2390,Utah,2019-03-01,107.2
2391,Virginia,2019-03-01,202.2
2392,Vermont,2019-03-01,15.4
2393,Washington,2019-03-01,217.0
2394,Wisconsin,2019-03-01,123.4
2395,West Virginia,2019-03-01,36.5
2396,Wyoming,2019-03-01,22.8
2397,Alaska,2019-04-01,16.4
2398,Alabama,2019-04-01,93.4
2399,Arkansas,2019-04-01,52.5
2400,Arizona,2019-04-01,168.6
2401,California,2019-04-01,879.6
2402,Colorado,2019-04-01,177.7
2403,Connecticut,2019-04-01,60.3
2404,Florida,2019-04-01,560.3
2405,Georgia,2019-04-01,203.0
2406,Iowa,2019-04-01,77.5
2407,Idaho,2019-04-01,51.9
2408,Illinois,2019-04-01,228.6
2409,Indiana,2019-04-01,145.2
2410,Kansas,2019-04-01,65.9
2411,Kentucky,2019-04-01,80.1
2412,Louisiana,2019-04-01,145.3
2413,Massachusetts,2019-04-01,162.3
2414,Maine,2019-04-01,29.4
2415,Michigan,2019-04-01,171.5
2416,Minnesota,2019-04-01,126.0
2417,Missouri,2019-04-01,126.5
2418,Mississippi,2019-04-01,43.5
2419,Montana,2019-04-01,29.2
2420,North Carolina,2019-04-01,229.8
2421,North Dakota,2019-04-01,28.4
2422,New Hampshire,2019-04-01,27.3
2423,New Jersey,2019-04-01,159.8
2424,New Mexico,2019-04-01,48.8
2425,Nevada,2019-04-01,94.5
2426,New York,2019-04-01,408.8
2427,Ohio,2019-04-01,224.9
2428,Oklahoma,2019-04-01,82.7
2429,Oregon,2019-04-01,108.6
2430,Pennsylvania,2019-04-01,260.7
2431,Rhode Island,2019-04-01,20.0
2432,South Carolina,2019-04-01,107.1
2433,South Dakota,2019-04-01,23.2
2434,Maryland,2019-04-01,165.6
2435,Nebraska,2019-04-01,53.0
2436,Texas,2019-04-01,769.8
2437,Utah,2019-04-01,107.7
2438,Virginia,2019-04-01,202.5
2439,Vermont,2019-04-01,15.2
2440,Washington,2019-04-01,219.0
2441,Wisconsin,2019-04-01,123.6
2442,West Virginia,2019-04-01,36.8
2443,Wyoming,2019-04-01,22.5
2444,Alaska,2019-05-01,16.5
2445,Alabama,2019-05-01,93.4
2446,Arkansas,2019-05-01,52.3
2447,Arizona,2019-05-01,169.7
2448,California,2019-05-01,883.9
2449,Colorado,2019-05-01,178.3
2450,Connecticut,2019-05-01,60.0
2451,Florida,2019-05-01,562.1
2452,Georgia,2019-05-01,203.7
2453,Iowa,2019-05-01,78.0
2454,Idaho,2019-05-01,53.0
2455,Illinois,2019-05-01,228.2
2456,Indiana,2019-05-01,145.5
2457,Kansas,2019-05-01,63.5
2458,Kentucky,2019-05-01,80.4
2459,Louisiana,2019-05-01,142.6
2460,Massachusetts,2019-05-01,162.6
2461,Maine,2019-05-01,29.8
2462,Michigan,2019-05-01,172.4
2463,Minnesota,2019-05-01,128.1
2464,Missouri,2019-05-01,125.9
2465,Mississippi,2019-05-01,44.5
2466,Montana,2019-05-01,29.8
2467,North Carolina,2019-05-01,230.5
2468,North Dakota,2019-05-01,28.6
2469,New Hampshire,2019-05-01,27.6
2470,New Jersey,2019-05-01,160.0
2471,New Mexico,2019-05-01,49.7
2472,Nevada,2019-05-01,95.0
2473,New York,2019-05-01,407.3
2474,Ohio,2019-05-01,225.5
2475,Oklahoma,2019-05-01,82.3
2476,Oregon,2019-05-01,108.7
2477,Pennsylvania,2019-05-01,261.1
2478,Rhode Island,2019-05-01,20.0
2479,South Carolina,2019-05-01,106.9
2480,South Dakota,2019-05-01,23.2
2481,Maryland,2019-05-01,165.8
2482,Nebraska,2019-05-01,53.4
2483,Texas,2019-05-01,771.0
2484,Utah,2019-05-01,108.8
2485,Virginia,2019-05-01,203.2
2486,Vermont,2019-05-01,15.2
2487,Washington,2019-05-01,220.2
2488,Wisconsin,2019-05-01,124.1
2489,West Virginia,2019-05-01,37.1
2490,Wyoming,2019-05-01,22.4
2491,Alaska,2019-06-01,16.4
2492,Alabama,2019-06-01,93.5
2493,Arkansas,2019-06-01,52.5
2494,Arizona,2019-06-01,170.5
2495,California,2019-06-01,888.6
2496,Colorado,2019-06-01,179.9
2497,Connecticut,2019-06-01,59.7
2498,Florida,2019-06-01,564.0
2499,Georgia,2019-06-01,204.7
2500,Iowa,2019-06-01,78.5
2501,Idaho,2019-06-01,52.9
2502,Illinois,2019-06-01,228.5
2503,Indiana,2019-06-01,145.9
2504,Kansas,2019-06-01,64.2
2505,Kentucky,2019-06-01,80.3
2506,Louisiana,2019-06-01,140.7
2507,Massachusetts,2019-06-01,162.9
2508,Maine,2019-06-01,30.0
2509,Michigan,2019-06-01,172.4
2510,Minnesota,2019-06-01,128.2
2511,Missouri,2019-06-01,126.1
2512,Mississippi,2019-06-01,45.3
2513,Montana,2019-06-01,30.0
2514,North Carolina,2019-06-01,230.8
2515,North Dakota,2019-06-01,28.9
2516,New Hampshire,2019-06-01,27.9
2517,New Jersey,2019-06-01,159.4
2518,New Mexico,2019-06-01,50.1
2519,Nevada,2019-06-01,95.5
2520,New York,2019-06-01,405.8
2521,Ohio,2019-06-01,225.9
2522,Oklahoma,2019-06-01,82.9
2523,Oregon,2019-06-01,109.3
2524,Pennsylvania,2019-06-01,261.1
2525,Rhode Island,2019-06-01,20.0
2526,South Carolina,2019-06-01,107.0
2527,South Dakota,2019-06-01,23.5
2528,Maryland,2019-06-01,166.2
2529,Nebraska,2019-06-01,53.6
2530,Texas,2019-06-01,773.6
2531,Utah,2019-06-01,109.5
2532,Virginia,2019-06-01,203.6
2533,Vermont,2019-06-01,15.3
2534,Washington,2019-06-01,220.5
2535,Wisconsin,2019-06-01,124.3
2536,West Virginia,2019-06-01,36.8
2537,Wyoming,2019-06-01,22.6
2538,Alaska,2019-07-01,16.3
2539,Alabama,2019-07-01,93.8
2540,Arkansas,2019-07-01,52.5
2541,Arizona,2019-07-01,170.9
2542,California,2019-07-01,890.4
2543,Colorado,2019-07-01,180.4
2544,Connecticut,2019-07-01,59.9
2545,Florida,2019-07-01,566.1
2546,Georgia,2019-07-01,205.3
2547,Iowa,2019-07-01,79.0
2548,Idaho,2019-07-01,53.2
2549,Illinois,2019-07-01,229.8
2550,Indiana,2019-07-01,145.2
2551,Kansas,2019-07-01,62.9
2552,Kentucky,2019-07-01,80.8
2553,Louisiana,2019-07-01,137.3
2554,Massachusetts,2019-07-01,163.1
2555,Maine,2019-07-01,30.3
2556,Michigan,2019-07-01,174.2
2557,Minnesota,2019-07-01,128.1
2558,Missouri,2019-07-01,127.1
2559,Mississippi,2019-07-01,45.0
2560,Montana,2019-07-01,30.3
2561,North Carolina,2019-07-01,232.0
2562,North Dakota,2019-07-01,29.2
2563,New Hampshire,2019-07-01,28.0
2564,New Jersey,2019-07-01,160.8
2565,New Mexico,2019-07-01,51.2
2566,Nevada,2019-07-01,96.2
2567,New York,2019-07-01,406.0
2568,Ohio,2019-07-01,226.9
2569,Oklahoma,2019-07-01,83.7
2570,Oregon,2019-07-01,109.9
2571,Pennsylvania,2019-07-01,261.5
2572,Rhode Island,2019-07-01,20.0
2573,South Carolina,2019-07-01,107.2
2574,South Dakota,2019-07-01,23.7
2575,Maryland,2019-07-01,166.6
2576,Nebraska,2019-07-01,54.0
2577,Texas,2019-07-01,776.7
2578,Utah,2019-07-01,110.2
2579,Virginia,2019-07-01,203.7
2580,Vermont,2019-07-01,15.3
2581,Washington,2019-07-01,220.8
2582,Wisconsin,2019-07-01,124.7
2583,West Virginia,2019-07-01,36.3
2584,Wyoming,2019-07-01,23.0
2585,Alaska,2019-08-01,16.4
2586,Alabama,2019-08-01,94.3
2587,Arkansas,2019-08-01,52.7
2588,Arizona,2019-08-01,171.4
2589,California,2019-08-01,893.6
2590,Colorado,2019-08-01,180.6
2591,Connecticut,2019-08-01,59.8
2592,Florida,2019-08-01,568.8
2593,Georgia,2019-08-01,205.6
2594,Iowa,2019-08-01,79.2
2595,Idaho,2019-08-01,53.7
2596,Illinois,2019-08-01,230.5
2597,Indiana,2019-08-01,145.6
2598,Kansas,2019-08-01,63.2
2599,Kentucky,2019-08-01,81.7
2600,Louisiana,2019-08-01,138.7
2601,Massachusetts,2019-08-01,163.9
2602,Maine,2019-08-01,30.3
2603,Michigan,2019-08-01,174.0
2604,Minnesota,2019-08-01,128.9
2605,Missouri,2019-08-01,127.6
2606,Mississippi,2019-08-01,44.7
2607,Montana,2019-08-01,30.6
2608,North Carolina,2019-08-01,232.6
2609,North Dakota,2019-08-01,29.2
2610,New Hampshire,2019-08-01,28.1
2611,New Jersey,2019-08-01,162.1
2612,New Mexico,2019-08-01,51.3
2613,Nevada,2019-08-01,96.8
2614,New York,2019-08-01,407.5
2615,Ohio,2019-08-01,227.7
2616,Oklahoma,2019-08-01,83.0
2617,Oregon,2019-08-01,110.4
2618,Pennsylvania,2019-08-01,263.0
2619,Rhode Island,2019-08-01,20.1
2620,South Carolina,2019-08-01,107.1
2621,South Dakota,2019-08-01,23.7
2622,Maryland,2019-08-01,166.9
2623,Nebraska,2019-08-01,54.1
2624,Texas,2019-08-01,779.1
2625,Utah,2019-08-01,111.1
2626,Virginia,2019-08-01,204.1
2627,Vermont,2019-08-01,15.3
2628,Washington,2019-08-01,221.3
2629,Wisconsin,2019-08-01,124.9
2630,West Virginia,2019-08-01,35.6
2631,Wyoming,2019-08-01,23.2
2632,Alaska,2019-09-01,16.4
2633,Alabama,2019-09-01,94.7
2634,Arkansas,2019-09-01,52.8
2635,Arizona,2019-09-01,172.2
2636,California,2019-09-01,896.9
2637,Colorado,2019-09-01,180.7
2638,Connecticut,2019-09-01,59.8
2639,Florida,2019-09-01,570.3
2640,Georgia,2019-09-01,205.9
2641,Iowa,2019-09-01,79.1
2642,Idaho,2019-09-01,53.8
2643,Illinois,2019-09-01,230.0
2644,Indiana,2019-09-01,145.7
2645,Kansas,2019-09-01,63.4
2646,Kentucky,2019-09-01,81.1
2647,Louisiana,2019-09-01,138.3
2648,Massachusetts,2019-09-01,164.5
2649,Maine,2019-09-01,30.4
2650,Michigan,2019-09-01,174.8
2651,Minnesota,2019-09-01,130.2
2652,Missouri,2019-09-01,127.6
2653,Mississippi,2019-09-01,44.6
2654,Montana,2019-09-01,30.5
2655,North Carolina,2019-09-01,233.9
2656,North Dakota,2019-09-01,28.9
2657,New Hampshire,2019-09-01,28.3
2658,New Jersey,2019-09-01,162.5
2659,New Mexico,2019-09-01,51.4
2660,Nevada,2019-09-01,97.8
2661,New York,2019-09-01,409.0
2662,Ohio,2019-09-01,228.4
2663,Oklahoma,2019-09-01,82.9
2664,Oregon,2019-09-01,110.9
2665,Pennsylvania,2019-09-01,263.7
2666,Rhode Island,2019-09-01,20.1
2667,South Carolina,2019-09-01,107.5
2668,South Dakota,2019-09-01,23.9
2669,Maryland,2019-09-01,167.4
2670,Nebraska,2019-09-01,54.6
2671,Texas,2019-09-01,783.4
2672,Utah,2019-09-01,111.7
2673,Virginia,2019-09-01,204.2
2674,Vermont,2019-09-01,15.3
2675,Washington,2019-09-01,221.7
2676,Wisconsin,2019-09-01,125.5
2677,West Virginia,2019-09-01,34.5
2678,Wyoming,2019-09-01,23.1
2679,Alaska,2019-10-01,16.4
2680,Alabama,2019-10-01,94.7
2681,Arkansas,2019-10-01,53.1
2682,Arizona,2019-10-01,173.1
2683,California,2019-10-01,893.6
2684,Colorado,2019-10-01,180.3
2685,Connecticut,2019-10-01,59.7
2686,Florida,2019-10-01,570.9
2687,Georgia,2019-10-01,206.5
2688,Iowa,2019-10-01,79.0
2689,Idaho,2019-10-01,53.7
2690,Illinois,2019-10-01,229.7
2691,Indiana,2019-10-01,146.5
2692,Kansas,2019-10-01,64.3
2693,Kentucky,2019-10-01,80.7
2694,Louisiana,2019-10-01,137.7
2695,Massachusetts,2019-10-01,164.0
2696,Maine,2019-10-01,30.5
2697,Michigan,2019-10-01,176.3
2698,Minnesota,2019-10-01,129.8
2699,Missouri,2019-10-01,128.3
2700,Mississippi,2019-10-01,44.5
2701,Montana,2019-10-01,30.5
2702,North Carolina,2019-10-01,234.2
2703,North Dakota,2019-10-01,29.3
2704,New Hampshire,2019-10-01,28.2
2705,New Jersey,2019-10-01,162.8
2706,New Mexico,2019-10-01,51.4
2707,Nevada,2019-10-01,98.7
2708,New York,2019-10-01,406.1
2709,Ohio,2019-10-01,230.3
2710,Oklahoma,2019-10-01,82.9
2711,Oregon,2019-10-01,110.8
2712,Pennsylvania,2019-10-01,263.0
2713,Rhode Island,2019-10-01,20.1
2714,South Carolina,2019-10-01,106.6
2715,South Dakota,2019-10-01,24.0
2716,Maryland,2019-10-01,167.5
2717,Nebraska,2019-10-01,54.9
2718,Texas,2019-10-01,782.1
2719,Utah,2019-10-01,112.6
2720,Virginia,2019-10-01,204.6
2721,Vermont,2019-10-01,15.3
2722,Washington,2019-10-01,221.2
2723,Wisconsin,2019-10-01,125.8
2724,West Virginia,2019-10-01,33.1
2725,Wyoming,2019-10-01,23.6
2726,Alaska,2019-11-01,16.5
2727,Alabama,2019-11-01,94.7
2728,Arkansas,2019-11-01,52.9
2729,Arizona,2019-11-01,173.9
2730,California,2019-11-01,901.3
2731,Colorado,2019-11-01,180.5
2732,Connecticut,2019-11-01,59.9
2733,Florida,2019-11-01,574.8
2734,Georgia,2019-11-01,207.3
2735,Iowa,2019-11-01,77.8
2736,Idaho,2019-11-01,54.3
2737,Illinois,2019-11-01,226.2
2738,Indiana,2019-11-01,145.8
2739,Kansas,2019-11-01,63.8
2740,Kentucky,2019-11-01,81.2
2741,Louisiana,2019-11-01,139.4
2742,Massachusetts,2019-11-01,164.2
2743,Maine,2019-11-01,30.4
2744,Michigan,2019-11-01,175.6
2745,Minnesota,2019-11-01,126.9
2746,Missouri,2019-11-01,127.9
2747,Mississippi,2019-11-01,44.7
2748,Montana,2019-11-01,30.5
2749,North Carolina,2019-11-01,234.4
2750,North Dakota,2019-11-01,29.0
2751,New Hampshire,2019-11-01,28.2
2752,New Jersey,2019-11-01,162.7
2753,New Mexico,2019-11-01,51.1
2754,Nevada,2019-11-01,99.1
2755,New York,2019-11-01,405.2
2756,Ohio,2019-11-01,229.7
2757,Oklahoma,2019-11-01,82.4
2758,Oregon,2019-11-01,111.8
2759,Pennsylvania,2019-11-01,262.4
2760,Rhode Island,2019-11-01,20.1
2761,South Carolina,2019-11-01,106.8
2762,South Dakota,2019-11-01,24.1
2763,Maryland,2019-11-01,167.3
2764,Nebraska,2019-11-01,55.1
2765,Texas,2019-11-01,783.1
2766,Utah,2019-11-01,113.3
2767,Virginia,2019-11-01,204.7
2768,Vermont,2019-11-01,15.2
2769,Washington,2019-11-01,221.9
2770,Wisconsin,2019-11-01,125.0
2771,West Virginia,2019-11-01,31.5
2772,Wyoming,2019-11-01,23.1
2773,Alaska,2019-12-01,16.6
2774,Alabama,2019-12-01,94.7
2775,Arkansas,2019-12-01,53.2
2776,Arizona,2019-12-01,174.6
2777,California,2019-12-01,896.2
2778,Colorado,2019-12-01,180.5
2779,Connecticut,2019-12-01,58.3
2780,Florida,2019-12-01,573.3
2781,Georgia,2019-12-01,207.3
2782,Iowa,2019-12-01,78.4
2783,Idaho,2019-12-01,54.5
2784,Illinois,2019-12-01,228.8
2785,Indiana,2019-12-01,147.1
2786,Kansas,2019-12-01,63.5
2787,Kentucky,2019-12-01,80.9
2788,Louisiana,2019-12-01,138.0
2789,Massachusetts,2019-12-01,164.2
2790,Maine,2019-12-01,30.5
2791,Michigan,2019-12-01,176.7
2792,Minnesota,2019-12-01,127.6
2793,Missouri,2019-12-01,129.0
2794,Mississippi,2019-12-01,45.0
2795,Montana,2019-12-01,30.2
2796,North Carolina,2019-12-01,234.2
2797,North Dakota,2019-12-01,28.6
2798,New Hampshire,2019-12-01,28.4
2799,New Jersey,2019-12-01,160.8
2800,New Mexico,2019-12-01,51.4
2801,Nevada,2019-12-01,98.9
2802,New York,2019-12-01,403.9
2803,Ohio,2019-12-01,229.8
2804,Oklahoma,2019-12-01,82.0
2805,Oregon,2019-12-01,111.2
2806,Pennsylvania,2019-12-01,260.6
2807,Rhode Island,2019-12-01,19.9
2808,South Carolina,2019-12-01,106.7
2809,South Dakota,2019-12-01,23.9
2810,Maryland,2019-12-01,166.9
2811,Nebraska,2019-12-01,55.3
2812,Texas,2019-12-01,781.5
2813,Utah,2019-12-01,113.5
2814,Virginia,2019-12-01,204.3
2815,Vermont,2019-12-01,15.3
2816,Washington,2019-12-01,222.1
2817,Wisconsin,2019-12-01,126.0
2818,West Virginia,2019-12-01,31.8
2819,Wyoming,2019-12-01,22.9
2820,Alaska,2020-01-01,16.6
2821,Alabama,2020-01-01,94.9
2822,Arkansas,2020-01-01,53.6
2823,Arizona,2020-01-01,175.5
2824,California,2020-01-01,904.1
2825,Colorado,2020-01-01,180.1
2826,Connecticut,2020-01-01,58.8
2827,Florida,2020-01-01,573.4
2828,Georgia,2020-01-01,207.3
2829,Iowa,2020-01-01,79.0
2830,Idaho,2020-01-01,54.8
2831,Illinois,2020-01-01,228.8
2832,Indiana,2020-01-01,150.0
2833,Kansas,2020-01-01,63.9
2834,Kentucky,2020-01-01,80.7
2835,Louisiana,2020-01-01,136.8
2836,Massachusetts,2020-01-01,164.7
2837,Maine,2020-01-01,30.6
2838,Michigan,2020-01-01,177.3
2839,Minnesota,2020-01-01,129.1
2840,Missouri,2020-01-01,128.5
2841,Mississippi,2020-01-01,45.0
2842,Montana,2020-01-01,30.4
2843,North Carolina,2020-01-01,233.1
2844,North Dakota,2020-01-01,28.3
2845,New Hampshire,2020-01-01,28.6
2846,New Jersey,2020-01-01,162.5
2847,New Mexico,2020-01-01,52.0
2848,Nevada,2020-01-01,99.7
2849,New York,2020-01-01,408.3
2850,Ohio,2020-01-01,230.5
2851,Oklahoma,2020-01-01,82.6
2852,Oregon,2020-01-01,111.1
2853,Pennsylvania,2020-01-01,263.9
2854,Rhode Island,2020-01-01,20.2
2855,South Carolina,2020-01-01,106.6
2856,South Dakota,2020-01-01,24.0
2857,Maryland,2020-01-01,166.8
2858,Nebraska,2020-01-01,56.1
2859,Texas,2020-01-01,780.6
2860,Utah,2020-01-01,113.6
2861,Virginia,2020-01-01,205.8
2862,Vermont,2020-01-01,15.5
2863,Washington,2020-01-01,221.5
2864,Wisconsin,2020-01-01,126.6
2865,West Virginia,2020-01-01,32.5
2866,Wyoming,2020-01-01,23.2
2867,Alaska,2020-02-01,16.8
2868,Alabama,2020-02-01,94.6
2869,Arkansas,2020-02-01,53.2
2870,Arizona,2020-02-01,176.5
2871,California,2020-02-01,909.8
2872,Colorado,2020-02-01,179.3
2873,Connecticut,2020-02-01,59.3
2874,Florida,2020-02-01,574.0
2875,Georgia,2020-02-01,208.1
2876,Iowa,2020-02-01,79.0
2877,Idaho,2020-02-01,55.0
2878,Illinois,2020-02-01,227.9
2879,Indiana,2020-02-01,149.3
2880,Kansas,2020-02-01,64.3
2881,Kentucky,2020-02-01,80.4
2882,Louisiana,2020-02-01,137.3
2883,Massachusetts,2020-02-01,165.9
2884,Maine,2020-02-01,30.7
2885,Michigan,2020-02-01,177.5
2886,Minnesota,2020-02-01,129.2
2887,Missouri,2020-02-01,128.5
2888,Mississippi,2020-02-01,44.7
2889,Montana,2020-02-01,30.4
2890,North Carolina,2020-02-01,234.5
2891,North Dakota,2020-02-01,27.8
2892,New Hampshire,2020-02-01,28.7
2893,New Jersey,2020-02-01,162.9
2894,New Mexico,2020-02-01,51.9
2895,Nevada,2020-02-01,99.3
2896,New York,2020-02-01,408.9
2897,Ohio,2020-02-01,230.4
2898,Oklahoma,2020-02-01,81.3
2899,Oregon,2020-02-01,111.5
2900,Pennsylvania,2020-02-01,263.7
2901,Rhode Island,2020-02-01,20.4
2902,South Carolina,2020-02-01,106.6
2903,South Dakota,2020-02-01,23.9
2904,Maryland,2020-02-01,166.4
2905,Nebraska,2020-02-01,56.2
2906,Texas,2020-02-01,779.4
2907,Utah,2020-02-01,114.1
2908,Virginia,2020-02-01,206.7
2909,Vermont,2020-02-01,15.3
2910,Washington,2020-02-01,223.8
2911,Wisconsin,2020-02-01,126.6
2912,West Virginia,2020-02-01,32.3
2913,Wyoming,2020-02-01,22.8
2914,Alaska,2020-03-01,16.6
2915,Alabama,2020-03-01,94.0
2916,Arkansas,2020-03-01,53.5
2917,Arizona,2020-03-01,175.3
2918,California,2020-03-01,893.8
2919,Colorado,2020-03-01,179.7
2920,Connecticut,2020-03-01,59.2
2921,Florida,2020-03-01,572.6
2922,Georgia,2020-03-01,207.7
2923,Iowa,2020-03-01,78.4
2924,Idaho,2020-03-01,55.4
2925,Illinois,2020-03-01,224.3
2926,Indiana,2020-03-01,148.0
2927,Kansas,2020-03-01,64.4
2928,Kentucky,2020-03-01,80.4
2929,Louisiana,2020-03-01,133.6
2930,Massachusetts,2020-03-01,165.2
2931,Maine,2020-03-01,30.4
2932,Michigan,2020-03-01,177.3
2933,Minnesota,2020-03-01,129.2
2934,Missouri,2020-03-01,128.0
2935,Mississippi,2020-03-01,45.0
2936,Montana,2020-03-01,30.7
2937,North Carolina,2020-03-01,233.5
2938,North Dakota,2020-03-01,27.4
2939,New Hampshire,2020-03-01,28.9
2940,New Jersey,2020-03-01,162.9
2941,New Mexico,2020-03-01,51.8
2942,Nevada,2020-03-01,98.6
2943,New York,2020-03-01,404.0
2944,Ohio,2020-03-01,227.9
2945,Oklahoma,2020-03-01,80.9
2946,Oregon,2020-03-01,111.3
2947,Pennsylvania,2020-03-01,261.9
2948,Rhode Island,2020-03-01,20.1
2949,South Carolina,2020-03-01,106.3
2950,South Dakota,2020-03-01,24.0
2951,Maryland,2020-03-01,165.6
2952,Nebraska,2020-03-01,56.4
2953,Texas,2020-03-01,779.4
2954,Utah,2020-03-01,114.4
2955,Virginia,2020-03-01,206.1
2956,Vermont,2020-03-01,15.1
2957,Washington,2020-03-01,223.3
2958,Wisconsin,2020-03-01,126.4
2959,West Virginia,2020-03-01,32.3
2960,Wyoming,2020-03-01,22.7
2961,Alaska,2020-04-01,14.7
2962,Alabama,2020-04-01,89.6
2963,Arkansas,2020-04-01,51.5
2964,Arizona,2020-04-01,171.1
2965,California,2020-04-01,744.2
2966,Colorado,2020-04-01,169.1
2967,Connecticut,2020-04-01,49.4
2968,Florida,2020-04-01,536.7
2969,Georgia,2020-04-01,196.1
2970,Iowa,2020-04-01,73.6
2971,Idaho,2020-04-01,53.4
2972,Illinois,2020-04-01,198.9
2973,Indiana,2020-04-01,133.0
2974,Kansas,2020-04-01,61.0
2975,Kentucky,2020-04-01,72.8
2976,Louisiana,2020-04-01,113.2
2977,Massachusetts,2020-04-01,113.7
2978,Maine,2020-04-01,28.3
2979,Michigan,2020-04-01,104.5
2980,Minnesota,2020-04-01,116.9
2981,Missouri,2020-04-01,120.5
2982,Mississippi,2020-04-01,41.8
2983,Montana,2020-04-01,29.0
2984,North Carolina,2020-04-01,222.8
2985,North Dakota,2020-04-01,25.9
2986,New Hampshire,2020-04-01,25.6
2987,New Jersey,2020-04-01,131.8
2988,New Mexico,2020-04-01,48.4
2989,Nevada,2020-04-01,91.3
2990,New York,2020-04-01,249.2
2991,Ohio,2020-04-01,193.7
2992,Oklahoma,2020-04-01,77.2
2993,Oregon,2020-04-01,101.4
2994,Pennsylvania,2020-04-01,162.3
2995,Rhode Island,2020-04-01,15.8
2996,South Carolina,2020-04-01,101.3
2997,South Dakota,2020-04-01,23.7
2998,Maryland,2020-04-01,150.5
2999,Nebraska,2020-04-01,54.5
3000,Texas,2020-04-01,722.1
3001,Utah,2020-04-01,112.6
3002,Virginia,2020-04-01,195.3
3003,Vermont,2020-04-01,9.7
3004,Washington,2020-04-01,185.5
3005,Wisconsin,2020-04-01,117.7
3006,West Virginia,2020-04-01,26.1
3007,Wyoming,2020-04-01,20.7
3008,Alaska,2020-05-01,15.3
3009,Alabama,2020-05-01,90.8
3010,Arkansas,2020-05-01,52.6
3011,Arizona,2020-05-01,172.8
3012,California,2020-05-01,828.7
3013,Colorado,2020-05-01,174.2
3014,Connecticut,2020-05-01,54.0
3015,Florida,2020-05-01,558.9
3016,Georgia,2020-05-01,197.8
3017,Iowa,2020-05-01,76.6
3018,Idaho,2020-05-01,55.3
3019,Illinois,2020-05-01,208.1
3020,Indiana,2020-05-01,137.8
3021,Kansas,2020-05-01,62.8
3022,Kentucky,2020-05-01,74.6
3023,Louisiana,2020-05-01,114.0
3024,Massachusetts,2020-05-01,129.2
3025,Maine,2020-05-01,29.4
3026,Michigan,2020-05-01,146.2
3027,Minnesota,2020-05-01,122.5
3028,Missouri,2020-05-01,123.8
3029,Mississippi,2020-05-01,42.5
3030,Montana,2020-05-01,30.5
3031,North Carolina,2020-05-01,225.8
3032,North Dakota,2020-05-01,26.2
3033,New Hampshire,2020-05-01,26.9
3034,New Jersey,2020-05-01,140.8
3035,New Mexico,2020-05-01,47.9
3036,Nevada,2020-05-01,92.4
3037,New York,2020-05-01,300.7
3038,Ohio,2020-05-01,209.4
3039,Oklahoma,2020-05-01,79.8
3040,Oregon,2020-05-01,104.9
3041,Pennsylvania,2020-05-01,223.6
3042,Rhode Island,2020-05-01,17.5
3043,South Carolina,2020-05-01,102.6
3044,South Dakota,2020-05-01,24.2
3045,Maryland,2020-05-01,154.9
3046,Nebraska,2020-05-01,54.8
3047,Texas,2020-05-01,730.4
3048,Utah,2020-05-01,116.0
3049,Virginia,2020-05-01,198.2
3050,Vermont,2020-05-01,13.2
3051,Washington,2020-05-01,201.7
3052,Wisconsin,2020-05-01,122.3
3053,West Virginia,2020-05-01,28.2
3054,Wyoming,2020-05-01,21.0
3055,Alaska,2020-06-01,15.3
3056,Alabama,2020-06-01,92.3
3057,Arkansas,2020-06-01,52.7
3058,Arizona,2020-06-01,173.1
3059,California,2020-06-01,851.1
3060,Colorado,2020-06-01,174.0
3061,Connecticut,2020-06-01,55.8
3062,Florida,2020-06-01,566.8
3063,Georgia,2020-06-01,199.2
3064,Iowa,2020-06-01,76.1
3065,Idaho,2020-06-01,55.7
3066,Illinois,2020-06-01,212.9
3067,Indiana,2020-06-01,140.8
3068,Kansas,2020-06-01,62.9
3069,Kentucky,2020-06-01,76.0
3070,Louisiana,2020-06-01,115.5
3071,Massachusetts,2020-06-01,147.2
3072,Maine,2020-06-01,29.9
3073,Michigan,2020-06-01,162.3
3074,Minnesota,2020-06-01,121.1
3075,Missouri,2020-06-01,124.2
3076,Mississippi,2020-06-01,42.8
3077,Montana,2020-06-01,30.6
3078,North Carolina,2020-06-01,225.7
3079,North Dakota,2020-06-01,25.8
3080,New Hampshire,2020-06-01,27.6
3081,New Jersey,2020-06-01,147.8
3082,New Mexico,2020-06-01,47.3
3083,Nevada,2020-06-01,93.0
3084,New York,2020-06-01,349.4
3085,Ohio,2020-06-01,214.2
3086,Oklahoma,2020-06-01,79.1
3087,Oregon,2020-06-01,106.8
3088,Pennsylvania,2020-06-01,238.7
3089,Rhode Island,2020-06-01,18.2
3090,South Carolina,2020-06-01,102.5
3091,South Dakota,2020-06-01,24.0
3092,Maryland,2020-06-01,158.0
3093,Nebraska,2020-06-01,54.6
3094,Texas,2020-06-01,730.4
3095,Utah,2020-06-01,115.8
3096,Virginia,2020-06-01,200.2
3097,Vermont,2020-06-01,14.1
3098,Washington,2020-06-01,209.0
3099,Wisconsin,2020-06-01,122.6
3100,West Virginia,2020-06-01,28.9
3101,Wyoming,2020-06-01,20.9
3102,Alaska,2020-07-01,15.2
3103,Alabama,2020-07-01,91.6
3104,Arkansas,2020-07-01,52.7
3105,Arizona,2020-07-01,171.4
3106,California,2020-07-01,842.2
3107,Colorado,2020-07-01,172.5
3108,Connecticut,2020-07-01,56.6
3109,Florida,2020-07-01,560.2
3110,Georgia,2020-07-01,198.4
3111,Iowa,2020-07-01,75.6
3112,Idaho,2020-07-01,55.7
3113,Illinois,2020-07-01,214.4
3114,Indiana,2020-07-01,141.8
3115,Kansas,2020-07-01,62.6
3116,Kentucky,2020-07-01,76.0
3117,Louisiana,2020-07-01,115.5
3118,Massachusetts,2020-07-01,151.4
3119,Maine,2020-07-01,30.1
3120,Michigan,2020-07-01,166.1
3121,Minnesota,2020-07-01,120.2
3122,Missouri,2020-07-01,124.8
3123,Mississippi,2020-07-01,43.1
3124,Montana,2020-07-01,30.7
3125,North Carolina,2020-07-01,226.1
3126,North Dakota,2020-07-01,25.3
3127,New Hampshire,2020-07-01,27.5
3128,New Jersey,2020-07-01,149.0
3129,New Mexico,2020-07-01,47.2
3130,Nevada,2020-07-01,93.0
3131,New York,2020-07-01,362.0
3132,Ohio,2020-07-01,216.2
3133,Oklahoma,2020-07-01,78.1
3134,Oregon,2020-07-01,107.5
3135,Pennsylvania,2020-07-01,240.7
3136,Rhode Island,2020-07-01,18.7
3137,South Carolina,2020-07-01,102.2
3138,South Dakota,2020-07-01,24.7
3139,Maryland,2020-07-01,158.5
3140,Nebraska,2020-07-01,54.3
3141,Texas,2020-07-01,720.2
3142,Utah,2020-07-01,115.4
3143,Virginia,2020-07-01,200.2
3144,Vermont,2020-07-01,14.4
3145,Washington,2020-07-01,211.9
3146,Wisconsin,2020-07-01,122.8
3147,West Virginia,2020-07-01,28.7
3148,Wyoming,2020-07-01,20.9
3149,Alaska,2020-08-01,15.6
3150,Alabama,2020-08-01,91.9
3151,Arkansas,2020-08-01,53.1
3152,Arizona,2020-08-01,173.0
3153,California,2020-08-01,849.5
3154,Colorado,2020-08-01,172.8
3155,Connecticut,2020-08-01,57.4
3156,Florida,2020-08-01,564.9
3157,Georgia,2020-08-01,200.5
3158,Iowa,2020-08-01,75.9
3159,Idaho,2020-08-01,56.0
3160,Illinois,2020-08-01,215.7
3161,Indiana,2020-08-01,143.2
3162,Kansas,2020-08-01,63.0
3163,Kentucky,2020-08-01,77.1
3164,Louisiana,2020-08-01,117.2
3165,Massachusetts,2020-08-01,155.1
3166,Maine,2020-08-01,30.6
3167,Michigan,2020-08-01,170.6
3168,Minnesota,2020-08-01,121.7
3169,Missouri,2020-08-01,125.7
3170,Mississippi,2020-08-01,44.2
3171,Montana,2020-08-01,30.8
3172,North Carolina,2020-08-01,227.6
3173,North Dakota,2020-08-01,25.4
3174,New Hampshire,2020-08-01,27.9
3175,New Jersey,2020-08-01,151.6
3176,New Mexico,2020-08-01,46.9
3177,Nevada,2020-08-01,92.7
3178,New York,2020-08-01,371.8
3179,Ohio,2020-08-01,218.7
3180,Oklahoma,2020-08-01,77.4
3181,Oregon,2020-08-01,108.4
3182,Pennsylvania,2020-08-01,245.1
3183,Rhode Island,2020-08-01,19.0
3184,South Carolina,2020-08-01,102.5
3185,South Dakota,2020-08-01,24.7
3186,Maryland,2020-08-01,158.7
3187,Nebraska,2020-08-01,54.1
3188,Texas,2020-08-01,720.9
3189,Utah,2020-08-01,116.6
3190,Virginia,2020-08-01,202.4
3191,Vermont,2020-08-01,14.6
3192,Washington,2020-08-01,214.7
3193,Wisconsin,2020-08-01,123.7
3194,West Virginia,2020-08-01,28.9
3195,Wyoming,2020-08-01,20.8
3196,Alaska,2020-09-01,16.0
3197,Alabama,2020-09-01,92.0
3198,Arkansas,2020-09-01,53.4
3199,Arizona,2020-09-01,173.6
3200,California,2020-09-01,851.9
3201,Colorado,2020-09-01,172.6
3202,Connecticut,2020-09-01,57.8
3203,Florida,2020-09-01,563.2
3204,Georgia,2020-09-01,200.9
3205,Iowa,2020-09-01,74.7
3206,Idaho,2020-09-01,56.5
3207,Illinois,2020-09-01,214.4
3208,Indiana,2020-09-01,144.4
3209,Kansas,2020-09-01,62.9
3210,Kentucky,2020-09-01,77.7
3211,Louisiana,2020-09-01,118.7
3212,Massachusetts,2020-09-01,157.2
3213,Maine,2020-09-01,30.8
3214,Michigan,2020-09-01,172.2
3215,Minnesota,2020-09-01,122.8
3216,Missouri,2020-09-01,126.4
3217,Mississippi,2020-09-01,44.2
3218,Montana,2020-09-01,31.3
3219,North Carolina,2020-09-01,228.5
3220,North Dakota,2020-09-01,25.5
3221,New Hampshire,2020-09-01,28.2
3222,New Jersey,2020-09-01,153.4
3223,New Mexico,2020-09-01,46.8
3224,Nevada,2020-09-01,92.9
3225,New York,2020-09-01,374.2
3226,Ohio,2020-09-01,220.5
3227,Oklahoma,2020-09-01,77.0
3228,Oregon,2020-09-01,107.8
3229,Pennsylvania,2020-09-01,247.6
3230,Rhode Island,2020-09-01,19.2
3231,South Carolina,2020-09-01,102.6
3232,South Dakota,2020-09-01,24.8
3233,Maryland,2020-09-01,160.1
3234,Nebraska,2020-09-01,54.5
3235,Texas,2020-09-01,718.2
3236,Utah,2020-09-01,117.0
3237,Virginia,2020-09-01,203.6
3238,Vermont,2020-09-01,14.8
3239,Washington,2020-09-01,216.5
3240,Wisconsin,2020-09-01,123.6
3241,West Virginia,2020-09-01,29.3
3242,Wyoming,2020-09-01,20.6
3243,Alaska,2020-10-01,16.1
3244,Alabama,2020-10-01,93.0
3245,Arkansas,2020-10-01,53.7
3246,Arizona,2020-10-01,174.9
3247,California,2020-10-01,865.0
3248,Colorado,2020-10-01,173.4
3249,Connecticut,2020-10-01,58.1
3250,Florida,2020-10-01,564.4
3251,Georgia,2020-10-01,201.2
3252,Iowa,2020-10-01,76.0
3253,Idaho,2020-10-01,56.7
3254,Illinois,2020-10-01,217.0
3255,Indiana,2020-10-01,145.7
3256,Kansas,2020-10-01,63.2
3257,Kentucky,2020-10-01,78.7
3258,Louisiana,2020-10-01,120.2
3259,Massachusetts,2020-10-01,158.8
3260,Maine,2020-10-01,31.0
3261,Michigan,2020-10-01,172.8
3262,Minnesota,2020-10-01,124.1
3263,Missouri,2020-10-01,127.5
3264,Mississippi,2020-10-01,44.3
3265,Montana,2020-10-01,31.3
3266,North Carolina,2020-10-01,229.9
3267,North Dakota,2020-10-01,25.3
3268,New Hampshire,2020-10-01,28.5
3269,New Jersey,2020-10-01,154.1
3270,New Mexico,2020-10-01,47.6
3271,Nevada,2020-10-01,93.0
3272,New York,2020-10-01,375.5
3273,Ohio,2020-10-01,221.0
3274,Oklahoma,2020-10-01,77.1
3275,Oregon,2020-10-01,109.4
3276,Pennsylvania,2020-10-01,249.3
3277,Rhode Island,2020-10-01,19.5
3278,South Carolina,2020-10-01,102.8
3279,South Dakota,2020-10-01,25.2
3280,Maryland,2020-10-01,160.2
3281,Nebraska,2020-10-01,55.7
3282,Texas,2020-10-01,719.9
3283,Utah,2020-10-01,117.9
3284,Virginia,2020-10-01,204.3
3285,Vermont,2020-10-01,14.9
3286,Washington,2020-10-01,217.8
3287,Wisconsin,2020-10-01,125.3
3288,West Virginia,2020-10-01,29.7
3289,Wyoming,2020-10-01,20.2
3290,Alaska,2020-11-01,16.0
3291,Alabama,2020-11-01,93.1
3292,Arkansas,2020-11-01,54.4
3293,Arizona,2020-11-01,175.8
3294,California,2020-11-01,868.0
3295,Colorado,2020-11-01,174.0
3296,Connecticut,2020-11-01,58.6
3297,Florida,2020-11-01,566.6
3298,Georgia,2020-11-01,201.3
3299,Iowa,2020-11-01,76.0
3300,Idaho,2020-11-01,57.4
3301,Illinois,2020-11-01,217.4
3302,Indiana,2020-11-01,146.4
3303,Kansas,2020-11-01,63.2
3304,Kentucky,2020-11-01,78.3
3305,Louisiana,2020-11-01,122.8
3306,Massachusetts,2020-11-01,160.1
3307,Maine,2020-11-01,31.2
3308,Michigan,2020-11-01,173.3
3309,Minnesota,2020-11-01,122.7
3310,Missouri,2020-11-01,128.1
3311,Mississippi,2020-11-01,44.4
3312,Montana,2020-11-01,31.5
3313,North Carolina,2020-11-01,231.3
3314,North Dakota,2020-11-01,24.8
3315,New Hampshire,2020-11-01,28.6
3316,New Jersey,2020-11-01,154.7
3317,New Mexico,2020-11-01,47.3
3318,Nevada,2020-11-01,93.2
3319,New York,2020-11-01,377.3
3320,Ohio,2020-11-01,221.4
3321,Oklahoma,2020-11-01,77.5
3322,Oregon,2020-11-01,109.6
3323,Pennsylvania,2020-11-01,251.6
3324,Rhode Island,2020-11-01,19.6
3325,South Carolina,2020-11-01,103.4
3326,South Dakota,2020-11-01,24.6
3327,Maryland,2020-11-01,160.6
3328,Nebraska,2020-11-01,55.5
3329,Texas,2020-11-01,722.7
3330,Utah,2020-11-01,117.6
3331,Virginia,2020-11-01,204.7
3332,Vermont,2020-11-01,15.0
3333,Washington,2020-11-01,218.9
3334,Wisconsin,2020-11-01,125.2
3335,West Virginia,2020-11-01,30.1
3336,Wyoming,2020-11-01,20.0
3337,Alaska,2020-12-01,16.0
3338,Alabama,2020-12-01,93.8
3339,Arkansas,2020-12-01,54.7
3340,Arizona,2020-12-01,175.8
3341,California,2020-12-01,873.6
3342,Colorado,2020-12-01,175.1
3343,Connecticut,2020-12-01,58.5
3344,Florida,2020-12-01,568.9
3345,Georgia,2020-12-01,201.4
3346,Iowa,2020-12-01,77.6
3347,Idaho,2020-12-01,58.1
3348,Illinois,2020-12-01,219.6
3349,Indiana,2020-12-01,147.7
3350,Kansas,2020-12-01,64.0
3351,Kentucky,2020-12-01,78.5
3352,Louisiana,2020-12-01,123.4
3353,Massachusetts,2020-12-01,161.2
3354,Maine,2020-12-01,31.9
3355,Michigan,2020-12-01,174.5
3356,Minnesota,2020-12-01,128.2
3357,Missouri,2020-12-01,127.9
3358,Mississippi,2020-12-01,43.8
3359,Montana,2020-12-01,31.9
3360,North Carolina,2020-12-01,232.8
3361,North Dakota,2020-12-01,25.3
3362,New Hampshire,2020-12-01,28.8
3363,New Jersey,2020-12-01,155.3
3364,New Mexico,2020-12-01,47.4
3365,Nevada,2020-12-01,94.0
3366,New York,2020-12-01,377.9
3367,Ohio,2020-12-01,221.8
3368,Oklahoma,2020-12-01,77.8
3369,Oregon,2020-12-01,110.0
3370,Pennsylvania,2020-12-01,252.0
3371,Rhode Island,2020-12-01,19.8
3372,South Carolina,2020-12-01,104.1
3373,South Dakota,2020-12-01,25.1
3374,Maryland,2020-12-01,161.4
3375,Nebraska,2020-12-01,56.2
3376,Texas,2020-12-01,722.0
3377,Utah,2020-12-01,119.5
3378,Virginia,2020-12-01,205.5
3379,Vermont,2020-12-01,15.1
3380,Washington,2020-12-01,220.3
3381,Wisconsin,2020-12-01,126.7
3382,West Virginia,2020-12-01,30.2
3383,Wyoming,2020-12-01,20.8
3384,Alaska,2021-01-01,15.8
3385,Alabama,2021-01-01,93.9
3386,Arkansas,2021-01-01,54.8
3387,Arizona,2021-01-01,175.5
3388,California,2021-01-01,874.9
3389,Colorado,2021-01-01,176.1
3390,Connecticut,2021-01-01,58.5
3391,Florida,2021-01-01,570.4
3392,Georgia,2021-01-01,203.1
3393,Iowa,2021-01-01,77.1
3394,Idaho,2021-01-01,58.2
3395,Illinois,2021-01-01,220.7
3396,Indiana,2021-01-01,148.1
3397,Kansas,2021-01-01,64.1
3398,Kentucky,2021-01-01,78.5
3399,Louisiana,2021-01-01,124.9
3400,Massachusetts,2021-01-01,161.4
3401,Maine,2021-01-01,31.5
3402,Michigan,2021-01-01,172.7
3403,Minnesota,2021-01-01,129.5
3404,Missouri,2021-01-01,129.1
3405,Mississippi,2021-01-01,43.5
3406,Montana,2021-01-01,32.2
3407,North Carolina,2021-01-01,235.6
3408,North Dakota,2021-01-01,24.9
3409,New Hampshire,2021-01-01,28.6
3410,New Jersey,2021-01-01,155.7
3411,New Mexico,2021-01-01,47.0
3412,Nevada,2021-01-01,94.4
3413,New York,2021-01-01,377.4
3414,Ohio,2021-01-01,221.9
3415,Oklahoma,2021-01-01,77.6
3416,Oregon,2021-01-01,110.7
3417,Pennsylvania,2021-01-01,251.7
3418,Rhode Island,2021-01-01,19.6
3419,South Carolina,2021-01-01,103.7
3420,South Dakota,2021-01-01,24.7
3421,Maryland,2021-01-01,161.4
3422,Nebraska,2021-01-01,55.5
3423,Texas,2021-01-01,723.5
3424,Utah,2021-01-01,120.6
3425,Virginia,2021-01-01,205.8
3426,Vermont,2021-01-01,14.9
3427,Washington,2021-01-01,220.3
3428,Wisconsin,2021-01-01,125.4
3429,West Virginia,2021-01-01,30.5
3430,Wyoming,2021-01-01,20.4
3431,Alaska,2021-02-01,15.7
3432,Alabama,2021-02-01,93.5
3433,Arkansas,2021-02-01,53.4
3434,Arizona,2021-02-01,175.4
3435,California,2021-02-01,877.9
3436,Colorado,2021-02-01,176.1
3437,Connecticut,2021-02-01,58.6
3438,Florida,2021-02-01,571.3
3439,Georgia,2021-02-01,202.8
3440,Iowa,2021-02-01,74.6
3441,Idaho,2021-02-01,58.7
3442,Illinois,2021-02-01,215.8
3443,Indiana,2021-02-01,143.6
3444,Kansas,2021-02-01,59.6
3445,Kentucky,2021-02-01,78.1
3446,Louisiana,2021-02-01,125.1
3447,Massachusetts,2021-02-01,161.5
3448,Maine,2021-02-01,31.7
3449,Michigan,2021-02-01,170.0
3450,Minnesota,2021-02-01,125.7
3451,Missouri,2021-02-01,121.1
3452,Mississippi,2021-02-01,42.9
3453,Montana,2021-02-01,31.1
3454,North Carolina,2021-02-01,235.5
3455,North Dakota,2021-02-01,24.2
3456,New Hampshire,2021-02-01,28.6
3457,New Jersey,2021-02-01,152.2
3458,New Mexico,2021-02-01,47.1
3459,Nevada,2021-02-01,96.5
3460,New York,2021-02-01,369.4
3461,Ohio,2021-02-01,217.2
3462,Oklahoma,2021-02-01,74.7
3463,Oregon,2021-02-01,109.6
3464,Pennsylvania,2021-02-01,247.5
3465,Rhode Island,2021-02-01,19.4
3466,South Carolina,2021-02-01,103.7
3467,South Dakota,2021-02-01,24.6
3468,Maryland,2021-02-01,160.5
3469,Nebraska,2021-02-01,54.1
3470,Texas,2021-02-01,712.9
3471,Utah,2021-02-01,121.2
3472,Virginia,2021-02-01,205.1
3473,Vermont,2021-02-01,14.8
3474,Washington,2021-02-01,219.7
3475,Wisconsin,2021-02-01,120.4
3476,West Virginia,2021-02-01,30.2
3477,Wyoming,2021-02-01,20.6
3478,Alaska,2021-03-01,15.7
3479,Alabama,2021-03-01,93.6
3480,Arkansas,2021-03-01,55.3
3481,Arizona,2021-03-01,176.4
3482,California,2021-03-01,885.1
3483,Colorado,2021-03-01,176.8
3484,Connecticut,2021-03-01,58.8
3485,Florida,2021-03-01,577.7
3486,Georgia,2021-03-01,203.9
3487,Iowa,2021-03-01,76.6
3488,Idaho,2021-03-01,59.6
3489,Illinois,2021-03-01,221.1
3490,Indiana,2021-03-01,146.3
3491,Kansas,2021-03-01,63.4
3492,Kentucky,2021-03-01,78.7
3493,Louisiana,2021-03-01,127.3
3494,Massachusetts,2021-03-01,162.5
3495,Maine,2021-03-01,31.8
3496,Michigan,2021-03-01,173.1
3497,Minnesota,2021-03-01,128.9
3498,Missouri,2021-03-01,129.9
3499,Mississippi,2021-03-01,43.5
3500,Montana,2021-03-01,32.5
3501,North Carolina,2021-03-01,236.8
3502,North Dakota,2021-03-01,24.8
3503,New Hampshire,2021-03-01,28.4
3504,New Jersey,2021-03-01,155.1
3505,New Mexico,2021-03-01,47.7
3506,Nevada,2021-03-01,97.8
3507,New York,2021-03-01,377.3
3508,Ohio,2021-03-01,220.9
3509,Oklahoma,2021-03-01,78.2
3510,Oregon,2021-03-01,111.2
3511,Pennsylvania,2021-03-01,252.7
3512,Rhode Island,2021-03-01,19.7
3513,South Carolina,2021-03-01,104.4
3514,South Dakota,2021-03-01,25.2
3515,Maryland,2021-03-01,161.0
3516,Nebraska,2021-03-01,55.6
3517,Texas,2021-03-01,732.4
3518,Utah,2021-03-01,121.9
3519,Virginia,2021-03-01,205.6
3520,Vermont,2021-03-01,14.8
3521,Washington,2021-03-01,222.0
3522,Wisconsin,2021-03-01,125.0
3523,West Virginia,2021-03-01,31.0
3524,Wyoming,2021-03-01,20.6
3525,Alaska,2021-04-01,15.5
3526,Alabama,2021-04-01,93.3
3527,Arkansas,2021-04-01,55.6
3528,Arizona,2021-04-01,176.8
3529,California,2021-04-01,886.3
3530,Colorado,2021-04-01,176.6
3531,Connecticut,2021-04-01,58.9
3532,Florida,2021-04-01,573.8
3533,Georgia,2021-04-01,204.3
3534,Iowa,2021-04-01,77.9
3535,Idaho,2021-04-01,60.7
3536,Illinois,2021-04-01,223.6
3537,Indiana,2021-04-01,148.9
3538,Kansas,2021-04-01,63.4
3539,Kentucky,2021-04-01,78.8
3540,Louisiana,2021-04-01,130.2
3541,Massachusetts,2021-04-01,162.7
3542,Maine,2021-04-01,32.1
3543,Michigan,2021-04-01,176.3
3544,Minnesota,2021-04-01,130.8
3545,Missouri,2021-04-01,130.6
3546,Mississippi,2021-04-01,44.0
3547,Montana,2021-04-01,32.5
3548,North Carolina,2021-04-01,238.2
3549,North Dakota,2021-04-01,26.0
3550,New Hampshire,2021-04-01,28.9
3551,New Jersey,2021-04-01,156.8
3552,New Mexico,2021-04-01,47.2
3553,Nevada,2021-04-01,99.2
3554,New York,2021-04-01,375.1
3555,Ohio,2021-04-01,222.9
3556,Oklahoma,2021-04-01,78.8
3557,Oregon,2021-04-01,111.3
3558,Pennsylvania,2021-04-01,254.1
3559,Rhode Island,2021-04-01,19.8
3560,South Carolina,2021-04-01,104.8
3561,South Dakota,2021-04-01,25.4
3562,Maryland,2021-04-01,160.7
3563,Nebraska,2021-04-01,56.0
3564,Texas,2021-04-01,733.1
3565,Utah,2021-04-01,122.4
3566,Virginia,2021-04-01,207.0
3567,Vermont,2021-04-01,15.3
3568,Washington,2021-04-01,223.4
3569,Wisconsin,2021-04-01,128.2
3570,West Virginia,2021-04-01,30.4
3571,Wyoming,2021-04-01,20.9
3572,Alaska,2021-05-01,15.8
3573,Alabama,2021-05-01,93.7
3574,Arkansas,2021-05-01,55.3
3575,Arizona,2021-05-01,177.1
3576,California,2021-05-01,883.1
3577,Colorado,2021-05-01,176.4
3578,Connecticut,2021-05-01,59.1
3579,Florida,2021-05-01,575.3
3580,Georgia,2021-05-01,203.9
3581,Iowa,2021-05-01,78.1
3582,Idaho,2021-05-01,60.7
3583,Illinois,2021-05-01,221.4
3584,Indiana,2021-05-01,148.4
3585,Kansas,2021-05-01,63.7
3586,Kentucky,2021-05-01,79.2
3587,Louisiana,2021-05-01,130.4
3588,Massachusetts,2021-05-01,163.1
3589,Maine,2021-05-01,31.9
3590,Michigan,2021-05-01,175.5
3591,Minnesota,2021-05-01,129.4
3592,Missouri,2021-05-01,131.6
3593,Mississippi,2021-05-01,44.5
3594,Montana,2021-05-01,32.7
3595,North Carolina,2021-05-01,238.3
3596,North Dakota,2021-05-01,25.5
3597,New Hampshire,2021-05-01,28.9
3598,New Jersey,2021-05-01,156.9
3599,New Mexico,2021-05-01,47.2
3600,Nevada,2021-05-01,98.8
3601,New York,2021-05-01,373.5
3602,Ohio,2021-05-01,222.1
3603,Oklahoma,2021-05-01,78.8
3604,Oregon,2021-05-01,111.0
3605,Pennsylvania,2021-05-01,253.8
3606,Rhode Island,2021-05-01,19.8
3607,South Carolina,2021-05-01,104.7
3608,South Dakota,2021-05-01,25.3
3609,Maryland,2021-05-01,160.4
3610,Nebraska,2021-05-01,55.9
3611,Texas,2021-05-01,730.9
3612,Utah,2021-05-01,121.9
3613,Virginia,2021-05-01,207.4
3614,Vermont,2021-05-01,15.2
3615,Washington,2021-05-01,223.3
3616,Wisconsin,2021-05-01,127.5
3617,West Virginia,2021-05-01,30.1
3618,Wyoming,2021-05-01,20.9
3619,Alaska,2021-06-01,16.0
3620,Alabama,2021-06-01,93.5
3621,Arkansas,2021-06-01,55.2
3622,Arizona,2021-06-01,178.1
3623,California,2021-06-01,878.4
3624,Colorado,2021-06-01,175.6
3625,Connecticut,2021-06-01,59.0
3626,Florida,2021-06-01,575.6
3627,Georgia,2021-06-01,204.3
3628,Iowa,2021-06-01,78.3
3629,Idaho,2021-06-01,60.6
3630,Illinois,2021-06-01,221.7
3631,Indiana,2021-06-01,148.3
3632,Kansas,2021-06-01,63.9
3633,Kentucky,2021-06-01,79.3
3634,Louisiana,2021-06-01,130.5
3635,Massachusetts,2021-06-01,163.3
3636,Maine,2021-06-01,31.6
3637,Michigan,2021-06-01,176.1
3638,Minnesota,2021-06-01,130.5
3639,Missouri,2021-06-01,132.3
3640,Mississippi,2021-06-01,44.7
3641,Montana,2021-06-01,32.6
3642,North Carolina,2021-06-01,238.4
3643,North Dakota,2021-06-01,25.4
3644,New Hampshire,2021-06-01,29.0
3645,New Jersey,2021-06-01,156.9
3646,New Mexico,2021-06-01,47.5
3647,Nevada,2021-06-01,99.1
3648,New York,2021-06-01,373.5
3649,Ohio,2021-06-01,221.4
3650,Oklahoma,2021-06-01,79.1
3651,Oregon,2021-06-01,110.6
3652,Pennsylvania,2021-06-01,253.9
3653,Rhode Island,2021-06-01,19.9
3654,South Carolina,2021-06-01,104.2
3655,South Dakota,2021-06-01,25.5
3656,Maryland,2021-06-01,159.6
3657,Nebraska,2021-06-01,56.1
3658,Texas,2021-06-01,732.4
3659,Utah,2021-06-01,121.6
3660,Virginia,2021-06-01,206.7
3661,Vermont,2021-06-01,15.2
3662,Washington,2021-06-01,222.7
3663,Wisconsin,2021-06-01,127.0
3664,West Virginia,2021-06-01,30.1
3665,Wyoming,2021-06-01,21.1
3666,Alaska,2021-07-01,16.4
3667,Alabama,2021-07-01,94.7
3668,Arkansas,2021-07-01,55.5
3669,Arizona,2021-07-01,179.4
3670,California,2021-07-01,883.2
3671,Colorado,2021-07-01,177.4
3672,Connecticut,2021-07-01,59.5
3673,Florida,2021-07-01,576.7
3674,Georgia,2021-07-01,207.5
3675,Iowa,2021-07-01,79.0
3676,Idaho,2021-07-01,61.2
3677,Illinois,2021-07-01,222.7
3678,Indiana,2021-07-01,149.6
3679,Kansas,2021-07-01,64.9
3680,Kentucky,2021-07-01,79.7
3681,Louisiana,2021-07-01,130.6
3682,Massachusetts,2021-07-01,164.8
3683,Maine,2021-07-01,32.0
3684,Michigan,2021-07-01,177.9
3685,Minnesota,2021-07-01,132.8
3686,Missouri,2021-07-01,133.5
3687,Mississippi,2021-07-01,45.1
3688,Montana,2021-07-01,33.2
3689,North Carolina,2021-07-01,239.1
3690,North Dakota,2021-07-01,26.3
3691,New Hampshire,2021-07-01,29.4
3692,New Jersey,2021-07-01,157.8
3693,New Mexico,2021-07-01,48.3
3694,Nevada,2021-07-01,98.6
3695,New York,2021-07-01,373.1
3696,Ohio,2021-07-01,224.7
3697,Oklahoma,2021-07-01,78.9
3698,Oregon,2021-07-01,111.0
3699,Pennsylvania,2021-07-01,255.4
3700,Rhode Island,2021-07-01,20.2
3701,South Carolina,2021-07-01,105.4
3702,South Dakota,2021-07-01,25.0
3703,Maryland,2021-07-01,160.0
3704,Nebraska,2021-07-01,56.1
3705,Texas,2021-07-01,739.4
3706,Utah,2021-07-01,122.8
3707,Virginia,2021-07-01,207.3
3708,Vermont,2021-07-01,15.2
3709,Washington,2021-07-01,223.3
3710,Wisconsin,2021-07-01,127.4
3711,West Virginia,2021-07-01,30.8
3712,Wyoming,2021-07-01,21.1
3713,Alaska,2021-08-01,16.1
3714,Alabama,2021-08-01,94.2
3715,Arkansas,2021-08-01,55.4
3716,Arizona,2021-08-01,180.0
3717,California,2021-08-01,881.8
3718,Colorado,2021-08-01,177.2
3719,Connecticut,2021-08-01,59.7
3720,Florida,2021-08-01,577.8
3721,Georgia,2021-08-01,206.4
3722,Iowa,2021-08-01,78.9
3723,Idaho,2021-08-01,61.3
3724,Illinois,2021-08-01,222.2
3725,Indiana,2021-08-01,150.5
3726,Kansas,2021-08-01,65.0
3727,Kentucky,2021-08-01,79.3
3728,Louisiana,2021-08-01,130.6
3729,Massachusetts,2021-08-01,165.1
3730,Maine,2021-08-01,32.2
3731,Michigan,2021-08-01,177.5
3732,Minnesota,2021-08-01,132.0
3733,Missouri,2021-08-01,133.7
3734,Mississippi,2021-08-01,45.1
3735,Montana,2021-08-01,33.4
3736,North Carolina,2021-08-01,238.8
3737,North Dakota,2021-08-01,25.6
3738,New Hampshire,2021-08-01,29.4
3739,New Jersey,2021-08-01,157.5
3740,New Mexico,2021-08-01,47.8
3741,Nevada,2021-08-01,98.4
3742,New York,2021-08-01,373.8
3743,Ohio,2021-08-01,225.3
3744,Oklahoma,2021-08-01,79.2
3745,Oregon,2021-08-01,110.5
3746,Pennsylvania,2021-08-01,256.1
3747,Rhode Island,2021-08-01,20.2
3748,South Carolina,2021-08-01,104.9
3749,South Dakota,2021-08-01,24.9
3750,Maryland,2021-08-01,159.7
3751,Nebraska,2021-08-01,56.2
3752,Texas,2021-08-01,739.2
3753,Utah,2021-08-01,123.1
3754,Virginia,2021-08-01,206.7
3755,Vermont,2021-08-01,15.2
3756,Washington,2021-08-01,223.2
3757,Wisconsin,2021-08-01,127.5
3758,West Virginia,2021-08-01,30.7
3759,Wyoming,2021-08-01,21.3
3760,Alaska,2021-09-01,16.0
3761,Alabama,2021-09-01,94.9
3762,Arkansas,2021-09-01,55.3
3763,Arizona,2021-09-01,182.1
3764,California,2021-09-01,878.1
3765,Colorado,2021-09-01,177.8
3766,Connecticut,2021-09-01,60.0
3767,Florida,2021-09-01,578.9
3768,Georgia,2021-09-01,207.2
3769,Iowa,2021-09-01,79.1
3770,Idaho,2021-09-01,61.0
3771,Illinois,2021-09-01,223.7
3772,Indiana,2021-09-01,151.4
3773,Kansas,2021-09-01,64.7
3774,Kentucky,2021-09-01,79.0
3775,Louisiana,2021-09-01,129.7
3776,Massachusetts,2021-09-01,165.5
3777,Maine,2021-09-01,32.3
3778,Michigan,2021-09-01,177.6
3779,Minnesota,2021-09-01,130.5
3780,Missouri,2021-09-01,133.9
3781,Mississippi,2021-09-01,45.7
3782,Montana,2021-09-01,33.4
3783,North Carolina,2021-09-01,237.8
3784,North Dakota,2021-09-01,25.5
3785,New Hampshire,2021-09-01,29.6
3786,New Jersey,2021-09-01,158.8
3787,New Mexico,2021-09-01,48.0
3788,Nevada,2021-09-01,97.4
3789,New York,2021-09-01,375.4
3790,Ohio,2021-09-01,225.1
3791,Oklahoma,2021-09-01,78.2
3792,Oregon,2021-09-01,110.8
3793,Pennsylvania,2021-09-01,256.3
3794,Rhode Island,2021-09-01,20.3
3795,South Carolina,2021-09-01,105.2
3796,South Dakota,2021-09-01,25.0
3797,Maryland,2021-09-01,159.9
3798,Nebraska,2021-09-01,56.2
3799,Texas,2021-09-01,741.8
3800,Utah,2021-09-01,123.5
3801,Virginia,2021-09-01,205.8
3802,Vermont,2021-09-01,15.2
3803,Washington,2021-09-01,224.1
3804,Wisconsin,2021-09-01,127.7
3805,West Virginia,2021-09-01,30.9
3806,Wyoming,2021-09-01,21.5
3807,Alaska,2021-10-01,16.1
3808,Alabama,2021-10-01,95.1
3809,Arkansas,2021-10-01,55.6
3810,Arizona,2021-10-01,182.2
3811,California,2021-10-01,888.9
3812,Colorado,2021-10-01,179.2
3813,Connecticut,2021-10-01,60.3
3814,Florida,2021-10-01,582.8
3815,Georgia,2021-10-01,208.5
3816,Iowa,2021-10-01,79.4
3817,Idaho,2021-10-01,61.7
3818,Illinois,2021-10-01,224.2
3819,Indiana,2021-10-01,152.4
3820,Kansas,2021-10-01,64.6
3821,Kentucky,2021-10-01,81.0
3822,Louisiana,2021-10-01,131.9
3823,Massachusetts,2021-10-01,167.0
3824,Maine,2021-10-01,32.3
3825,Michigan,2021-10-01,179.1
3826,Minnesota,2021-10-01,131.1
3827,Missouri,2021-10-01,134.3
3828,Mississippi,2021-10-01,46.0
3829,Montana,2021-10-01,33.7
3830,North Carolina,2021-10-01,240.0
3831,North Dakota,2021-10-01,25.7
3832,New Hampshire,2021-10-01,29.8
3833,New Jersey,2021-10-01,160.4
3834,New Mexico,2021-10-01,48.5
3835,Nevada,2021-10-01,98.4
3836,New York,2021-10-01,379.1
3837,Ohio,2021-10-01,227.4
3838,Oklahoma,2021-10-01,79.3
3839,Oregon,2021-10-01,112.2
3840,Pennsylvania,2021-10-01,258.0
3841,Rhode Island,2021-10-01,20.4
3842,South Carolina,2021-10-01,105.9
3843,South Dakota,2021-10-01,24.9
3844,Maryland,2021-10-01,160.5
3845,Nebraska,2021-10-01,56.3
3846,Texas,2021-10-01,751.2
3847,Utah,2021-10-01,124.4
3848,Virginia,2021-10-01,207.6
3849,Vermont,2021-10-01,15.3
3850,Washington,2021-10-01,227.3
3851,Wisconsin,2021-10-01,128.8
3852,West Virginia,2021-10-01,31.6
3853,Wyoming,2021-10-01,21.3
3854,Alaska,2021-11-01,16.0
3855,Alabama,2021-11-01,95.9
3856,Arkansas,2021-11-01,55.9
3857,Arizona,2021-11-01,183.2
3858,California,2021-11-01,894.5
3859,Colorado,2021-11-01,179.8
3860,Connecticut,2021-11-01,60.4
3861,Florida,2021-11-01,585.6
3862,Georgia,2021-11-01,209.8
3863,Iowa,2021-11-01,80.3
3864,Idaho,2021-11-01,62.2
3865,Illinois,2021-11-01,225.8
3866,Indiana,2021-11-01,153.8
3867,Kansas,2021-11-01,64.7
3868,Kentucky,2021-11-01,81.0
3869,Louisiana,2021-11-01,131.4
3870,Massachusetts,2021-11-01,167.5
3871,Maine,2021-11-01,32.4
3872,Michigan,2021-11-01,181.8
3873,Minnesota,2021-11-01,131.8
3874,Missouri,2021-11-01,135.9
3875,Mississippi,2021-11-01,46.3
3876,Montana,2021-11-01,34.5
3877,North Carolina,2021-11-01,241.2
3878,North Dakota,2021-11-01,25.9
3879,New Hampshire,2021-11-01,29.7
3880,New Jersey,2021-11-01,161.3
3881,New Mexico,2021-11-01,48.4
3882,Nevada,2021-11-01,99.9
3883,New York,2021-11-01,381.3
3884,Ohio,2021-11-01,229.7
3885,Oklahoma,2021-11-01,79.4
3886,Oregon,2021-11-01,112.8
3887,Pennsylvania,2021-11-01,258.7
3888,Rhode Island,2021-11-01,20.6
3889,South Carolina,2021-11-01,106.2
3890,South Dakota,2021-11-01,25.3
3891,Maryland,2021-11-01,161.2
3892,Nebraska,2021-11-01,55.8
3893,Texas,2021-11-01,755.0
3894,Utah,2021-11-01,125.1
3895,Virginia,2021-11-01,207.8
3896,Vermont,2021-11-01,15.4
3897,Washington,2021-11-01,228.0
3898,Wisconsin,2021-11-01,129.5
3899,West Virginia,2021-11-01,32.1
3900,Wyoming,2021-11-01,21.6
3901,Alaska,2021-12-01,16.1
3902,Alabama,2021-12-01,96.2
3903,Arkansas,2021-12-01,56.2
3904,Arizona,2021-12-01,185.4
3905,California,2021-12-01,894.1
3906,Colorado,2021-12-01,180.5
3907,Connecticut,2021-12-01,60.9
3908,Florida,2021-12-01,585.7
3909,Georgia,2021-12-01,210.4
3910,Iowa,2021-12-01,80.7
3911,Idaho,2021-12-01,62.9
3912,Illinois,2021-12-01,228.3
3913,Indiana,2021-12-01,154.0
3914,Kansas,2021-12-01,65.1
3915,Kentucky,2021-12-01,81.5
3916,Louisiana,2021-12-01,131.3
3917,Massachusetts,2021-12-01,167.9
3918,Maine,2021-12-01,32.3
3919,Michigan,2021-12-01,181.1
3920,Minnesota,2021-12-01,131.5
3921,Missouri,2021-12-01,137.1
3922,Mississippi,2021-12-01,46.6
3923,Montana,2021-12-01,35.0
3924,North Carolina,2021-12-01,242.0
3925,North Dakota,2021-12-01,25.8
3926,New Hampshire,2021-12-01,29.8
3927,New Jersey,2021-12-01,161.9
3928,New Mexico,2021-12-01,48.4
3929,Nevada,2021-12-01,100.5
3930,New York,2021-12-01,382.3
3931,Ohio,2021-12-01,230.2
3932,Oklahoma,2021-12-01,80.0
3933,Oregon,2021-12-01,113.1
3934,Pennsylvania,2021-12-01,259.8
3935,Rhode Island,2021-12-01,20.6
3936,South Carolina,2021-12-01,106.5
3937,South Dakota,2021-12-01,25.5
3938,Maryland,2021-12-01,161.5
3939,Nebraska,2021-12-01,57.0
3940,Texas,2021-12-01,759.7
3941,Utah,2021-12-01,126.3
3942,Virginia,2021-12-01,208.0
3943,Vermont,2021-12-01,15.4
3944,Washington,2021-12-01,228.3
3945,Wisconsin,2021-12-01,129.5
3946,West Virginia,2021-12-01,32.4
3947,Wyoming,2021-12-01,21.5
3948,Alaska,2022-01-01,16.0
3949,Alabama,2022-01-01,97.1
3950,Arkansas,2022-01-01,56.4
3951,Arizona,2022-01-01,186.9
3952,California,2022-01-01,897.7
3953,Colorado,2022-01-01,180.5
3954,Connecticut,2022-01-01,59.5
3955,Florida,2022-01-01,587.4
3956,Georgia,2022-01-01,209.7
3957,Iowa,2022-01-01,80.0
3958,Idaho,2022-01-01,64.2
3959,Illinois,2022-01-01,226.5
3960,Indiana,2022-01-01,153.5
3961,Kansas,2022-01-01,64.8
3962,Kentucky,2022-01-01,82.4
3963,Louisiana,2022-01-01,130.0
3964,Massachusetts,2022-01-01,167.8
3965,Maine,2022-01-01,32.5
3966,Michigan,2022-01-01,179.9
3967,Minnesota,2022-01-01,131.3
3968,Missouri,2022-01-01,136.7
3969,Mississippi,2022-01-01,47.8
3970,Montana,2022-01-01,34.7
3971,North Carolina,2022-01-01,242.3
3972,North Dakota,2022-01-01,25.9
3973,New Hampshire,2022-01-01,29.7
3974,New Jersey,2022-01-01,161.2
3975,New Mexico,2022-01-01,48.2
3976,Nevada,2022-01-01,101.8
3977,New York,2022-01-01,382.0
3978,Ohio,2022-01-01,230.3
3979,Oklahoma,2022-01-01,79.5
3980,Oregon,2022-01-01,113.8
3981,Pennsylvania,2022-01-01,257.4
3982,Rhode Island,2022-01-01,20.7
3983,South Carolina,2022-01-01,106.9
3984,South Dakota,2022-01-01,25.6
3985,Maryland,2022-01-01,160.4
3986,Nebraska,2022-01-01,56.9
3987,Texas,2022-01-01,760.4
3988,Utah,2022-01-01,127.7
3989,Virginia,2022-01-01,206.2
3990,Vermont,2022-01-01,15.4
3991,Washington,2022-01-01,227.3
3992,Wisconsin,2022-01-01,128.7
3993,West Virginia,2022-01-01,32.4
3994,Wyoming,2022-01-01,21.3
3995,Alaska,2022-02-01,15.9
3996,Alabama,2022-02-01,98.1
3997,Arkansas,2022-02-01,56.5
3998,Arizona,2022-02-01,189.3
3999,California,2022-02-01,912.2
4000,Colorado,2022-02-01,181.7
4001,Connecticut,2022-02-01,61.2
4002,Florida,2022-02-01,590.5
4003,Georgia,2022-02-01,210.8
4004,Iowa,2022-02-01,80.7
4005,Idaho,2022-02-01,64.9
4006,Illinois,2022-02-01,227.5
4007,Indiana,2022-02-01,153.3
4008,Kansas,2022-02-01,64.2
4009,Kentucky,2022-02-01,82.7
4010,Louisiana,2022-02-01,128.7
4011,Massachusetts,2022-02-01,168.9
4012,Maine,2022-02-01,32.8
4013,Michigan,2022-02-01,181.7
4014,Minnesota,2022-02-01,132.8
4015,Missouri,2022-02-01,136.8
4016,Mississippi,2022-02-01,47.4
4017,Montana,2022-02-01,35.4
4018,North Carolina,2022-02-01,243.7
4019,North Dakota,2022-02-01,26.1
4020,New Hampshire,2022-02-01,29.9
4021,New Jersey,2022-02-01,163.2
4022,New Mexico,2022-02-01,48.7
4023,Nevada,2022-02-01,103.0
4024,New York,2022-02-01,383.1
4025,Ohio,2022-02-01,229.7
4026,Oklahoma,2022-02-01,79.3
4027,Oregon,2022-02-01,114.9
4028,Pennsylvania,2022-02-01,258.8
4029,Rhode Island,2022-02-01,20.9
4030,South Carolina,2022-02-01,107.3
4031,South Dakota,2022-02-01,25.9
4032,Maryland,2022-02-01,161.9
4033,Nebraska,2022-02-01,57.6
4034,Texas,2022-02-01,764.3
4035,Utah,2022-02-01,129.0
4036,Virginia,2022-02-01,207.8
4037,Vermont,2022-02-01,15.4
4038,Washington,2022-02-01,229.8
4039,Wisconsin,2022-02-01,130.1
4040,West Virginia,2022-02-01,33.0
4041,Wyoming,2022-02-01,21.4
4042,Alaska,2022-03-01,15.9
4043,Alabama,2022-03-01,98.9
4044,Arkansas,2022-03-01,56.6
4045,Arizona,2022-03-01,190.4
4046,California,2022-03-01,922.5
4047,Colorado,2022-03-01,181.2
4048,Connecticut,2022-03-01,61.4
4049,Florida,2022-03-01,592.7
4050,Georgia,2022-03-01,211.1
4051,Iowa,2022-03-01,80.3
4052,Idaho,2022-03-01,65.4
4053,Illinois,2022-03-01,227.9
4054,Indiana,2022-03-01,153.7
4055,Kansas,2022-03-01,63.0
4056,Kentucky,2022-03-01,82.2
4057,Louisiana,2022-03-01,127.7
4058,Massachusetts,2022-03-01,168.8
4059,Maine,2022-03-01,32.9
4060,Michigan,2022-03-01,182.4
4061,Minnesota,2022-03-01,132.1
4062,Missouri,2022-03-01,137.3
4063,Mississippi,2022-03-01,46.4
4064,Montana,2022-03-01,35.7
4065,North Carolina,2022-03-01,244.9
4066,North Dakota,2022-03-01,26.2
4067,New Hampshire,2022-03-01,30.0
4068,New Jersey,2022-03-01,163.1
4069,New Mexico,2022-03-01,48.9
4070,Nevada,2022-03-01,104.7
4071,New York,2022-03-01,384.3
4072,Ohio,2022-03-01,231.7
4073,Oklahoma,2022-03-01,79.2
4074,Oregon,2022-03-01,115.2
4075,Pennsylvania,2022-03-01,260.0
4076,Rhode Island,2022-03-01,20.8
4077,South Carolina,2022-03-01,107.5
4078,South Dakota,2022-03-01,25.7
4079,Maryland,2022-03-01,161.6
4080,Nebraska,2022-03-01,57.4
4081,Texas,2022-03-01,766.2
4082,Utah,2022-03-01,130.1
4083,Virginia,2022-03-01,208.1
4084,Vermont,2022-03-01,15.5
4085,Washington,2022-03-01,230.1
4086,Wisconsin,2022-03-01,130.3
4087,West Virginia,2022-03-01,32.5
4088,Wyoming,2022-03-01,21.2
4089,Alaska,2022-04-01,16.1
4090,Alabama,2022-04-01,99.3
4091,Arkansas,2022-04-01,56.7
4092,Arizona,2022-04-01,192.5
4093,California,2022-04-01,914.8
4094,Colorado,2022-04-01,183.6
4095,Connecticut,2022-04-01,61.7
4096,Florida,2022-04-01,595.1
4097,Georgia,2022-04-01,213.0
4098,Iowa,2022-04-01,80.5
4099,Idaho,2022-04-01,64.6
4100,Illinois,2022-04-01,227.8
4101,Indiana,2022-04-01,154.9
4102,Kansas,2022-04-01,64.1
4103,Kentucky,2022-04-01,82.3
4104,Louisiana,2022-04-01,130.0
4105,Massachusetts,2022-04-01,170.4
4106,Maine,2022-04-01,32.9
4107,Michigan,2022-04-01,184.8
4108,Minnesota,2022-04-01,131.8
4109,Missouri,2022-04-01,137.7
4110,Mississippi,2022-04-01,45.5
4111,Montana,2022-04-01,35.7
4112,North Carolina,2022-04-01,246.2
4113,North Dakota,2022-04-01,25.9
4114,New Hampshire,2022-04-01,30.1
4115,New Jersey,2022-04-01,163.1
4116,New Mexico,2022-04-01,50.1
4117,Nevada,2022-04-01,104.8
4118,New York,2022-04-01,386.5
4119,Ohio,2022-04-01,233.4
4120,Oklahoma,2022-04-01,78.7
4121,Oregon,2022-04-01,115.2
4122,Pennsylvania,2022-04-01,260.1
4123,Rhode Island,2022-04-01,21.0
4124,South Carolina,2022-04-01,108.4
4125,South Dakota,2022-04-01,26.0
4126,Maryland,2022-04-01,161.4
4127,Nebraska,2022-04-01,57.3
4128,Texas,2022-04-01,773.4
4129,Utah,2022-04-01,130.8
4130,Virginia,2022-04-01,209.6
4131,Vermont,2022-04-01,15.7
4132,Washington,2022-04-01,229.5
4133,Wisconsin,2022-04-01,130.5
4134,West Virginia,2022-04-01,31.9
4135,Wyoming,2022-04-01,21.3
4136,Alaska,2022-05-01,16.2
4137,Alabama,2022-05-01,99.5
4138,Arkansas,2022-05-01,57.3
4139,Arizona,2022-05-01,194.3
4140,California,2022-05-01,914.8
4141,Colorado,2022-05-01,183.2
4142,Connecticut,2022-05-01,61.2
4143,Florida,2022-05-01,598.3
4144,Georgia,2022-05-01,213.4
4145,Iowa,2022-05-01,80.7
4146,Idaho,2022-05-01,64.9
4147,Illinois,2022-05-01,229.8
4148,Indiana,2022-05-01,155.6
4149,Kansas,2022-05-01,64.3
4150,Kentucky,2022-05-01,82.5
4151,Louisiana,2022-05-01,129.1
4152,Massachusetts,2022-05-01,169.8
4153,Maine,2022-05-01,32.7
4154,Michigan,2022-05-01,183.9
4155,Minnesota,2022-05-01,132.6
4156,Missouri,2022-05-01,138.7
4157,Mississippi,2022-05-01,45.8
4158,Montana,2022-05-01,35.8
4159,North Carolina,2022-05-01,247.0
4160,North Dakota,2022-05-01,25.8
4161,New Hampshire,2022-05-01,30.0
4162,New Jersey,2022-05-01,163.2
4163,New Mexico,2022-05-01,50.2
4164,Nevada,2022-05-01,105.5
4165,New York,2022-05-01,387.1
4166,Ohio,2022-05-01,234.4
4167,Oklahoma,2022-05-01,79.0
4168,Oregon,2022-05-01,114.8
4169,Pennsylvania,2022-05-01,259.6
4170,Rhode Island,2022-05-01,20.9
4171,South Carolina,2022-05-01,108.4
4172,South Dakota,2022-05-01,25.8
4173,Maryland,2022-05-01,161.2
4174,Nebraska,2022-05-01,57.0
4175,Texas,2022-05-01,777.9
4176,Utah,2022-05-01,131.5
4177,Virginia,2022-05-01,209.1
4178,Vermont,2022-05-01,15.5
4179,Washington,2022-05-01,230.1
4180,Wisconsin,2022-05-01,130.8
4181,West Virginia,2022-05-01,31.6
4182,Wyoming,2022-05-01,21.2
4183,Alaska,2022-06-01,16.2
4184,Alabama,2022-06-01,99.3
4185,Arkansas,2022-06-01,57.6
4186,Arizona,2022-06-01,195.7
4187,California,2022-06-01,916.4
4188,Colorado,2022-06-01,183.2
4189,Connecticut,2022-06-01,60.9
4190,Florida,2022-06-01,601.3
4191,Georgia,2022-06-01,213.7
4192,Iowa,2022-06-01,81.2
4193,Idaho,2022-06-01,65.8
4194,Illinois,2022-06-01,229.7
4195,Indiana,2022-06-01,156.2
4196,Kansas,2022-06-01,64.6
4197,Kentucky,2022-06-01,82.4
4198,Louisiana,2022-06-01,128.8
4199,Massachusetts,2022-06-01,170.3
4200,Maine,2022-06-01,32.5
4201,Michigan,2022-06-01,183.9
4202,Minnesota,2022-06-01,132.9
4203,Missouri,2022-06-01,139.2
4204,Mississippi,2022-06-01,46.0
4205,Montana,2022-06-01,35.8
4206,North Carolina,2022-06-01,247.7
4207,North Dakota,2022-06-01,25.9
4208,New Hampshire,2022-06-01,30.1
4209,New Jersey,2022-06-01,163.3
4210,New Mexico,2022-06-01,49.7
4211,Nevada,2022-06-01,105.8
4212,New York,2022-06-01,389.0
4213,Ohio,2022-06-01,233.5
4214,Oklahoma,2022-06-01,79.1
4215,Oregon,2022-06-01,115.0
4216,Pennsylvania,2022-06-01,259.1
4217,Rhode Island,2022-06-01,20.9
4218,South Carolina,2022-06-01,108.6
4219,South Dakota,2022-06-01,26.0
4220,Maryland,2022-06-01,160.5
4221,Nebraska,2022-06-01,57.5
4222,Texas,2022-06-01,781.7
4223,Utah,2022-06-01,131.1
4224,Virginia,2022-06-01,209.4
4225,Vermont,2022-06-01,15.5
4226,Washington,2022-06-01,231.1
4227,Wisconsin,2022-06-01,131.4
4228,West Virginia,2022-06-01,31.6
4229,Wyoming,2022-06-01,21.2
4230,Alaska,2022-07-01,16.2
4231,Alabama,2022-07-01,99.7
4232,Arkansas,2022-07-01,58.4
4233,Arizona,2022-07-01,197.0
4234,California,2022-07-01,915.9
4235,Colorado,2022-07-01,183.0
4236,Connecticut,2022-07-01,61.0
4237,Florida,2022-07-01,605.9
4238,Georgia,2022-07-01,214.2
4239,Iowa,2022-07-01,81.6
4240,Idaho,2022-07-01,67.4
4241,Illinois,2022-07-01,231.4
4242,Indiana,2022-07-01,157.6
4243,Kansas,2022-07-01,65.3
4244,Kentucky,2022-07-01,83.3
4245,Louisiana,2022-07-01,130.3
4246,Massachusetts,2022-07-01,169.9
4247,Maine,2022-07-01,32.7
4248,Michigan,2022-07-01,183.6
4249,Minnesota,2022-07-01,134.1
4250,Missouri,2022-07-01,139.2
4251,Mississippi,2022-07-01,46.4
4252,Montana,2022-07-01,36.4
4253,North Carolina,2022-07-01,248.5
4254,North Dakota,2022-07-01,25.9
4255,New Hampshire,2022-07-01,30.3
4256,New Jersey,2022-07-01,164.2
4257,New Mexico,2022-07-01,49.8
4258,Nevada,2022-07-01,107.3
4259,New York,2022-07-01,388.8
4260,Ohio,2022-07-01,233.8
4261,Oklahoma,2022-07-01,79.7
4262,Oregon,2022-07-01,116.0
4263,Pennsylvania,2022-07-01,258.8
4264,Rhode Island,2022-07-01,20.9
4265,South Carolina,2022-07-01,109.0
4266,South Dakota,2022-07-01,26.2
4267,Maryland,2022-07-01,161.1
4268,Nebraska,2022-07-01,58.4
4269,Texas,2022-07-01,789.2
4270,Utah,2022-07-01,132.5
4271,Virginia,2022-07-01,210.7
4272,Vermont,2022-07-01,15.5
4273,Washington,2022-07-01,233.4
4274,Wisconsin,2022-07-01,132.6
4275,West Virginia,2022-07-01,31.3
4276,Wyoming,2022-07-01,21.2
4277,Alaska,2022-08-01,16.2
4278,Alabama,2022-08-01,99.5
4279,Arkansas,2022-08-01,58.8
4280,Arizona,2022-08-01,198.8
4281,California,2022-08-01,915.3
4282,Colorado,2022-08-01,183.6
4283,Connecticut,2022-08-01,61.1
4284,Florida,2022-08-01,606.8
4285,Georgia,2022-08-01,213.9
4286,Iowa,2022-08-01,81.6
4287,Idaho,2022-08-01,67.5
4288,Illinois,2022-08-01,233.2
4289,Indiana,2022-08-01,158.1
4290,Kansas,2022-08-01,65.0
4291,Kentucky,2022-08-01,83.8
4292,Louisiana,2022-08-01,130.1
4293,Massachusetts,2022-08-01,169.9
4294,Maine,2022-08-01,32.7
4295,Michigan,2022-08-01,183.8
4296,Minnesota,2022-08-01,134.5
4297,Missouri,2022-08-01,140.0
4298,Mississippi,2022-08-01,45.9
4299,Montana,2022-08-01,36.9
4300,North Carolina,2022-08-01,249.5
4301,North Dakota,2022-08-01,26.1
4302,New Hampshire,2022-08-01,30.5
4303,New Jersey,2022-08-01,164.6
4304,New Mexico,2022-08-01,49.9
4305,Nevada,2022-08-01,108.2
4306,New York,2022-08-01,389.6
4307,Ohio,2022-08-01,234.1
4308,Oklahoma,2022-08-01,80.2
4309,Oregon,2022-08-01,116.5
4310,Pennsylvania,2022-08-01,258.7
4311,Rhode Island,2022-08-01,21.0
4312,South Carolina,2022-08-01,109.3
4313,South Dakota,2022-08-01,26.2
4314,Maryland,2022-08-01,161.2
4315,Nebraska,2022-08-01,58.7
4316,Texas,2022-08-01,791.7
4317,Utah,2022-08-01,133.3
4318,Virginia,2022-08-01,211.1
4319,Vermont,2022-08-01,15.5
4320,Washington,2022-08-01,233.9
4321,Wisconsin,2022-08-01,133.1
4322,West Virginia,2022-08-01,31.4
4323,Wyoming,2022-08-01,21.1
4324,Alaska,2022-09-01,16.2
4325,Alabama,2022-09-01,100.0
4326,Arkansas,2022-09-01,59.6
4327,Arizona,2022-09-01,200.0
4328,California,2022-09-01,919.1
4329,Colorado,2022-09-01,184.2
4330,Connecticut,2022-09-01,61.1
4331,Florida,2022-09-01,609.1
4332,Georgia,2022-09-01,215.6
4333,Iowa,2022-09-01,81.7
4334,Idaho,2022-09-01,67.4
4335,Illinois,2022-09-01,233.0
4336,Indiana,2022-09-01,159.0
4337,Kansas,2022-09-01,65.4
4338,Kentucky,2022-09-01,84.4
4339,Louisiana,2022-09-01,130.8
4340,Massachusetts,2022-09-01,170.7
4341,Maine,2022-09-01,32.8
4342,Michigan,2022-09-01,184.5
4343,Minnesota,2022-09-01,134.3
4344,Missouri,2022-09-01,140.5
4345,Mississippi,2022-09-01,45.8
4346,Montana,2022-09-01,37.1
4347,North Carolina,2022-09-01,250.3
4348,North Dakota,2022-09-01,26.5
4349,New Hampshire,2022-09-01,30.5
4350,New Jersey,2022-09-01,164.6
4351,New Mexico,2022-09-01,50.1
4352,Nevada,2022-09-01,109.3
4353,New York,2022-09-01,390.4
4354,Ohio,2022-09-01,234.5
4355,Oklahoma,2022-09-01,80.2
4356,Oregon,2022-09-01,117.0
4357,Pennsylvania,2022-09-01,259.4
4358,Rhode Island,2022-09-01,21.1
4359,South Carolina,2022-09-01,109.8
4360,South Dakota,2022-09-01,26.3
4361,Maryland,2022-09-01,161.4
4362,Nebraska,2022-09-01,59.1
4363,Texas,2022-09-01,796.9
4364,Utah,2022-09-01,133.4
4365,Virginia,2022-09-01,212.0
4366,Vermont,2022-09-01,15.5
4367,Washington,2022-09-01,234.8
4368,Wisconsin,2022-09-01,134.1
4369,West Virginia,2022-09-01,31.5
4370,Wyoming,2022-09-01,21.2
4371,Alaska,2022-10-01,16.2
4372,Alabama,2022-10-01,99.7
4373,Arkansas,2022-10-01,60.0
4374,Arizona,2022-10-01,202.0
4375,California,2022-10-01,912.5
4376,Colorado,2022-10-01,184.4
4377,Connecticut,2022-10-01,61.3
4378,Florida,2022-10-01,610.7
4379,Georgia,2022-10-01,216.3
4380,Iowa,2022-10-01,81.4
4381,Idaho,2022-10-01,67.7
4382,Illinois,2022-10-01,233.7
4383,Indiana,2022-10-01,158.4
4384,Kansas,2022-10-01,65.4
4385,Kentucky,2022-10-01,84.9
4386,Louisiana,2022-10-01,127.5
4387,Massachusetts,2022-10-01,170.7
4388,Maine,2022-10-01,33.1
4389,Michigan,2022-10-01,183.5
4390,Minnesota,2022-10-01,134.7
4391,Missouri,2022-10-01,140.3
4392,Mississippi,2022-10-01,45.9
4393,Montana,2022-10-01,37.1
4394,North Carolina,2022-10-01,250.4
4395,North Dakota,2022-10-01,26.6
4396,New Hampshire,2022-10-01,30.6
4397,New Jersey,2022-10-01,164.1
4398,New Mexico,2022-10-01,50.0
4399,Nevada,2022-10-01,109.7
4400,New York,2022-10-01,389.6
4401,Ohio,2022-10-01,234.9
4402,Oklahoma,2022-10-01,80.2
4403,Oregon,2022-10-01,117.0
4404,Pennsylvania,2022-10-01,258.8
4405,Rhode Island,2022-10-01,21.3
4406,South Carolina,2022-10-01,109.2
4407,South Dakota,2022-10-01,26.6
4408,Maryland,2022-10-01,161.0
4409,Nebraska,2022-10-01,59.1
4410,Texas,2022-10-01,796.9
4411,Utah,2022-10-01,133.7
4412,Virginia,2022-10-01,212.6
4413,Vermont,2022-10-01,15.4
4414,Washington,2022-10-01,234.8
4415,Wisconsin,2022-10-01,134.1
4416,West Virginia,2022-10-01,31.3
4417,Wyoming,2022-10-01,21.2
4418,Alaska,2022-11-01,16.4
4419,Alabama,2022-11-01,99.8
4420,Arkansas,2022-11-01,60.3
4421,Arizona,2022-11-01,203.9
4422,California,2022-11-01,903.3
4423,Colorado,2022-11-01,185.0
4424,Connecticut,2022-11-01,61.4
4425,Florida,2022-11-01,613.1
4426,Georgia,2022-11-01,216.0
4427,Iowa,2022-11-01,82.0
4428,Idaho,2022-11-01,67.7
4429,Illinois,2022-11-01,233.2
4430,Indiana,2022-11-01,158.6
4431,Kansas,2022-11-01,65.9
4432,Kentucky,2022-11-01,85.1
4433,Louisiana,2022-11-01,127.6
4434,Massachusetts,2022-11-01,171.2
4435,Maine,2022-11-01,33.3
4436,Michigan,2022-11-01,185.9
4437,Minnesota,2022-11-01,134.8
4438,Missouri,2022-11-01,140.8
4439,Mississippi,2022-11-01,46.2
4440,Montana,2022-11-01,36.4
4441,North Carolina,2022-11-01,251.3
4442,North Dakota,2022-11-01,27.1
4443,New Hampshire,2022-11-01,30.7
4444,New Jersey,2022-11-01,164.7
4445,New Mexico,2022-11-01,50.3
4446,Nevada,2022-11-01,109.9
4447,New York,2022-11-01,391.1
4448,Ohio,2022-11-01,235.5
4449,Oklahoma,2022-11-01,80.6
4450,Oregon,2022-11-01,116.7
4451,Pennsylvania,2022-11-01,259.1
4452,Rhode Island,2022-11-01,21.4
4453,South Carolina,2022-11-01,109.4
4454,South Dakota,2022-11-01,26.5
4455,Maryland,2022-11-01,160.5
4456,Nebraska,2022-11-01,59.5
4457,Texas,2022-11-01,799.2
4458,Utah,2022-11-01,133.6
4459,Virginia,2022-11-01,212.9
4460,Vermont,2022-11-01,15.5
4461,Washington,2022-11-01,233.6
4462,Wisconsin,2022-11-01,134.4
4463,West Virginia,2022-11-01,31.5
4464,Wyoming,2022-11-01,21.4
4465,Alaska,2022-12-01,16.3
4466,Alabama,2022-12-01,100.0
4467,Arkansas,2022-12-01,60.0
4468,Arizona,2022-12-01,204.2
4469,California,2022-12-01,909.0
4470,Colorado,2022-12-01,184.1
4471,Connecticut,2022-12-01,61.5
4472,Florida,2022-12-01,616.6
4473,Georgia,2022-12-01,216.3
4474,Iowa,2022-12-01,81.0
4475,Idaho,2022-12-01,67.3
4476,Illinois,2022-12-01,233.7
4477,Indiana,2022-12-01,158.7
4478,Kansas,2022-12-01,66.4
4479,Kentucky,2022-12-01,85.6
4480,Louisiana,2022-12-01,127.8
4481,Massachusetts,2022-12-01,171.4
4482,Maine,2022-12-01,33.3
4483,Michigan,2022-12-01,185.2
4484,Minnesota,2022-12-01,131.6
4485,Missouri,2022-12-01,140.9
4486,Mississippi,2022-12-01,46.6
4487,Montana,2022-12-01,36.4
4488,North Carolina,2022-12-01,252.7
4489,North Dakota,2022-12-01,26.8
4490,New Hampshire,2022-12-01,30.9
4491,New Jersey,2022-12-01,163.9
4492,New Mexico,2022-12-01,50.9
4493,Nevada,2022-12-01,110.4
4494,New York,2022-12-01,392.0
4495,Ohio,2022-12-01,236.0
4496,Oklahoma,2022-12-01,80.7
4497,Oregon,2022-12-01,117.2
4498,Pennsylvania,2022-12-01,259.7
4499,Rhode Island,2022-12-01,21.5
4500,South Carolina,2022-12-01,109.9
4501,South Dakota,2022-12-01,26.4
4502,Maryland,2022-12-01,160.4
4503,Nebraska,2022-12-01,58.9
4504,Texas,2022-12-01,802.5
4505,Utah,2022-12-01,133.3
4506,Virginia,2022-12-01,213.2
4507,Vermont,2022-12-01,15.4
4508,Washington,2022-12-01,232.9
4509,Wisconsin,2022-12-01,134.2
4510,West Virginia,2022-12-01,31.6
4511,Wyoming,2022-12-01,21.4
4512,Alaska,2023-01-01,16.5
4513,Alabama,2023-01-01,100.0
4514,Arkansas,2023-01-01,61.3
4515,Arizona,2023-01-01,205.3
4516,California,2023-01-01,882.6
4517,Colorado,2023-01-01,184.0
4518,Connecticut,2023-01-01,61.8
4519,Florida,2023-01-01,619.2
4520,Georgia,2023-01-01,218.1
4521,Iowa,2023-01-01,82.3
4522,Idaho,2023-01-01,66.8
4523,Illinois,2023-01-01,235.5
4524,Indiana,2023-01-01,161.5
4525,Kansas,2023-01-01,68.1
4526,Kentucky,2023-01-01,88.5
4527,Louisiana,2023-01-01,128.3
4528,Massachusetts,2023-01-01,172.6
4529,Maine,2023-01-01,33.6
4530,Michigan,2023-01-01,186.8
4531,Minnesota,2023-01-01,136.1
4532,Missouri,2023-01-01,143.2
4533,Mississippi,2023-01-01,47.1
4534,Montana,2023-01-01,37.2
4535,North Carolina,2023-01-01,256.1
4536,North Dakota,2023-01-01,28.1
4537,New Hampshire,2023-01-01,31.2
4538,New Jersey,2023-01-01,166.2
4539,New Mexico,2023-01-01,51.5
4540,Nevada,2023-01-01,110.5
4541,New York,2023-01-01,396.1
4542,Ohio,2023-01-01,238.2
4543,Oklahoma,2023-01-01,81.7
4544,Oregon,2023-01-01,118.7
4545,Pennsylvania,2023-01-01,261.9
4546,Rhode Island,2023-01-01,21.6
4547,South Carolina,2023-01-01,110.8
4548,South Dakota,2023-01-01,27.4
4549,Maryland,2023-01-01,161.3
4550,Nebraska,2023-01-01,60.1
4551,Texas,2023-01-01,812.3
4552,Utah,2023-01-01,132.9
4553,Virginia,2023-01-01,215.1
4554,Vermont,2023-01-01,15.7
4555,Washington,2023-01-01,233.2
4556,Wisconsin,2023-01-01,135.8
4557,West Virginia,2023-01-01,33.0
4558,Wyoming,2023-01-01,21.5
4559,Alaska,2023-02-01,16.4
4560,Alabama,2023-02-01,100.1
4561,Arkansas,2023-02-01,61.4
4562,Arizona,2023-02-01,206.2
4563,California,2023-02-01,910.1
4564,Colorado,2023-02-01,183.8
4565,Connecticut,2023-02-01,62.3
4566,Florida,2023-02-01,620.6
4567,Georgia,2023-02-01,218.6
4568,Iowa,2023-02-01,82.8
4569,Idaho,2023-02-01,66.8
4570,Illinois,2023-02-01,234.5
4571,Indiana,2023-02-01,160.9
4572,Kansas,2023-02-01,67.2
4573,Kentucky,2023-02-01,88.5
4574,Louisiana,2023-02-01,129.8
4575,Massachusetts,2023-02-01,172.8
4576,Maine,2023-02-01,33.6
4577,Michigan,2023-02-01,187.3
4578,Minnesota,2023-02-01,136.2
4579,Missouri,2023-02-01,142.8
4580,Mississippi,2023-02-01,47.5
4581,Montana,2023-02-01,37.0
4582,North Carolina,2023-02-01,256.2
4583,North Dakota,2023-02-01,28.4
4584,New Hampshire,2023-02-01,31.2
4585,New Jersey,2023-02-01,166.3
4586,New Mexico,2023-02-01,51.4
4587,Nevada,2023-02-01,112.2
4588,New York,2023-02-01,393.9
4589,Ohio,2023-02-01,238.0
4590,Oklahoma,2023-02-01,81.3
4591,Oregon,2023-02-01,117.8
4592,Pennsylvania,2023-02-01,262.2
4593,Rhode Island,2023-02-01,21.6
4594,South Carolina,2023-02-01,110.9
4595,South Dakota,2023-02-01,27.5
4596,Maryland,2023-02-01,161.7
4597,Nebraska,2023-02-01,60.6
4598,Texas,2023-02-01,809.9
4599,Utah,2023-02-01,132.8
4600,Virginia,2023-02-01,214.8
4601,Vermont,2023-02-01,15.7
4602,Washington,2023-02-01,232.8
4603,Wisconsin,2023-02-01,136.1
4604,West Virginia,2023-02-01,32.8
4605,Wyoming,2023-02-01,21.7
4606,Alaska,2023-03-01,16.5
4607,Alabama,2023-03-01,100.0
4608,Arkansas,2023-03-01,61.9
4609,Arizona,2023-03-01,207.6
4610,California,2023-03-01,902.5
4611,Colorado,2023-03-01,184.6
4612,Connecticut,2023-03-01,62.3
4613,Florida,2023-03-01,622.9
4614,Georgia,2023-03-01,219.6
4615,Iowa,2023-03-01,82.7
4616,Idaho,2023-03-01,66.8
4617,Illinois,2023-03-01,234.2
4618,Indiana,2023-03-01,161.2
4619,Kansas,2023-03-01,67.5
4620,Kentucky,2023-03-01,88.7
4621,Louisiana,2023-03-01,131.0
4622,Massachusetts,2023-03-01,173.2
4623,Maine,2023-03-01,33.6
4624,Michigan,2023-03-01,186.7
4625,Minnesota,2023-03-01,134.9
4626,Missouri,2023-03-01,142.8
4627,Mississippi,2023-03-01,47.6
4628,Montana,2023-03-01,36.8
4629,North Carolina,2023-03-01,257.2
4630,North Dakota,2023-03-01,27.9
4631,New Hampshire,2023-03-01,31.3
4632,New Jersey,2023-03-01,165.7
4633,New Mexico,2023-03-01,51.9
4634,Nevada,2023-03-01,111.3
4635,New York,2023-03-01,392.5
4636,Ohio,2023-03-01,236.7
4637,Oklahoma,2023-03-01,81.3
4638,Oregon,2023-03-01,117.7
4639,Pennsylvania,2023-03-01,260.3
4640,Rhode Island,2023-03-01,21.5
4641,South Carolina,2023-03-01,111.0
4642,South Dakota,2023-03-01,27.3
4643,Maryland,2023-03-01,161.3
4644,Nebraska,2023-03-01,60.5
4645,Texas,2023-03-01,814.1
4646,Utah,2023-03-01,132.5
4647,Virginia,2023-03-01,214.9
4648,Vermont,2023-03-01,15.7
4649,Washington,2023-03-01,232.3
4650,Wisconsin,2023-03-01,136.4
4651,West Virginia,2023-03-01,32.2
4652,Wyoming,2023-03-01,21.9
4653,Alaska,2023-04-01,16.4
4654,Alabama,2023-04-01,100.6
4655,Arkansas,2023-04-01,62.6
4656,Arizona,2023-04-01,212.3
4657,California,2023-04-01,904.9
4658,Colorado,2023-04-01,185.0
4659,Connecticut,2023-04-01,61.9
4660,Florida,2023-04-01,625.8
4661,Georgia,2023-04-01,219.7
4662,Iowa,2023-04-01,83.3
4663,Idaho,2023-04-01,67.4
4664,Illinois,2023-04-01,237.8
4665,Indiana,2023-04-01,161.6
4666,Kansas,2023-04-01,67.7
4667,Kentucky,2023-04-01,89.0
4668,Louisiana,2023-04-01,130.0
4669,Massachusetts,2023-04-01,172.9
4670,Maine,2023-04-01,33.9
4671,Michigan,2023-04-01,188.4
4672,Minnesota,2023-04-01,132.4
4673,Missouri,2023-04-01,142.9
4674,Mississippi,2023-04-01,48.0
4675,Montana,2023-04-01,37.0
4676,North Carolina,2023-04-01,257.2
4677,North Dakota,2023-04-01,27.4
4678,New Hampshire,2023-04-01,31.6
4679,New Jersey,2023-04-01,165.5
4680,New Mexico,2023-04-01,52.2
4681,Nevada,2023-04-01,111.9
4682,New York,2023-04-01,392.9
4683,Ohio,2023-04-01,236.7
4684,Oklahoma,2023-04-01,82.0
4685,Oregon,2023-04-01,118.0
4686,Pennsylvania,2023-04-01,260.1
4687,Rhode Island,2023-04-01,21.4
4688,South Carolina,2023-04-01,110.5
4689,South Dakota,2023-04-01,27.6
4690,Maryland,2023-04-01,161.5
4691,Nebraska,2023-04-01,60.9
4692,Texas,2023-04-01,814.4
4693,Utah,2023-04-01,132.9
4694,Virginia,2023-04-01,213.5
4695,Vermont,2023-04-01,15.8
4696,Washington,2023-04-01,231.3
4697,Wisconsin,2023-04-01,137.0
4698,West Virginia,2023-04-01,32.3
4699,Wyoming,2023-04-01,21.9
4700,Alaska,2023-05-01,16.7
4701,Alabama,2023-05-01,100.4
4702,Arkansas,2023-05-01,63.0
4703,Arizona,2023-05-01,213.7
4704,California,2023-05-01,910.4
4705,Colorado,2023-05-01,185.0
4706,Connecticut,2023-05-01,61.7
4707,Florida,2023-05-01,627.4
4708,Georgia,2023-05-01,220.4
4709,Iowa,2023-05-01,83.0
4710,Idaho,2023-05-01,68.0
4711,Illinois,2023-05-01,234.8
4712,Indiana,2023-05-01,161.0
4713,Kansas,2023-05-01,67.3
4714,Kentucky,2023-05-01,88.9
4715,Louisiana,2023-05-01,130.7
4716,Massachusetts,2023-05-01,172.3
4717,Maine,2023-05-01,33.9
4718,Michigan,2023-05-01,188.7
4719,Minnesota,2023-05-01,135.5
4720,Missouri,2023-05-01,142.9
4721,Mississippi,2023-05-01,48.2
4722,Montana,2023-05-01,36.9
4723,North Carolina,2023-05-01,258.3
4724,North Dakota,2023-05-01,27.5
4725,New Hampshire,2023-05-01,31.2
4726,New Jersey,2023-05-01,165.7
4727,New Mexico,2023-05-01,52.5
4728,Nevada,2023-05-01,111.9
4729,New York,2023-05-01,392.9
4730,Ohio,2023-05-01,236.2
4731,Oklahoma,2023-05-01,82.4
4732,Oregon,2023-05-01,118.4
4733,Pennsylvania,2023-05-01,260.2
4734,Rhode Island,2023-05-01,21.5
4735,South Carolina,2023-05-01,110.8
4736,South Dakota,2023-05-01,27.9
4737,Maryland,2023-05-01,161.5
4738,Nebraska,2023-05-01,61.0
4739,Texas,2023-05-01,817.6
4740,Utah,2023-05-01,134.1
4741,Virginia,2023-05-01,213.5
4742,Vermont,2023-05-01,15.6
4743,Washington,2023-05-01,230.9
4744,Wisconsin,2023-05-01,136.5
4745,West Virginia,2023-05-01,32.0
4746,Wyoming,2023-05-01,22.0
4747,Alaska,2023-06-01,17.0
4748,Alabama,2023-06-01,101.4
4749,Arkansas,2023-06-01,63.9
4750,Arizona,2023-06-01,216.6
4751,California,2023-06-01,916.1
4752,Colorado,2023-06-01,185.8
4753,Connecticut,2023-06-01,61.7
4754,Florida,2023-06-01,629.4
4755,Georgia,2023-06-01,221.4
4756,Iowa,2023-06-01,83.7
4757,Idaho,2023-06-01,68.5
4758,Illinois,2023-06-01,236.0
4759,Indiana,2023-06-01,162.0
4760,Kansas,2023-06-01,67.8
4761,Kentucky,2023-06-01,89.4
4762,Louisiana,2023-06-01,130.9
4763,Massachusetts,2023-06-01,172.4
4764,Maine,2023-06-01,34.0
4765,Michigan,2023-06-01,190.2
4766,Minnesota,2023-06-01,136.7
4767,Missouri,2023-06-01,143.4
4768,Mississippi,2023-06-01,48.8
4769,Montana,2023-06-01,36.7
4770,North Carolina,2023-06-01,259.9
4771,North Dakota,2023-06-01,27.7
4772,New Hampshire,2023-06-01,31.4
4773,New Jersey,2023-06-01,166.3
4774,New Mexico,2023-06-01,53.3
4775,Nevada,2023-06-01,112.0
4776,New York,2023-06-01,391.8
4777,Ohio,2023-06-01,237.3
4778,Oklahoma,2023-06-01,82.8
4779,Oregon,2023-06-01,118.9
4780,Pennsylvania,2023-06-01,260.8
4781,Rhode Island,2023-06-01,21.6
4782,South Carolina,2023-06-01,111.2
4783,South Dakota,2023-06-01,28.2
4784,Maryland,2023-06-01,161.3
4785,Nebraska,2023-06-01,61.4
4786,Texas,2023-06-01,824.4
4787,Utah,2023-06-01,135.5
4788,Virginia,2023-06-01,213.9
4789,Vermont,2023-06-01,15.8
4790,Washington,2023-06-01,230.6
4791,Wisconsin,2023-06-01,137.1
4792,West Virginia,2023-06-01,32.2
4793,Wyoming,2023-06-01,22.3
4794,Alaska,2023-07-01,17.3
4795,Alabama,2023-07-01,101.2
4796,Arkansas,2023-07-01,63.5
4797,Arizona,2023-07-01,215.7
4798,California,2023-07-01,915.0
4799,Colorado,2023-07-01,185.6
4800,Connecticut,2023-07-01,61.9
4801,Florida,2023-07-01,630.1
4802,Georgia,2023-07-01,221.1
4803,Iowa,2023-07-01,83.5
4804,Idaho,2023-07-01,68.0
4805,Illinois,2023-07-01,234.5
4806,Indiana,2023-07-01,162.5
4807,Kansas,2023-07-01,67.3
4808,Kentucky,2023-07-01,89.5
4809,Louisiana,2023-07-01,128.4
4810,Massachusetts,2023-07-01,172.6
4811,Maine,2023-07-01,34.2
4812,Michigan,2023-07-01,190.3
4813,Minnesota,2023-07-01,136.7
4814,Missouri,2023-07-01,143.2
4815,Mississippi,2023-07-01,48.5
4816,Montana,2023-07-01,36.7
4817,North Carolina,2023-07-01,260.7
4818,North Dakota,2023-07-01,27.8
4819,New Hampshire,2023-07-01,31.4
4820,New Jersey,2023-07-01,165.9
4821,New Mexico,2023-07-01,53.0
4822,Nevada,2023-07-01,111.8
4823,New York,2023-07-01,392.5
4824,Ohio,2023-07-01,237.6
4825,Oklahoma,2023-07-01,82.7
4826,Oregon,2023-07-01,118.1
4827,Pennsylvania,2023-07-01,260.5
4828,Rhode Island,2023-07-01,21.4
4829,South Carolina,2023-07-01,112.3
4830,South Dakota,2023-07-01,28.4
4831,Maryland,2023-07-01,161.1
4832,Nebraska,2023-07-01,61.4
4833,Texas,2023-07-01,824.5
4834,Utah,2023-07-01,135.4
4835,Virginia,2023-07-01,213.7
4836,Vermont,2023-07-01,15.8
4837,Washington,2023-07-01,228.5
4838,Wisconsin,2023-07-01,137.3
4839,West Virginia,2023-07-01,32.5
4840,Wyoming,2023-07-01,22.4
4841,Alaska,2023-08-01,17.7
4842,Alabama,2023-08-01,102.0
4843,Arkansas,2023-08-01,63.8
4844,Arizona,2023-08-01,217.1
4845,California,2023-08-01,919.7
4846,Colorado,2023-08-01,186.7
4847,Connecticut,2023-08-01,62.0
4848,Florida,2023-08-01,633.2
4849,Georgia,2023-08-01,221.2
4850,Iowa,2023-08-01,83.5
4851,Idaho,2023-08-01,68.2
4852,Illinois,2023-08-01,235.3
4853,Indiana,2023-08-01,162.3
4854,Kansas,2023-08-01,67.5
4855,Kentucky,2023-08-01,89.9
4856,Louisiana,2023-08-01,130.6
4857,Massachusetts,2023-08-01,173.1
4858,Maine,2023-08-01,34.1
4859,Michigan,2023-08-01,190.5
4860,Minnesota,2023-08-01,136.7
4861,Missouri,2023-08-01,143.4
4862,Mississippi,2023-08-01,48.7
4863,Montana,2023-08-01,36.7
4864,North Carolina,2023-08-01,261.6
4865,North Dakota,2023-08-01,27.8
4866,New Hampshire,2023-08-01,31.5
4867,New Jersey,2023-08-01,166.0
4868,New Mexico,2023-08-01,53.6
4869,Nevada,2023-08-01,113.0
4870,New York,2023-08-01,391.9
4871,Ohio,2023-08-01,238.2
4872,Oklahoma,2023-08-01,83.0
4873,Oregon,2023-08-01,117.9
4874,Pennsylvania,2023-08-01,260.6
4875,Rhode Island,2023-08-01,21.4
4876,South Carolina,2023-08-01,113.1
4877,South Dakota,2023-08-01,28.6
4878,Maryland,2023-08-01,160.7
4879,Nebraska,2023-08-01,61.1
4880,Texas,2023-08-01,826.2
4881,Utah,2023-08-01,135.7
4882,Virginia,2023-08-01,214.8
4883,Vermont,2023-08-01,15.9
4884,Washington,2023-08-01,228.5
4885,Wisconsin,2023-08-01,137.7
4886,West Virginia,2023-08-01,32.9
4887,Wyoming,2023-08-01,22.6
4888,Alaska,2023-09-01,17.8
4889,Alabama,2023-09-01,102.3
4890,Arkansas,2023-09-01,64.2
4891,Arizona,2023-09-01,219.2
4892,California,2023-09-01,923.6
4893,Colorado,2023-09-01,185.2
4894,Connecticut,2023-09-01,61.7
4895,Florida,2023-09-01,635.5
4896,Georgia,2023-09-01,222.6
4897,Iowa,2023-09-01,84.3
4898,Idaho,2023-09-01,68.8
4899,Illinois,2023-09-01,236.2
4900,Indiana,2023-09-01,163.0
4901,Kansas,2023-09-01,67.7
4902,Kentucky,2023-09-01,90.3
4903,Louisiana,2023-09-01,133.3
4904,Massachusetts,2023-09-01,173.2
4905,Maine,2023-09-01,34.4
4906,Michigan,2023-09-01,191.6
4907,Minnesota,2023-09-01,135.2
4908,Missouri,2023-09-01,144.1
4909,Mississippi,2023-09-01,49.3
4910,Montana,2023-09-01,36.8
4911,North Carolina,2023-09-01,262.7
4912,North Dakota,2023-09-01,28.0
4913,New Hampshire,2023-09-01,31.6
4914,New Jersey,2023-09-01,166.1
4915,New Mexico,2023-09-01,53.8
4916,Nevada,2023-09-01,113.6
4917,New York,2023-09-01,391.8
4918,Ohio,2023-09-01,239.3
4919,Oklahoma,2023-09-01,83.8
4920,Oregon,2023-09-01,118.4
4921,Pennsylvania,2023-09-01,260.9
4922,Rhode Island,2023-09-01,21.5
4923,South Carolina,2023-09-01,113.8
4924,South Dakota,2023-09-01,28.8
4925,Maryland,2023-09-01,160.4
4926,Nebraska,2023-09-01,61.1
4927,Texas,2023-09-01,833.5
4928,Utah,2023-09-01,136.4
4929,Virginia,2023-09-01,216.0
4930,Vermont,2023-09-01,15.9
4931,Washington,2023-09-01,226.8
4932,Wisconsin,2023-09-01,137.9
4933,West Virginia,2023-09-01,33.7
4934,Wyoming,2023-09-01,22.5
4935,Alaska,2023-10-01,17.8
4936,Alabama,2023-10-01,103.1
4937,Arkansas,2023-10-01,64.6
4938,Arizona,2023-10-01,213.7
4939,California,2023-10-01,920.7
4940,Colorado,2023-10-01,183.5
4941,Connecticut,2023-10-01,62.1
4942,Florida,2023-10-01,639.7
4943,Georgia,2023-10-01,223.0
4944,Iowa,2023-10-01,84.7
4945,Idaho,2023-10-01,70.8
4946,Illinois,2023-10-01,236.8
4947,Indiana,2023-10-01,163.2
4948,Kansas,2023-10-01,68.4
4949,Kentucky,2023-10-01,92.4
4950,Louisiana,2023-10-01,133.5
4951,Massachusetts,2023-10-01,172.8
4952,Maine,2023-10-01,34.5
4953,Michigan,2023-10-01,192.3
4954,Minnesota,2023-10-01,137.3
4955,Missouri,2023-10-01,145.0
4956,Mississippi,2023-10-01,49.7
4957,Montana,2023-10-01,37.1
4958,North Carolina,2023-10-01,266.3
4959,North Dakota,2023-10-01,28.1
4960,New Hampshire,2023-10-01,31.7
4961,New Jersey,2023-10-01,166.1
4962,New Mexico,2023-10-01,53.5
4963,Nevada,2023-10-01,113.7
4964,New York,2023-10-01,392.2
4965,Ohio,2023-10-01,239.4
4966,Oklahoma,2023-10-01,84.5
4967,Oregon,2023-10-01,117.6
4968,Pennsylvania,2023-10-01,260.6
4969,Rhode Island,2023-10-01,21.5
4970,South Carolina,2023-10-01,114.2
4971,South Dakota,2023-10-01,28.7
4972,Maryland,2023-10-01,160.6
4973,Nebraska,2023-10-01,61.0
4974,Texas,2023-10-01,832.0
4975,Utah,2023-10-01,136.5
4976,Virginia,2023-10-01,216.0
4977,Vermont,2023-10-01,16.0
4978,Washington,2023-10-01,225.4
4979,Wisconsin,2023-10-01,138.1
4980,West Virginia,2023-10-01,34.0
4981,Wyoming,2023-10-01,23.0
4982,Alaska,2023-11-01,17.8
4983,Alabama,2023-11-01,103.6
4984,Arkansas,2023-11-01,65.1
4985,Arizona,2023-11-01,215.1
4986,California,2023-11-01,918.3
4987,Colorado,2023-11-01,182.8
4988,Connecticut,2023-11-01,62.2
4989,Florida,2023-11-01,639.9
4990,Georgia,2023-11-01,224.3
4991,Iowa,2023-11-01,84.5
4992,Idaho,2023-11-01,71.6
4993,Illinois,2023-11-01,237.7
4994,Indiana,2023-11-01,164.2
4995,Kansas,2023-11-01,68.7
4996,Kentucky,2023-11-01,92.1
4997,Louisiana,2023-11-01,133.0
4998,Massachusetts,2023-11-01,172.1
4999,Maine,2023-11-01,34.5
5000,Michigan,2023-11-01,193.1
5001,Minnesota,2023-11-01,137.9
5002,Missouri,2023-11-01,144.5
5003,Mississippi,2023-11-01,49.6
5004,Montana,2023-11-01,37.1
5005,North Carolina,2023-11-01,267.9
5006,North Dakota,2023-11-01,28.3
5007,New Hampshire,2023-11-01,31.8
5008,New Jersey,2023-11-01,165.6
5009,New Mexico,2023-11-01,53.7
5010,Nevada,2023-11-01,112.6
5011,New York,2023-11-01,391.2
5012,Ohio,2023-11-01,239.6
5013,Oklahoma,2023-11-01,84.2
5014,Oregon,2023-11-01,117.9
5015,Pennsylvania,2023-11-01,260.2
5016,Rhode Island,2023-11-01,21.4
5017,South Carolina,2023-11-01,114.9
5018,South Dakota,2023-11-01,28.8
5019,Maryland,2023-11-01,160.2
5020,Nebraska,2023-11-01,61.0
5021,Texas,2023-11-01,833.2
5022,Utah,2023-11-01,136.5
5023,Virginia,2023-11-01,216.7
5024,Vermont,2023-11-01,16.1
5025,Washington,2023-11-01,225.3
5026,Wisconsin,2023-11-01,138.6
5027,West Virginia,2023-11-01,34.2
5028,Wyoming,2023-11-01,22.9
5029,Alaska,2023-12-01,17.9
5030,Alabama,2023-12-01,103.8
5031,Arkansas,2023-12-01,65.4
5032,Arizona,2023-12-01,216.7
5033,California,2023-12-01,923.2
5034,Colorado,2023-12-01,184.5
5035,Connecticut,2023-12-01,62.3
5036,Florida,2023-12-01,641.7
5037,Georgia,2023-12-01,225.2
5038,Iowa,2023-12-01,85.2
5039,Idaho,2023-12-01,72.2
5040,Illinois,2023-12-01,236.4
5041,Indiana,2023-12-01,165.0
5042,Kansas,2023-12-01,68.6
5043,Kentucky,2023-12-01,92.2
5044,Louisiana,2023-12-01,134.0
5045,Massachusetts,2023-12-01,172.0
5046,Maine,2023-12-01,34.6
5047,Michigan,2023-12-01,194.1
5048,Minnesota,2023-12-01,136.7
5049,Missouri,2023-12-01,145.0
5050,Mississippi,2023-12-01,49.6
5051,Montana,2023-12-01,37.2
5052,North Carolina,2023-12-01,270.6
5053,North Dakota,2023-12-01,28.7
5054,New Hampshire,2023-12-01,32.0
5055,New Jersey,2023-12-01,165.6
5056,New Mexico,2023-12-01,54.3
5057,Nevada,2023-12-01,112.1
5058,New York,2023-12-01,391.6
5059,Ohio,2023-12-01,241.0
5060,Oklahoma,2023-12-01,84.8
5061,Oregon,2023-12-01,118.1
5062,Pennsylvania,2023-12-01,260.3
5063,Rhode Island,2023-12-01,21.6
5064,South Carolina,2023-12-01,115.0
5065,South Dakota,2023-12-01,29.1
5066,Maryland,2023-12-01,160.3
5067,Nebraska,2023-12-01,61.2
5068,Texas,2023-12-01,838.5
5069,Utah,2023-12-01,137.2
5070,Virginia,2023-12-01,216.7
5071,Vermont,2023-12-01,16.1
5072,Washington,2023-12-01,225.0
5073,Wisconsin,2023-12-01,138.9
5074,West Virginia,2023-12-01,34.4
5075,Wyoming,2023-12-01,23.0
5076,Alaska,2024-01-01,18.0
5077,Alabama,2024-01-01,104.7
5078,Arkansas,2024-01-01,65.6
5079,Arizona,2024-01-01,227.2
5080,California,2024-01-01,929.4
5081,Colorado,2024-01-01,184.2
5082,Connecticut,2024-01-01,62.5
5083,Florida,2024-01-01,642.6
5084,Georgia,2024-01-01,225.6
5085,Iowa,2024-01-01,84.5
5086,Idaho,2024-01-01,69.7
5087,Illinois,2024-01-01,236.2
5088,Indiana,2024-01-01,166.8
5089,Kansas,2024-01-01,68.2
5090,Kentucky,2024-01-01,94.2
5091,Louisiana,2024-01-01,135.4
5092,Massachusetts,2024-01-01,172.2
5093,Maine,2024-01-01,35.0
5094,Michigan,2024-01-01,193.8
5095,Minnesota,2024-01-01,136.7
5096,Missouri,2024-01-01,141.8
5097,Mississippi,2024-01-01,49.1
5098,Montana,2024-01-01,37.3
5099,North Carolina,2024-01-01,268.0
5100,North Dakota,2024-01-01,28.9
5101,New Hampshire,2024-01-01,32.3
5102,New Jersey,2024-01-01,165.6
5103,New Mexico,2024-01-01,53.5
5104,Nevada,2024-01-01,111.4
5105,New York,2024-01-01,396.2
5106,Ohio,2024-01-01,242.8
5107,Oklahoma,2024-01-01,85.4
5108,Oregon,2024-01-01,116.5
5109,Pennsylvania,2024-01-01,260.9
5110,Rhode Island,2024-01-01,21.7
5111,South Carolina,2024-01-01,115.1
5112,South Dakota,2024-01-01,28.8
5113,Maryland,2024-01-01,164.4
5114,Nebraska,2024-01-01,60.0
5115,Texas,2024-01-01,841.6
5116,Utah,2024-01-01,136.7
5117,Virginia,2024-01-01,216.8
5118,Vermont,2024-01-01,16.2
5119,Washington,2024-01-01,222.9
5120,Wisconsin,2024-01-01,139.6
5121,West Virginia,2024-01-01,34.4
5122,Wyoming,2024-01-01,23.3
5123,Alaska,2024-02-01,18.5
5124,Alabama,2024-02-01,105.7
5125,Arkansas,2024-02-01,66.2
5126,Arizona,2024-02-01,228.8
5127,California,2024-02-01,912.7
5128,Colorado,2024-02-01,187.1
5129,Connecticut,2024-02-01,62.5
5130,Florida,2024-02-01,644.5
5131,Georgia,2024-02-01,226.6
5132,Iowa,2024-02-01,86.4
5133,Idaho,2024-02-01,70.0
5134,Illinois,2024-02-01,237.6
5135,Indiana,2024-02-01,167.5
5136,Kansas,2024-02-01,69.7
5137,Kentucky,2024-02-01,95.2
5138,Louisiana,2024-02-01,137.7
5139,Massachusetts,2024-02-01,171.7
5140,Maine,2024-02-01,34.8
5141,Michigan,2024-02-01,195.4
5142,Minnesota,2024-02-01,137.3
5143,Missouri,2024-02-01,146.2
5144,Mississippi,2024-02-01,49.6
5145,Montana,2024-02-01,37.3
5146,North Carolina,2024-02-01,269.6
5147,North Dakota,2024-02-01,29.3
5148,New Hampshire,2024-02-01,32.2
5149,New Jersey,2024-02-01,165.1
5150,New Mexico,2024-02-01,53.4
5151,Nevada,2024-02-01,110.0
5152,New York,2024-02-01,391.5
5153,Ohio,2024-02-01,245.0
5154,Oklahoma,2024-02-01,85.5
5155,Oregon,2024-02-01,117.5
5156,Pennsylvania,2024-02-01,261.5
5157,Rhode Island,2024-02-01,21.7
5158,South Carolina,2024-02-01,115.5
5159,South Dakota,2024-02-01,29.1
5160,Maryland,2024-02-01,164.3
5161,Nebraska,2024-02-01,61.6
5162,Texas,2024-02-01,845.4
5163,Utah,2024-02-01,137.4
5164,Virginia,2024-02-01,217.2
5165,Vermont,2024-02-01,16.2
5166,Washington,2024-02-01,223.0
5167,Wisconsin,2024-02-01,140.0
5168,West Virginia,2024-02-01,34.7
5169,Wyoming,2024-02-01,23.2
5170,Alaska,2024-03-01,18.5
5171,Alabama,2024-03-01,105.6
5172,Arkansas,2024-03-01,66.9
5173,Arizona,2024-03-01,230.2
5174,California,2024-03-01,919.3
5175,Colorado,2024-03-01,185.6
5176,Connecticut,2024-03-01,62.9
5177,Florida,2024-03-01,645.8
5178,Georgia,2024-03-01,228.0
5179,Iowa,2024-03-01,87.5
5180,Idaho,2024-03-01,70.6
5181,Illinois,2024-03-01,237.1
5182,Indiana,2024-03-01,168.3
5183,Kansas,2024-03-01,69.9
5184,Kentucky,2024-03-01,94.0
5185,Louisiana,2024-03-01,138.2
5186,Massachusetts,2024-03-01,172.2
5187,Maine,2024-03-01,35.0
5188,Michigan,2024-03-01,197.5
5189,Minnesota,2024-03-01,138.3
5190,Missouri,2024-03-01,147.5
5191,Mississippi,2024-03-01,50.8
5192,Montana,2024-03-01,37.6
5193,North Carolina,2024-03-01,270.2
5194,North Dakota,2024-03-01,29.4
5195,New Hampshire,2024-03-01,32.2
5196,New Jersey,2024-03-01,165.4
5197,New Mexico,2024-03-01,53.2
5198,Nevada,2024-03-01,109.9
5199,New York,2024-03-01,392.8
5200,Ohio,2024-03-01,245.6
5201,Oklahoma,2024-03-01,86.2
5202,Oregon,2024-03-01,117.8
5203,Pennsylvania,2024-03-01,260.4
5204,Rhode Island,2024-03-01,22.0
5205,South Carolina,2024-03-01,115.8
5206,South Dakota,2024-03-01,29.4
5207,Maryland,2024-03-01,164.2
5208,Nebraska,2024-03-01,62.4
5209,Texas,2024-03-01,848.0
5210,Utah,2024-03-01,137.7
5211,Virginia,2024-03-01,217.4
5212,Vermont,2024-03-01,16.2
5213,Washington,2024-03-01,222.5
5214,Wisconsin,2024-03-01,141.7
5215,West Virginia,2024-03-01,33.9
5216,Wyoming,2024-03-01,23.3
5217,Alaska,2024-04-01,18.5
5218,Alabama,2024-04-01,105.4
5219,Arkansas,2024-04-01,66.6
5220,Arizona,2024-04-01,224.9
5221,California,2024-04-01,914.4
5222,Colorado,2024-04-01,184.6
5223,Connecticut,2024-04-01,63.0
5224,Florida,2024-04-01,648.2
5225,Georgia,2024-04-01,227.7
5226,Iowa,2024-04-01,85.6
5227,Idaho,2024-04-01,70.6
5228,Illinois,2024-04-01,236.3
5229,Indiana,2024-04-01,167.8
5230,Kansas,2024-04-01,70.4
5231,Kentucky,2024-04-01,93.7
5232,Louisiana,2024-04-01,139.3
5233,Massachusetts,2024-04-01,170.3
5234,Maine,2024-04-01,35.0
5235,Michigan,2024-04-01,196.3
5236,Minnesota,2024-04-01,137.7
5237,Missouri,2024-04-01,146.3
5238,Mississippi,2024-04-01,49.8
5239,Montana,2024-04-01,37.3
5240,North Carolina,2024-04-01,271.2
5241,North Dakota,2024-04-01,29.8
5242,New Hampshire,2024-04-01,32.4
5243,New Jersey,2024-04-01,165.3
5244,New Mexico,2024-04-01,53.0
5245,Nevada,2024-04-01,109.8
5246,New York,2024-04-01,391.7
5247,Ohio,2024-04-01,244.1
5248,Oklahoma,2024-04-01,85.3
5249,Oregon,2024-04-01,117.8
5250,Pennsylvania,2024-04-01,259.5
5251,Rhode Island,2024-04-01,22.0
5252,South Carolina,2024-04-01,116.3
5253,South Dakota,2024-04-01,29.3
5254,Maryland,2024-04-01,164.0
5255,Nebraska,2024-04-01,61.9
5256,Texas,2024-04-01,846.8
5257,Utah,2024-04-01,138.0
5258,Virginia,2024-04-01,217.5
5259,Vermont,2024-04-01,16.0
5260,Washington,2024-04-01,222.2
5261,Wisconsin,2024-04-01,140.3
5262,West Virginia,2024-04-01,33.4
5263,Wyoming,2024-04-01,23.1
5264,Alaska,2024-05-01,18.6
5265,Alabama,2024-05-01,106.4
5266,Arkansas,2024-05-01,67.0
5267,Arizona,2024-05-01,225.5
5268,California,2024-05-01,913.1
5269,Colorado,2024-05-01,187.4
5270,Connecticut,2024-05-01,63.1
5271,Florida,2024-05-01,650.7
5272,Georgia,2024-05-01,228.0
5273,Iowa,2024-05-01,85.7
5274,Idaho,2024-05-01,70.7
5275,Illinois,2024-05-01,236.1
5276,Indiana,2024-05-01,167.9
5277,Kansas,2024-05-01,71.4
5278,Kentucky,2024-05-01,93.6
5279,Louisiana,2024-05-01,140.6
5280,Massachusetts,2024-05-01,170.8
5281,Maine,2024-05-01,35.3
5282,Michigan,2024-05-01,195.3
5283,Minnesota,2024-05-01,137.9
5284,Missouri,2024-05-01,146.2
5285,Mississippi,2024-05-01,49.9
5286,Montana,2024-05-01,37.6
5287,North Carolina,2024-05-01,271.7
5288,North Dakota,2024-05-01,30.3
5289,New Hampshire,2024-05-01,32.2
5290,New Jersey,2024-05-01,165.2
5291,New Mexico,2024-05-01,53.2
5292,Nevada,2024-05-01,110.1
5293,New York,2024-05-01,392.0
5294,Ohio,2024-05-01,246.5
5295,Oklahoma,2024-05-01,85.4
5296,Oregon,2024-05-01,117.4
5297,Pennsylvania,2024-05-01,258.6
5298,Rhode Island,2024-05-01,22.1
5299,South Carolina,2024-05-01,117.1
5300,South Dakota,2024-05-01,29.2
5301,Maryland,2024-05-01,164.0
5302,Nebraska,2024-05-01,61.8
5303,Texas,2024-05-01,851.3
5304,Utah,2024-05-01,138.1
5305,Virginia,2024-05-01,217.8
5306,Vermont,2024-05-01,16.2
5307,Washington,2024-05-01,221.3
5308,Wisconsin,2024-05-01,140.5
5309,West Virginia,2024-05-01,33.5
5310,Wyoming,2024-05-01,23.3
5311,Alaska,2024-06-01,18.5
5312,Alabama,2024-06-01,107.2
5313,Arkansas,2024-06-01,67.4
5314,Arizona,2024-06-01,227.1
5315,California,2024-06-01,913.7
5316,Colorado,2024-06-01,187.4
5317,Connecticut,2024-06-01,63.3
5318,Florida,2024-06-01,652.7
5319,Georgia,2024-06-01,229.0
5320,Iowa,2024-06-01,85.0
5321,Idaho,2024-06-01,71.4
5322,Illinois,2024-06-01,236.6
5323,Indiana,2024-06-01,169.1
5324,Kansas,2024-06-01,71.4
5325,Kentucky,2024-06-01,93.7
5326,Louisiana,2024-06-01,139.2
5327,Massachusetts,2024-06-01,170.8
5328,Maine,2024-06-01,35.6
5329,Michigan,2024-06-01,195.6
5330,Minnesota,2024-06-01,137.7
5331,Missouri,2024-06-01,146.3
5332,Mississippi,2024-06-01,50.3
5333,Montana,2024-06-01,37.5
5334,North Carolina,2024-06-01,272.3
5335,North Dakota,2024-06-01,30.2
5336,New Hampshire,2024-06-01,32.5
5337,New Jersey,2024-06-01,165.3
5338,New Mexico,2024-06-01,53.4
5339,Nevada,2024-06-01,110.5
5340,New York,2024-06-01,391.9
5341,Ohio,2024-06-01,248.4
5342,Oklahoma,2024-06-01,85.3
5343,Oregon,2024-06-01,117.2
5344,Pennsylvania,2024-06-01,259.7
5345,Rhode Island,2024-06-01,22.2
5346,South Carolina,2024-06-01,118.3
5347,South Dakota,2024-06-01,29.2
5348,Maryland,2024-06-01,164.5
5349,Nebraska,2024-06-01,61.8
5350,Texas,2024-06-01,854.1
5351,Utah,2024-06-01,138.8
5352,Virginia,2024-06-01,218.8
5353,Vermont,2024-06-01,16.2
5354,Washington,2024-06-01,221.2
5355,Wisconsin,2024-06-01,139.7
5356,West Virginia,2024-06-01,33.7
5357,Wyoming,2024-06-01,23.3
5358,Alaska,2024-07-01,18.3
5359,Alabama,2024-07-01,107.1
5360,Arkansas,2024-07-01,67.2
5361,Arizona,2024-07-01,225.8
5362,California,2024-07-01,917.1
5363,Colorado,2024-07-01,187.5
5364,Connecticut,2024-07-01,63.5
5365,Florida,2024-07-01,655.5
5366,Georgia,2024-07-01,229.8
5367,Iowa,2024-07-01,84.7
5368,Idaho,2024-07-01,71.7
5369,Illinois,2024-07-01,237.1
5370,Indiana,2024-07-01,169.8
5371,Kansas,2024-07-01,71.5
5372,Kentucky,2024-07-01,94.0
5373,Louisiana,2024-07-01,142.2
5374,Massachusetts,2024-07-01,170.9
5375,Maine,2024-07-01,35.5
5376,Michigan,2024-07-01,195.8
5377,Minnesota,2024-07-01,137.2
5378,Missouri,2024-07-01,147.0
5379,Mississippi,2024-07-01,50.6
5380,Montana,2024-07-01,37.7
5381,North Carolina,2024-07-01,273.0
5382,North Dakota,2024-07-01,30.5
5383,New Hampshire,2024-07-01,32.2
5384,New Jersey,2024-07-01,164.8
5385,New Mexico,2024-07-01,53.9
5386,Nevada,2024-07-01,110.2
5387,New York,2024-07-01,389.0
5388,Ohio,2024-07-01,249.9
5389,Oklahoma,2024-07-01,86.1
5390,Oregon,2024-07-01,117.2
5391,Pennsylvania,2024-07-01,259.8
5392,Rhode Island,2024-07-01,22.3
5393,South Carolina,2024-07-01,118.0
5394,South Dakota,2024-07-01,29.2
5395,Maryland,2024-07-01,164.5
5396,Nebraska,2024-07-01,62.0
5397,Texas,2024-07-01,853.1
5398,Utah,2024-07-01,139.4
5399,Virginia,2024-07-01,219.9
5400,Vermont,2024-07-01,16.3
5401,Washington,2024-07-01,221.5
5402,Wisconsin,2024-07-01,141.0
5403,West Virginia,2024-07-01,33.6
5404,Wyoming,2024-07-01,23.8
5405,Alaska,2024-08-01,18.4
5406,Alabama,2024-08-01,108.0
5407,Arkansas,2024-08-01,67.6
5408,Arizona,2024-08-01,228.0
5409,California,2024-08-01,913.0
5410,Colorado,2024-08-01,187.3
5411,Connecticut,2024-08-01,63.6
5412,Florida,2024-08-01,656.8
5413,Georgia,2024-08-01,230.8
5414,Iowa,2024-08-01,84.4
5415,Idaho,2024-08-01,72.1
5416,Illinois,2024-08-01,236.8
5417,Indiana,2024-08-01,170.1
5418,Kansas,2024-08-01,72.1
5419,Kentucky,2024-08-01,94.2
5420,Louisiana,2024-08-01,144.5
5421,Massachusetts,2024-08-01,170.4
5422,Maine,2024-08-01,35.7
5423,Michigan,2024-08-01,196.2
5424,Minnesota,2024-08-01,137.7
5425,Missouri,2024-08-01,147.1
5426,Mississippi,2024-08-01,50.9
5427,Montana,2024-08-01,37.5
5428,North Carolina,2024-08-01,274.0
5429,North Dakota,2024-08-01,30.1
5430,New Hampshire,2024-08-01,32.4
5431,New Jersey,2024-08-01,165.3
5432,New Mexico,2024-08-01,54.3
5433,Nevada,2024-08-01,110.3
5434,New York,2024-08-01,391.1
5435,Ohio,2024-08-01,251.0
5436,Oklahoma,2024-08-01,86.3
5437,Oregon,2024-08-01,117.4
5438,Pennsylvania,2024-08-01,259.7
5439,Rhode Island,2024-08-01,22.4
5440,South Carolina,2024-08-01,118.4
5441,South Dakota,2024-08-01,29.2
5442,Maryland,2024-08-01,164.2
5443,Nebraska,2024-08-01,62.1
5444,Texas,2024-08-01,865.6
5445,Utah,2024-08-01,140.2
5446,Virginia,2024-08-01,220.1
5447,Vermont,2024-08-01,16.1
5448,Washington,2024-08-01,221.3
5449,Wisconsin,2024-08-01,141.5
5450,West Virginia,2024-08-01,33.5
5451,Wyoming,2024-08-01,24.0
5452,Alaska,2024-09-01,18.5
5453,Alabama,2024-09-01,108.2
5454,Arkansas,2024-09-01,67.4
5455,Arizona,2024-09-01,227.7
5456,California,2024-09-01,910.2
5457,Colorado,2024-09-01,187.5
5458,Connecticut,2024-09-01,63.7
5459,Florida,2024-09-01,657.4
5460,Georgia,2024-09-01,230.8
5461,Iowa,2024-09-01,84.0
5462,Idaho,2024-09-01,72.3
5463,Illinois,2024-09-01,237.5
5464,Indiana,2024-09-01,171.1
5465,Kansas,2024-09-01,72.4
5466,Kentucky,2024-09-01,93.4
5467,Louisiana,2024-09-01,141.1
5468,Massachusetts,2024-09-01,169.7
5469,Maine,2024-09-01,35.6
5470,Michigan,2024-09-01,196.9
5471,Minnesota,2024-09-01,137.6
5472,Missouri,2024-09-01,147.5
5473,Mississippi,2024-09-01,51.1
5474,Montana,2024-09-01,37.3
5475,North Carolina,2024-09-01,274.2
5476,North Dakota,2024-09-01,29.9
5477,New Hampshire,2024-09-01,32.4
5478,New Jersey,2024-09-01,165.4
5479,New Mexico,2024-09-01,54.4
5480,Nevada,2024-09-01,110.4
5481,New York,2024-09-01,391.3
5482,Ohio,2024-09-01,252.2
5483,Oklahoma,2024-09-01,86.3
5484,Oregon,2024-09-01,117.3
5485,Pennsylvania,2024-09-01,259.7
5486,Rhode Island,2024-09-01,22.4
5487,South Carolina,2024-09-01,118.9
5488,South Dakota,2024-09-01,29.4
5489,Maryland,2024-09-01,164.4
5490,Nebraska,2024-09-01,62.8
5491,Texas,2024-09-01,870.3
5492,Utah,2024-09-01,140.6
5493,Virginia,2024-09-01,220.4
5494,Vermont,2024-09-01,16.3
5495,Washington,2024-09-01,221.2
5496,Wisconsin,2024-09-01,142.2
5497,West Virginia,2024-09-01,33.1
5498,Wyoming,2024-09-01,24.0
5499,Alaska,2024-10-01,18.8
5500,Alabama,2024-10-01,107.2
5501,Arkansas,2024-10-01,67.4
5502,Arizona,2024-10-01,227.2
5503,California,2024-10-01,910.9
5504,Colorado,2024-10-01,187.3
5505,Connecticut,2024-10-01,63.7
5506,Florida,2024-10-01,642.5
5507,Georgia,2024-10-01,231.9
5508,Iowa,2024-10-01,83.1
5509,Idaho,2024-10-01,73.0
5510,Illinois,2024-10-01,236.8
5511,Indiana,2024-10-01,171.5
5512,Kansas,2024-10-01,72.5
5513,Kentucky,2024-10-01,92.8
5514,Louisiana,2024-10-01,141.3
5515,Massachusetts,2024-10-01,169.5
5516,Maine,2024-10-01,35.6
5517,Michigan,2024-10-01,197.5
5518,Minnesota,2024-10-01,138.4
5519,Missouri,2024-10-01,147.5
5520,Mississippi,2024-10-01,51.1
5521,Montana,2024-10-01,37.2
5522,North Carolina,2024-10-01,272.7
5523,North Dakota,2024-10-01,30.2
5524,New Hampshire,2024-10-01,32.4
5525,New Jersey,2024-10-01,165.1
5526,New Mexico,2024-10-01,54.5
5527,Nevada,2024-10-01,110.6
5528,New York,2024-10-01,390.6
5529,Ohio,2024-10-01,253.8
5530,Oklahoma,2024-10-01,86.7
5531,Oregon,2024-10-01,116.4
5532,Pennsylvania,2024-10-01,260.5
5533,Rhode Island,2024-10-01,22.4
5534,South Carolina,2024-10-01,119.8
5535,South Dakota,2024-10-01,29.6
5536,Maryland,2024-10-01,164.0
5537,Nebraska,2024-10-01,63.1
5538,Texas,2024-10-01,875.6
5539,Utah,2024-10-01,140.9
5540,Virginia,2024-10-01,220.8
5541,Vermont,2024-10-01,16.3
5542,Washington,2024-10-01,220.5
5543,Wisconsin,2024-10-01,142.5
5544,West Virginia,2024-10-01,33.0
5545,Wyoming,2024-10-01,24.0
5546,Alaska,2024-11-01,18.9
5547,Alabama,2024-11-01,107.5
5548,Arkansas,2024-11-01,67.3
5549,Arizona,2024-11-01,227.7
5550,California,2024-11-01,909.0
5551,Colorado,2024-11-01,187.2
5552,Connecticut,2024-11-01,63.7
5553,Florida,2024-11-01,658.0
5554,Georgia,2024-11-01,232.3
5555,Iowa,2024-11-01,83.7
5556,Idaho,2024-11-01,73.1
5557,Illinois,2024-11-01,237.9
5558,Indiana,2024-11-01,172.2
5559,Kansas,2024-11-01,72.7
5560,Kentucky,2024-11-01,92.8
5561,Louisiana,2024-11-01,141.7
5562,Massachusetts,2024-11-01,169.3
5563,Maine,2024-11-01,35.7
5564,Michigan,2024-11-01,197.8
5565,Minnesota,2024-11-01,139.8
5566,Missouri,2024-11-01,148.3
5567,Mississippi,2024-11-01,51.2
5568,Montana,2024-11-01,37.1
5569,North Carolina,2024-11-01,273.6
5570,North Dakota,2024-11-01,30.1
5571,New Hampshire,2024-11-01,32.4
5572,New Jersey,2024-11-01,165.4
5573,New Mexico,2024-11-01,54.9
5574,Nevada,2024-11-01,110.9
5575,New York,2024-11-01,390.5
5576,Ohio,2024-11-01,254.9
5577,Oklahoma,2024-11-01,87.4
5578,Oregon,2024-11-01,115.8
5579,Pennsylvania,2024-11-01,260.7
5580,Rhode Island,2024-11-01,22.5
5581,South Carolina,2024-11-01,120.2
5582,South Dakota,2024-11-01,29.8
5583,Maryland,2024-11-01,164.7
5584,Nebraska,2024-11-01,63.6
5585,Texas,2024-11-01,881.3
5586,Utah,2024-11-01,141.5
5587,Virginia,2024-11-01,221.8
5588,Vermont,2024-11-01,16.4
5589,Washington,2024-11-01,219.9
5590,Wisconsin,2024-11-01,143.3
5591,West Virginia,2024-11-01,33.4
5592,Wyoming,2024-11-01,23.8
5593,Alaska,2024-12-01,19.2
5594,Alabama,2024-12-01,107.6
5595,Arkansas,2024-12-01,67.2
5596,Arizona,2024-12-01,227.3
5597,California,2024-12-01,904.4
5598,Colorado,2024-12-01,187.6
5599,Connecticut,2024-12-01,63.7
5600,Florida,2024-12-01,657.4
5601,Georgia,2024-12-01,232.9
5602,Iowa,2024-12-01,83.7
5603,Idaho,2024-12-01,72.9
5604,Illinois,2024-12-01,237.8
5605,Indiana,2024-12-01,172.6
5606,Kansas,2024-12-01,72.8
5607,Kentucky,2024-12-01,92.7
5608,Louisiana,2024-12-01,140.7
5609,Massachusetts,2024-12-01,169.7
5610,Maine,2024-12-01,35.8
5611,Michigan,2024-12-01,198.0
5612,Minnesota,2024-12-01,140.2
5613,Missouri,2024-12-01,148.2
5614,Mississippi,2024-12-01,51.5
5615,Montana,2024-12-01,37.1
5616,North Carolina,2024-12-01,274.0
5617,North Dakota,2024-12-01,29.7
5618,New Hampshire,2024-12-01,32.6
5619,New Jersey,2024-12-01,165.4
5620,New Mexico,2024-12-01,55.0
5621,Nevada,2024-12-01,111.1
5622,New York,2024-12-01,389.3
5623,Ohio,2024-12-01,255.4
5624,Oklahoma,2024-12-01,87.6
5625,Oregon,2024-12-01,115.7
5626,Pennsylvania,2024-12-01,261.0
5627,Rhode Island,2024-12-01,22.5
5628,South Carolina,2024-12-01,120.9
5629,South Dakota,2024-12-01,29.8
5630,Maryland,2024-12-01,164.0
5631,Nebraska,2024-12-01,63.4
5632,Texas,2024-12-01,882.6
5633,Utah,2024-12-01,141.7
5634,Virginia,2024-12-01,222.7
5635,Vermont,2024-12-01,16.3
5636,Washington,2024-12-01,220.1
5637,Wisconsin,2024-12-01,143.5
5638,West Virginia,2024-12-01,33.5
5639,Wyoming,2024-12-01,23.9
5640,Alaska,2025-01-01,19.5
5641,Alabama,2025-01-01,108.2
5642,Arkansas,2025-01-01,66.9
5643,Arizona,2025-01-01,227.3
5644,California,2025-01-01,902.3
5645,Colorado,2025-01-01,188.2
5646,Connecticut,2025-01-01,63.7
5647,Florida,2025-01-01,656.5
5648,Georgia,2025-01-01,231.8
5649,Iowa,2025-01-01,84.2
5650,Idaho,2025-01-01,73.6
5651,Illinois,2025-01-01,236.8
5652,Indiana,2025-01-01,171.6
5653,Kansas,2025-01-01,71.6
5654,Kentucky,2025-01-01,89.6
5655,Louisiana,2025-01-01,141.9
5656,Massachusetts,2025-01-01,167.4
5657,Maine,2025-01-01,35.9
5658,Michigan,2025-01-01,198.8
5659,Minnesota,2025-01-01,139.4
5660,Missouri,2025-01-01,142.2
5661,Mississippi,2025-01-01,52.4
5662,Montana,2025-01-01,37.1
5663,North Carolina,2025-01-01,274.7
5664,North Dakota,2025-01-01,30.0
5665,New Hampshire,2025-01-01,32.4
5666,New Jersey,2025-01-01,164.4
5667,New Mexico,2025-01-01,55.4
5668,Nevada,2025-01-01,111.3
5669,New York,2025-01-01,389.8
5670,Ohio,2025-01-01,253.6
5671,Oklahoma,2025-01-01,87.6
5672,Oregon,2025-01-01,115.5
5673,Pennsylvania,2025-01-01,260.6
5674,Rhode Island,2025-01-01,22.5
5675,South Carolina,2025-01-01,121.1
5676,South Dakota,2025-01-01,30.0
5677,Maryland,2025-01-01,162.5
5678,Nebraska,2025-01-01,63.2
5679,Texas,2025-01-01,885.1
5680,Utah,2025-01-01,142.3
5681,Virginia,2025-01-01,223.3
5682,Vermont,2025-01-01,16.3
5683,Washington,2025-01-01,220.1
5684,Wisconsin,2025-01-01,143.8
5685,West Virginia,2025-01-01,32.7
5686,Wyoming,2025-01-01,23.8
5687,Alaska,2025-02-01,19.7
5688,Alabama,2025-02-01,108.3
5689,Arkansas,2025-02-01,66.5
5690,Arizona,2025-02-01,227.0
5691,California,2025-02-01,894.8
5692,Colorado,2025-02-01,187.0
5693,Connecticut,2025-02-01,64.0
5694,Florida,2025-02-01,657.9
5695,Georgia,2025-02-01,233.5
5696,Iowa,2025-02-01,83.7
5697,Idaho,2025-02-01,72.9
5698,Illinois,2025-02-01,238.8
5699,Indiana,2025-02-01,174.1
5700,Kansas,2025-02-01,73.1
5701,Kentucky,2025-02-01,92.8
5702,Louisiana,2025-02-01,142.5
5703,Massachusetts,2025-02-01,167.6
5704,Maine,2025-02-01,36.2
5705,Michigan,2025-02-01,198.7
5706,Minnesota,2025-02-01,139.1
5707,Missouri,2025-02-01,145.9
5708,Mississippi,2025-02-01,53.5
5709,Montana,2025-02-01,35.2
5710,North Carolina,2025-02-01,275.5
5711,North Dakota,2025-02-01,29.6
5712,New Hampshire,2025-02-01,32.5
5713,New Jersey,2025-02-01,165.2
5714,New Mexico,2025-02-01,55.9
5715,Nevada,2025-02-01,111.1
5716,New York,2025-02-01,389.6
5717,Ohio,2025-02-01,256.0
5718,Oklahoma,2025-02-01,87.6
5719,Oregon,2025-02-01,113.1
5720,Pennsylvania,2025-02-01,261.6
5721,Rhode Island,2025-02-01,22.6
5722,South Carolina,2025-02-01,121.9
5723,South Dakota,2025-02-01,30.0
5724,Maryland,2025-02-01,164.0
5725,Nebraska,2025-02-01,62.6
5726,Texas,2025-02-01,888.9
5727,Utah,2025-02-01,142.1
5728,Virginia,2025-02-01,225.3
5729,Vermont,2025-02-01,16.3
5730,Washington,2025-02-01,218.1
5731,Wisconsin,2025-02-01,143.5
5732,West Virginia,2025-02-01,34.1
5733,Wyoming,2025-02-01,23.7
5734,Alaska,2025-03-01,19.9
5735,Alabama,2025-03-01,108.3
5736,Arkansas,2025-03-01,66.9
5737,Arizona,2025-03-01,227.1
5738,California,2025-03-01,896.0
5739,Colorado,2025-03-01,186.6
5740,Connecticut,2025-03-01,63.8
5741,Florida,2025-03-01,660.2
5742,Georgia,2025-03-01,234.0
5743,Iowa,2025-03-01,84.6
5744,Idaho,2025-03-01,73.4
5745,Illinois,2025-03-01,240.4
5746,Indiana,2025-03-01,174.7
5747,Kansas,2025-03-01,73.8
5748,Kentucky,2025-03-01,92.9
5749,Louisiana,2025-03-01,139.6
5750,Massachusetts,2025-03-01,167.1
5751,Maine,2025-03-01,36.1
5752,Michigan,2025-03-01,199.8
5753,Minnesota,2025-03-01,140.4
5754,Missouri,2025-03-01,149.4
5755,Mississippi,2025-03-01,53.2
5756,Montana,2025-03-01,37.0
5757,North Carolina,2025-03-01,276.3
5758,North Dakota,2025-03-01,30.0
5759,New Hampshire,2025-03-01,32.3
5760,New Jersey,2025-03-01,166.5
5761,New Mexico,2025-03-01,55.6
5762,Nevada,2025-03-01,111.5
5763,New York,2025-03-01,392.6
5764,Ohio,2025-03-01,256.8
5765,Oklahoma,2025-03-01,88.5
5766,Oregon,2025-03-01,113.4
5767,Pennsylvania,2025-03-01,263.3
5768,Rhode Island,2025-03-01,22.6
5769,South Carolina,2025-03-01,123.3
5770,South Dakota,2025-03-01,30.0
5771,Maryland,2025-03-01,165.2
5772,Nebraska,2025-03-01,63.5
5773,Texas,2025-03-01,892.8
5774,Utah,2025-03-01,142.3
5775,Virginia,2025-03-01,226.8
5776,Vermont,2025-03-01,16.3
5777,Washington,2025-03-01,219.2
5778,Wisconsin,2025-03-01,145.2
5779,West Virginia,2025-03-01,34.8
5780,Wyoming,2025-03-01,23.9
5781,Alaska,2025-04-01,19.7
5782,Alabama,2025-04-01,108.5
5783,Arkansas,2025-04-01,66.6
5784,Arizona,2025-04-01,225.8
5785,California,2025-04-01,901.7
5786,Colorado,2025-04-01,185.1
5787,Connecticut,2025-04-01,64.0
5788,Florida,2025-04-01,659.1
5789,Georgia,2025-04-01,235.1
5790,Iowa,2025-04-01,84.0
5791,Idaho,2025-04-01,74.4
5792,Illinois,2025-04-01,240.6
5793,Indiana,2025-04-01,174.1
5794,Kansas,2025-04-01,74.7
5795,Kentucky,2025-04-01,93.2
5796,Louisiana,2025-04-01,137.7
5797,Massachusetts,2025-04-01,166.9
5798,Maine,2025-04-01,35.5
5799,Michigan,2025-04-01,199.7
5800,Minnesota,2025-04-01,141.1
5801,Missouri,2025-04-01,149.0
5802,Mississippi,2025-04-01,54.2
5803,Montana,2025-04-01,37.3
5804,North Carolina,2025-04-01,277.2
5805,North Dakota,2025-04-01,30.3
5806,New Hampshire,2025-04-01,32.4
5807,New Jersey,2025-04-01,165.9
5808,New Mexico,2025-04-01,54.8
5809,Nevada,2025-04-01,111.6
5810,New York,2025-04-01,387.4
5811,Ohio,2025-04-01,257.1
5812,Oklahoma,2025-04-01,89.8
5813,Oregon,2025-04-01,113.2
5814,Pennsylvania,2025-04-01,262.1
5815,Rhode Island,2025-04-01,22.5
5816,South Carolina,2025-04-01,123.0
5817,South Dakota,2025-04-01,30.1
5818,Maryland,2025-04-01,164.5
5819,Nebraska,2025-04-01,63.7
5820,Texas,2025-04-01,898.3
5821,Utah,2025-04-01,142.7
5822,Virginia,2025-04-01,228.3
5823,Vermont,2025-04-01,16.3
5824,Washington,2025-04-01,220.4
5825,Wisconsin,2025-04-01,144.9
5826,West Virginia,2025-04-01,35.1
5827,Wyoming,2025-04-01,23.8
5828,Alaska,2025-05-01,19.0
5829,Alabama,2025-05-01,109.2
5830,Arkansas,2025-05-01,66.4
5831,Arizona,2025-05-01,225.2
5832,California,2025-05-01,901.0
5833,Colorado,2025-05-01,184.4
5834,Connecticut,2025-05-01,64.3
5835,Florida,2025-05-01,658.8
5836,Georgia,2025-05-01,235.7
5837,Iowa,2025-05-01,84.1
5838,Idaho,2025-05-01,74.7
5839,Illinois,2025-05-01,240.4
5840,Indiana,2025-05-01,175.2
5841,Kansas,2025-05-01,73.6
5842,Kentucky,2025-05-01,93.0
5843,Louisiana,2025-05-01,136.8
5844,Massachusetts,2025-05-01,166.9
5845,Maine,2025-05-01,35.6
5846,Michigan,2025-05-01,202.1
5847,Minnesota,2025-05-01,142.7
5848,Missouri,2025-05-01,149.8
5849,Mississippi,2025-05-01,53.7
5850,Montana,2025-05-01,37.3
5851,North Carolina,2025-05-01,278.1
5852,North Dakota,2025-05-01,30.5
5853,New Hampshire,2025-05-01,32.4
5854,New Jersey,2025-05-01,165.6
5855,New Mexico,2025-05-01,55.5
5856,Nevada,2025-05-01,111.5
5857,New York,2025-05-01,387.0
5858,Ohio,2025-05-01,258.7
5859,Oklahoma,2025-05-01,89.7
5860,Oregon,2025-05-01,113.4
5861,Pennsylvania,2025-05-01,263.4
5862,Rhode Island,2025-05-01,22.5
5863,South Carolina,2025-05-01,123.5
5864,South Dakota,2025-05-01,29.9
5865,Maryland,2025-05-01,164.3
5866,Nebraska,2025-05-01,64.0
5867,Texas,2025-05-01,902.0
5868,Utah,2025-05-01,143.0
5869,Virginia,2025-05-01,229.8
5870,Vermont,2025-05-01,16.3
5871,Washington,2025-05-01,220.2
5872,Wisconsin,2025-05-01,145.7
5873,West Virginia,2025-05-01,35.6
5874,Wyoming,2025-05-01,23.6
5875,Alaska,2025-06-01,18.9
5876,Alabama,2025-06-01,109.4
5877,Arkansas,2025-06-01,66.4
5878,Arizona,2025-06-01,224.3
5879,California,2025-06-01,896.6
5880,Colorado,2025-06-01,182.8
5881,Connecticut,2025-06-01,64.1
5882,Florida,2025-06-01,658.0
5883,Georgia,2025-06-01,234.8
5884,Iowa,2025-06-01,84.1
5885,Idaho,2025-06-01,74.6
5886,Illinois,2025-06-01,239.8
5887,Indiana,2025-06-01,175.1
5888,Kansas,2025-06-01,73.2
5889,Kentucky,2025-06-01,92.6
5890,Louisiana,2025-06-01,136.5
5891,Massachusetts,2025-06-01,166.4
5892,Maine,2025-06-01,35.5
5893,Michigan,2025-06-01,201.7
5894,Minnesota,2025-06-01,141.5
5895,Missouri,2025-06-01,150.0
5896,Mississippi,2025-06-01,53.6
5897,Montana,2025-06-01,37.3
5898,North Carolina,2025-06-01,278.7
5899,North Dakota,2025-06-01,30.5
5900,New Hampshire,2025-06-01,32.4
5901,New Jersey,2025-06-01,165.8
5902,New Mexico,2025-06-01,55.5
5903,Nevada,2025-06-01,111.7
5904,New York,2025-06-01,386.4
5905,Ohio,2025-06-01,258.8
5906,Oklahoma,2025-06-01,89.9
5907,Oregon,2025-06-01,113.1
5908,Pennsylvania,2025-06-01,263.3
5909,Rhode Island,2025-06-01,22.4
5910,South Carolina,2025-06-01,124.1
5911,South Dakota,2025-06-01,29.8
5912,Maryland,2025-06-01,164.6
5913,Nebraska,2025-06-01,64.2
5914,Texas,2025-06-01,902.5
5915,Utah,2025-06-01,142.6
5916,Virginia,2025-06-01,231.2
5917,Vermont,2025-06-01,16.3
5918,Washington,2025-06-01,219.1
5919,Wisconsin,2025-06-01,146.0
5920,West Virginia,2025-06-01,35.0
5921,Wyoming,2025-06-01,23.4
5922,Alaska,2025-07-01,18.9
5923,Alabama,2025-07-01,110.0
5924,Arkansas,2025-07-01,66.2
5925,Arizona,2025-07-01,223.8
5926,California,2025-07-01,894.1
5927,Colorado,2025-07-01,183.9
5928,Connecticut,2025-07-01,63.9
5929,Florida,2025-07-01,655.7
5930,Georgia,2025-07-01,235.7
5931,Iowa,2025-07-01,83.8
5932,Idaho,2025-07-01,75.2
5933,Illinois,2025-07-01,241.1
5934,Indiana,2025-07-01,175.1
5935,Kansas,2025-07-01,73.8
5936,Kentucky,2025-07-01,92.4
5937,Louisiana,2025-07-01,135.6
5938,Massachusetts,2025-07-01,166.0
5939,Maine,2025-07-01,35.6
5940,Michigan,2025-07-01,202.5
5941,Minnesota,2025-07-01,141.5
5942,Missouri,2025-07-01,151.1
5943,Mississippi,2025-07-01,53.7
5944,Montana,2025-07-01,37.2
5945,North Carolina,2025-07-01,279.4
5946,North Dakota,2025-07-01,30.5
5947,New Hampshire,2025-07-01,32.5
5948,New Jersey,2025-07-01,166.2
5949,New Mexico,2025-07-01,55.6
5950,Nevada,2025-07-01,113.3
5951,New York,2025-07-01,386.0
5952,Ohio,2025-07-01,259.5
5953,Oklahoma,2025-07-01,89.6
5954,Oregon,2025-07-01,112.6
5955,Pennsylvania,2025-07-01,263.6
5956,Rhode Island,2025-07-01,22.4
5957,South Carolina,2025-07-01,123.4
5958,South Dakota,2025-07-01,29.7
5959,Maryland,2025-07-01,164.3
5960,Nebraska,2025-07-01,64.2
5961,Texas,2025-07-01,904.2
5962,Utah,2025-07-01,142.1
5963,Virginia,2025-07-01,230.6
5964,Vermont,2025-07-01,16.3
5965,Washington,2025-07-01,218.1
5966,Wisconsin,2025-07-01,146.4
5967,West Virginia,2025-07-01,35.0
5968,Wyoming,2025-07-01,22.7
5969,Alaska,2025-08-01,18.7
5970,Alabama,2025-08-01,110.2
5971,Arkansas,2025-08-01,66.2
5972,Arizona,2025-08-01,223.3
5973,California,2025-08-01,893.1
5974,Colorado,2025-08-01,184.2
5975,Connecticut,2025-08-01,64.1
5976,Florida,2025-08-01,654.6
5977,Georgia,2025-08-01,236.8
5978,Iowa,2025-08-01,84.5
5979,Idaho,2025-08-01,75.0
5980,Illinois,2025-08-01,240.7
5981,Indiana,2025-08-01,177.4
5982,Kansas,2025-08-01,73.7
5983,Kentucky,2025-08-01,92.4
5984,Louisiana,2025-08-01,135.7
5985,Massachusetts,2025-08-01,165.6
5986,Maine,2025-08-01,35.6
5987,Michigan,2025-08-01,203.2
5988,Minnesota,2025-08-01,141.5
5989,Missouri,2025-08-01,151.7
5990,Mississippi,2025-08-01,53.9
5991,Montana,2025-08-01,37.1
5992,North Carolina,2025-08-01,279.8
5993,North Dakota,2025-08-01,30.7
5994,New Hampshire,2025-08-01,32.5
5995,New Jersey,2025-08-01,166.1
5996,New Mexico,2025-08-01,55.0
5997,Nevada,2025-08-01,113.2
5998,New York,2025-08-01,386.3
5999,Ohio,2025-08-01,260.4
6000,Oklahoma,2025-08-01,89.7
6001,Oregon,2025-08-01,112.3
6002,Pennsylvania,2025-08-01,264.1
6003,Rhode Island,2025-08-01,22.7
6004,South Carolina,2025-08-01,124.1
6005,South Dakota,2025-08-01,29.7
6006,Maryland,2025-08-01,164.7
6007,Nebraska,2025-08-01,64.3
6008,Texas,2025-08-01,907.5
6009,Utah,2025-08-01,141.7
6010,Virginia,2025-08-01,231.6
6011,Vermont,2025-08-01,16.4
6012,Washington,2025-08-01,217.2
6013,Wisconsin,2025-08-01,147.0
6014,West Virginia,2025-08-01,35.3
6015,Wyoming,2025-08-01,22.4
6016,Alaska,2025-09-01,18.7
6017,Alabama,2025-09-01,110.3
6018,Arkansas,2025-09-01,66.1
6019,Arizona,2025-09-01,222.6
6020,California,2025-09-01,888.6
6021,Colorado,2025-09-01,184.1
6022,Connecticut,2025-09-01,64.1
6023,Florida,2025-09-01,653.7
6024,Georgia,2025-09-01,236.7
6025,Iowa,2025-09-01,84.6
6026,Idaho,2025-09-01,75.3
6027,Illinois,2025-09-01,240.2
6028,Indiana,2025-09-01,177.3
6029,Kansas,2025-09-01,73.6
6030,Kentucky,2025-09-01,92.8
6031,Louisiana,2025-09-01,135.4
6032,Massachusetts,2025-09-01,165.7
6033,Maine,2025-09-01,35.5
6034,Michigan,2025-09-01,203.2
6035,Minnesota,2025-09-01,142.2
6036,Missouri,2025-09-01,151.9
6037,Mississippi,2025-09-01,53.7
6038,Montana,2025-09-01,37.1
6039,North Carolina,2025-09-01,279.9
6040,North Dakota,2025-09-01,30.9
6041,New Hampshire,2025-09-01,32.5
6042,New Jersey,2025-09-01,166.1
6043,New Mexico,2025-09-01,55.0
6044,Nevada,2025-09-01,113.1
6045,New York,2025-09-01,385.9
6046,Ohio,2025-09-01,260.5
6047,Oklahoma,2025-09-01,89.7
6048,Oregon,2025-09-01,111.6
6049,Pennsylvania,2025-09-01,264.3
6050,Rhode Island,2025-09-01,22.5
6051,South Carolina,2025-09-01,124.7
6052,South Dakota,2025-09-01,29.6
6053,Maryland,2025-09-01,164.9
6054,Nebraska,2025-09-01,64.1
6055,Texas,2025-09-01,906.6
6056,Utah,2025-09-01,141.9
6057,Virginia,2025-09-01,231.7
6058,Vermont,2025-09-01,16.4
6059,Washington,2025-09-01,217.2
6060,Wisconsin,2025-09-01,146.8
6061,West Virginia,2025-09-01,35.4
6062,Wyoming,2025-09-01,22.5
6063,Alaska,2025-10-01,18.9
6064,Alabama,2025-10-01,110.4
6065,Arkansas,2025-10-01,65.9
6066,Arizona,2025-10-01,221.7
6067,California,2025-10-01,880.8
6068,Colorado,2025-10-01,185.4
6069,Connecticut,2025-10-01,64.1
6070,Florida,2025-10-01,650.3
6071,Georgia,2025-10-01,237.1
6072,Iowa,2025-10-01,82.9
6073,Idaho,2025-10-01,76.1
6074,Illinois,2025-10-01,239.2
6075,Indiana,2025-10-01,176.4
6076,Kansas,2025-10-01,74.7
6077,Kentucky,2025-10-01,92.5
6078,Louisiana,2025-10-01,135.8
6079,Massachusetts,2025-10-01,163.5
6080,Maine,2025-10-01,35.6
6081,Michigan,2025-10-01,203.1
6082,Minnesota,2025-10-01,144.6
6083,Missouri,2025-10-01,152.2
6084,Mississippi,2025-10-01,54.4
6085,Montana,2025-10-01,37.5
6086,North Carolina,2025-10-01,281.0
6087,North Dakota,2025-10-01,30.1
6088,New Hampshire,2025-10-01,32.6
6089,New Jersey,2025-10-01,166.7
6090,New Mexico,2025-10-01,53.9
6091,Nevada,2025-10-01,114.4
6092,New York,2025-10-01,385.0
6093,Ohio,2025-10-01,258.5
6094,Oklahoma,2025-10-01,90.8
6095,Oregon,2025-10-01,112.8
6096,Pennsylvania,2025-10-01,263.7
6097,Rhode Island,2025-10-01,22.7
6098,South Carolina,2025-10-01,123.9
6099,South Dakota,2025-10-01,30.2
6100,Maryland,2025-10-01,165.4
6101,Nebraska,2025-10-01,64.9
6102,Texas,2025-10-01,903.6
6103,Utah,2025-10-01,141.8
6104,Virginia,2025-10-01,227.0
6105,Vermont,2025-10-01,16.0
6106,Washington,2025-10-01,216.5
6107,Wisconsin,2025-10-01,147.6
6108,West Virginia,2025-10-01,35.5
6109,Wyoming,2025-10-01,23.1
6110,Alaska,2025-11-01,18.8
6111,Alabama,2025-11-01,109.5
6112,Arkansas,2025-11-01,66.3
6113,Arizona,2025-11-01,221.8
6114,California,2025-11-01,885.9
6115,Colorado,2025-11-01,185.1
6116,Connecticut,2025-11-01,64.8
6117,Florida,2025-11-01,648.6
6118,Georgia,2025-11-01,236.4
6119,Iowa,2025-11-01,83.8
6120,Idaho,2025-11-01,77.1
6121,Illinois,2025-11-01,241.4
6122,Indiana,2025-11-01,176.5
6123,Kansas,2025-11-01,75.5
6124,Kentucky,2025-11-01,92.5
6125,Louisiana,2025-11-01,139.0
6126,Massachusetts,2025-11-01,165.0
6127,Maine,2025-11-01,35.8
6128,Michigan,2025-11-01,201.7
6129,Minnesota,2025-11-01,148.7
6130,Missouri,2025-11-01,154.7
6131,Mississippi,2025-11-01,54.6
6132,Montana,2025-11-01,36.8
6133,North Carolina,2025-11-01,282.7
6134,North Dakota,2025-11-01,30.9
6135,New Hampshire,2025-11-01,32.4
6136,New Jersey,2025-11-01,166.2
6137,New Mexico,2025-11-01,53.4
6138,Nevada,2025-11-01,113.1
6139,New York,2025-11-01,385.6
6140,Ohio,2025-11-01,260.6
6141,Oklahoma,2025-11-01,90.5
6142,Oregon,2025-11-01,113.0
6143,Pennsylvania,2025-11-01,265.3
6144,Rhode Island,2025-11-01,22.7
6145,South Carolina,2025-11-01,124.5
6146,South Dakota,2025-11-01,29.0
6147,Maryland,2025-11-01,167.1
6148,Nebraska,2025-11-01,64.8
6149,Texas,2025-11-01,905.5
6150,Utah,2025-11-01,141.9
6151,Virginia,2025-11-01,226.7
6152,Vermont,2025-11-01,16.1
6153,Washington,2025-11-01,214.4
6154,Wisconsin,2025-11-01,148.3
6155,West Virginia,2025-11-01,35.6
6156,Wyoming,2025-11-01,23.4
6157,Alaska,2025-12-01,18.4
6158,Alabama,2025-12-01,109.7
6159,Arkansas,2025-12-01,66.4
6160,Arizona,2025-12-01,222.7
6161,California,2025-12-01,880.8
6162,Colorado,2025-12-01,186.5
6163,Connecticut,2025-12-01,64.8
6164,Florida,2025-12-01,647.2
6165,Georgia,2025-12-01,236.2
6166,Iowa,2025-12-01,83.7
6167,Idaho,2025-12-01,77.7
6168,Illinois,2025-12-01,237.3
6169,Indiana,2025-12-01,174.2
6170,Kansas,2025-12-01,74.4
6171,Kentucky,2025-12-01,92.9
6172,Louisiana,2025-12-01,140.1
6173,Massachusetts,2025-12-01,165.2
6174,Maine,2025-12-01,36.0
6175,Michigan,2025-12-01,199.5
6176,Minnesota,2025-12-01,142.7
6177,Missouri,2025-12-01,154.9
6178,Mississippi,2025-12-01,53.9
6179,Montana,2025-12-01,36.9
6180,North Carolina,2025-12-01,283.6
6181,North Dakota,2025-12-01,30.7
6182,New Hampshire,2025-12-01,32.6
6183,New Jersey,2025-12-01,166.2
6184,New Mexico,2025-12-01,53.9
6185,Nevada,2025-12-01,110.7
6186,New York,2025-12-01,387.4
6187,Ohio,2025-12-01,262.2
6188,Oklahoma,2025-12-01,89.9
6189,Oregon,2025-12-01,110.6
6190,Pennsylvania,2025-12-01,263.0
6191,Rhode Island,2025-12-01,23.2
6192,South Carolina,2025-12-01,125.2
6193,South Dakota,2025-12-01,29.3
6194,Maryland,2025-12-01,166.8
6195,Nebraska,2025-12-01,64.6
6196,Texas,2025-12-01,903.4
6197,Utah,2025-12-01,142.0
6198,Virginia,2025-12-01,226.8
6199,Vermont,2025-12-01,16.2
6200,Washington,2025-12-01,214.9
6201,Wisconsin,2025-12-01,150.4
6202,West Virginia,2025-12-01,35.5
6203,Wyoming,2025-12-01,23.4
6204,Alaska,2026-01-01,18.9
6205,Alabama,2026-01-01,111.0
6206,Arkansas,2026-01-01,66.1
6207,Arizona,2026-01-01,223.2
6208,California,2026-01-01,885.4
6209,Colorado,2026-01-01,188.5
6210,Connecticut,2026-01-01,65.1
6211,Florida,2026-01-01,647.7
6212,Georgia,2026-01-01,236.2
6213,Iowa,2026-01-01,85.1
6214,Idaho,2026-01-01,74.7
6215,Illinois,2026-01-01,251.3
6216,Indiana,2026-01-01,175.4
6217,Kansas,2026-01-01,73.7
6218,Kentucky,2026-01-01,92.9
6219,Louisiana,2026-01-01,142.7
6220,Massachusetts,2026-01-01,165.8
6221,Maine,2026-01-01,36.5
6222,Michigan,2026-01-01,198.8
6223,Minnesota,2026-01-01,146.0
6224,Missouri,2026-01-01,160.1
6225,Mississippi,2026-01-01,53.0
6226,Montana,2026-01-01,37.8
6227,North Carolina,2026-01-01,286.1
6228,North Dakota,2026-01-01,31.0
6229,New Hampshire,2026-01-01,32.6
6230,New Jersey,2026-01-01,168.0
6231,New Mexico,2026-01-01,54.0
6232,Nevada,2026-01-01,114.2
6233,New York,2026-01-01,389.9
6234,Ohio,2026-01-01,261.6
6235,Oklahoma,2026-01-01,90.8
6236,Oregon,2026-01-01,111.4
6237,Pennsylvania,2026-01-01,266.0
6238,Rhode Island,2026-01-01,22.8
6239,South Carolina,2026-01-01,126.0
6240,South Dakota,2026-01-01,29.8
6241,Maryland,2026-01-01,169.1
6242,Nebraska,2026-01-01,65.0
6243,Texas,2026-01-01,913.9
6244,Utah,2026-01-01,142.0
6245,Virginia,2026-01-01,227.5
6246,Vermont,2026-01-01,16.8
6247,Washington,2026-01-01,218.2
6248,Wisconsin,2026-01-01,152.9
6249,West Virginia,2026-01-01,37.6
6250,Wyoming,2026-01-01,23.7
6251,Alaska,2026-02-01,18.6
6252,Alabama,2026-02-01,111.3
6253,Arkansas,2026-02-01,66.5
6254,Arizona,2026-02-01,223.8
6255,California,2026-02-01,884.5
6256,Colorado,2026-02-01,189.5
6257,Connecticut,2026-02-01,64.3
6258,Florida,2026-02-01,648.8
6259,Georgia,2026-02-01,232.5
6260,Iowa,2026-02-01,85.8
6261,Idaho,2026-02-01,75.4
6262,Illinois,2026-02-01,246.4
6263,Indiana,2026-02-01,174.6
6264,Kansas,2026-02-01,73.3
6265,Kentucky,2026-02-01,92.3
6266,Louisiana,2026-02-01,143.2
6267,Massachusetts,2026-02-01,166.0
6268,Maine,2026-02-01,36.8
6269,Michigan,2026-02-01,198.3
6270,Minnesota,2026-02-01,144.3
6271,Missouri,2026-02-01,155.9
6272,Mississippi,2026-02-01,53.3
6273,Montana,2026-02-01,38.3
6274,North Carolina,2026-02-01,286.7
6275,North Dakota,2026-02-01,30.6
6276,New Hampshire,2026-02-01,32.5
6277,New Jersey,2026-02-01,162.1
6278,New Mexico,2026-02-01,53.9
6279,Nevada,2026-02-01,115.2
6280,New York,2026-02-01,384.6
6281,Ohio,2026-02-01,262.6
6282,Oklahoma,2026-02-01,91.2
6283,Oregon,2026-02-01,111.7
6284,Pennsylvania,2026-02-01,263.0
6285,Rhode Island,2026-02-01,22.5
6286,South Carolina,2026-02-01,125.8
6287,South Dakota,2026-02-01,29.8
6288,Maryland,2026-02-01,165.0
6289,Nebraska,2026-02-01,65.4
6290,Texas,2026-02-01,912.9
6291,Utah,2026-02-01,142.4
6292,Virginia,2026-02-01,226.0
6293,Vermont,2026-02-01,16.4
6294,Washington,2026-02-01,217.2
6295,Wisconsin,2026-02-01,153.7
6296,West Virginia,2026-02-01,36.7
6297,Wyoming,2026-02-01,23.9
