,State,Date,value
0,Alaska,2015-01-01,362.704
1,Alabama,2015-01-01,2166.864
2,Arkansas,2015-01-01,1331.412
3,Arizona,2015-01-01,3090.768
4,California,2015-01-01,18818.212
5,Colorado,2015-01-01,2807.587
6,Connecticut,2015-01-01,1912.878
7,District of Columbia,2015-01-01,379.62
8,Delaware,2015-01-01,458.015
9,Florida,2015-01-01,9547.419
10,Georgia,2015-01-01,4739.013
11,Hawaii,2015-01-01,680.21
12,Iowa,2015-01-01,1708.406
13,Idaho,2015-01-01,789.286
14,Illinois,2015-01-01,6530.801
15,Indiana,2015-01-01,3246.591
16,Kansas,2015-01-01,1497.763
17,Kentucky,2015-01-01,1987.156
18,Louisiana,2015-01-01,2169.69
19,Massachusetts,2015-01-01,3632.559
20,Maryland,2015-01-01,3157.724
21,Maine,2015-01-01,695.333
22,Michigan,2015-01-01,4764.774
23,Minnesota,2015-01-01,3002.256
24,Missouri,2015-01-01,3046.324
25,Mississippi,2015-01-01,1249.462
26,Montana,2015-01-01,517.396
27,North Carolina,2015-01-01,4680.763
28,North Dakota,2015-01-01,416.126
29,Nebraska,2015-01-01,1013.018
30,New Hampshire,2015-01-01,750.638
31,New Jersey,2015-01-01,4599.138
32,New Mexico,2015-01-01,940.698
33,Nevada,2015-01-01,1389.305
34,New York,2015-01-01,9705.061
35,Ohio,2015-01-01,5737.312
36,Oklahoma,2015-01-01,1813.648
37,Oregon,2015-01-01,1958.638
38,Pennsylvania,2015-01-01,6444.939
39,Rhode Island,2015-01-01,566.321
40,South Carolina,2015-01-01,2233.242
41,South Dakota,2015-01-01,449.519
42,Tennessee,2015-01-01,3065.281
43,Texas,2015-01-01,13005.03
44,Utah,2015-01-01,1443.189
45,Virginia,2015-01-01,4237.002
46,Vermont,2015-01-01,353.493
47,Washington,2015-01-01,3519.204
48,Wisconsin,2015-01-01,3093.599
49,West Virginia,2015-01-01,795.082
50,Wyoming,2015-01-01,302.001
51,Alaska,2015-02-01,362.522
52,Alabama,2015-02-01,2169.495
53,Arkansas,2015-02-01,1332.284
54,Arizona,2015-02-01,3093.823
55,California,2015-02-01,18826.972
56,Colorado,2015-02-01,2808.391
57,Connecticut,2015-02-01,1912.99
58,District of Columbia,2015-02-01,379.593
59,Delaware,2015-02-01,458.674
60,Florida,2015-02-01,9552.483
61,Georgia,2015-02-01,4737.111
62,Hawaii,2015-02-01,680.652
63,Iowa,2015-02-01,1707.615
64,Idaho,2015-02-01,791.359
65,Illinois,2015-02-01,6531.408
66,Indiana,2015-02-01,3247.085
67,Kansas,2015-02-01,1497.519
68,Kentucky,2015-02-01,1985.437
69,Louisiana,2015-02-01,2167.248
70,Massachusetts,2015-02-01,3630.125
71,Maryland,2015-02-01,3160.431
72,Maine,2015-02-01,694.372
73,Michigan,2015-02-01,4763.075
74,Minnesota,2015-02-01,3005.497
75,Missouri,2015-02-01,3048.541
76,Mississippi,2015-02-01,1252.238
77,Montana,2015-02-01,518.398
78,North Carolina,2015-02-01,4686.531
79,North Dakota,2015-02-01,415.394
80,Nebraska,2015-02-01,1012.312
81,New Hampshire,2015-02-01,750.753
82,New Jersey,2015-02-01,4599.819
83,New Mexico,2015-02-01,941.207
84,Nevada,2015-02-01,1390.782
85,New York,2015-02-01,9718.246
86,Ohio,2015-02-01,5731.526
87,Oklahoma,2015-02-01,1818.867
88,Oregon,2015-02-01,1959.179
89,Pennsylvania,2015-02-01,6448.785
90,Rhode Island,2015-02-01,566.771
91,South Carolina,2015-02-01,2235.851
92,South Dakota,2015-02-01,449.491
93,Tennessee,2015-02-01,3067.489
94,Texas,2015-02-01,12996.949
95,Utah,2015-02-01,1446.33
96,Virginia,2015-02-01,4234.354
97,Vermont,2015-02-01,353.453
98,Washington,2015-02-01,3523.168
99,Wisconsin,2015-02-01,3092.455
100,West Virginia,2015-02-01,794.759
101,Wyoming,2015-02-01,301.683
102,Alaska,2015-03-01,362.346
103,Alabama,2015-03-01,2171.897
104,Arkansas,2015-03-01,1333.305
105,Arizona,2015-03-01,3097.355
106,California,2015-03-01,18838.028
107,Colorado,2015-03-01,2809.713
108,Connecticut,2015-03-01,1912.14
109,District of Columbia,2015-03-01,379.763
110,Delaware,2015-03-01,459.436
111,Florida,2015-03-01,9560.034
112,Georgia,2015-03-01,4736.589
113,Hawaii,2015-03-01,681.108
114,Iowa,2015-03-01,1707.029
115,Idaho,2015-03-01,793.573
116,Illinois,2015-03-01,6536.364
117,Indiana,2015-03-01,3248.87
118,Kansas,2015-03-01,1497.293
119,Kentucky,2015-03-01,1983.941
120,Louisiana,2015-03-01,2164.327
121,Massachusetts,2015-03-01,3627.911
122,Maryland,2015-03-01,3163.898
123,Maine,2015-03-01,693.273
124,Michigan,2015-03-01,4763.675
125,Minnesota,2015-03-01,3009.713
126,Missouri,2015-03-01,3050.531
127,Mississippi,2015-03-01,1255.338
128,Montana,2015-03-01,519.291
129,North Carolina,2015-03-01,4693.481
130,North Dakota,2015-03-01,414.498
131,Nebraska,2015-03-01,1012.006
132,New Hampshire,2015-03-01,750.431
133,New Jersey,2015-03-01,4600.965
134,New Mexico,2015-03-01,941.739
135,Nevada,2015-03-01,1392.287
136,New York,2015-03-01,9730.674
137,Ohio,2015-03-01,5728.534
138,Oklahoma,2015-03-01,1823.69
139,Oregon,2015-03-01,1961.126
140,Pennsylvania,2015-03-01,6454.403
141,Rhode Island,2015-03-01,567.037
142,South Carolina,2015-03-01,2238.395
143,South Dakota,2015-03-01,449.521
144,Tennessee,2015-03-01,3070.631
145,Texas,2015-03-01,12994.457
146,Utah,2015-03-01,1449.776
147,Virginia,2015-03-01,4232.923
148,Vermont,2015-03-01,353.266
149,Washington,2015-03-01,3528.031
150,Wisconsin,2015-03-01,3091.803
151,West Virginia,2015-03-01,794.694
152,Wyoming,2015-03-01,301.424
153,Alaska,2015-04-01,362.18
154,Alabama,2015-04-01,2173.967
155,Arkansas,2015-04-01,1334.305
156,Arizona,2015-04-01,3101.717
157,California,2015-04-01,18848.322
158,Colorado,2015-04-01,2811.615
159,Connecticut,2015-04-01,1910.119
160,District of Columbia,2015-04-01,380.227
161,Delaware,2015-04-01,460.259
162,Florida,2015-04-01,9569.38
163,Georgia,2015-04-01,4735.953
164,Hawaii,2015-04-01,681.613
165,Iowa,2015-04-01,1706.203
166,Idaho,2015-04-01,795.78
167,Illinois,2015-04-01,6544.294
168,Indiana,2015-04-01,3252.3
169,Kansas,2015-04-01,1497.182
170,Kentucky,2015-04-01,1982.464
171,Louisiana,2015-04-01,2160.724
172,Massachusetts,2015-04-01,3626.445
173,Maryland,2015-04-01,3167.278
174,Maine,2015-04-01,692.064
175,Michigan,2015-04-01,4766.275
176,Minnesota,2015-04-01,3014.026
177,Missouri,2015-04-01,3051.973
178,Mississippi,2015-04-01,1257.989
179,Montana,2015-04-01,519.87
180,North Carolina,2015-04-01,4700.619
181,North Dakota,2015-04-01,413.654
182,Nebraska,2015-04-01,1012.259
183,New Hampshire,2015-04-01,749.781
184,New Jersey,2015-04-01,4601.645
185,New Mexico,2015-04-01,942.216
186,Nevada,2015-04-01,1393.71
187,New York,2015-04-01,9740.242
188,Ohio,2015-04-01,5727.608
189,Oklahoma,2015-04-01,1827.272
190,Oregon,2015-04-01,1964.359
191,Pennsylvania,2015-04-01,6461.555
192,Rhode Island,2015-04-01,566.925
193,South Carolina,2015-04-01,2240.573
194,South Dakota,2015-04-01,449.658
195,Tennessee,2015-04-01,3074.122
196,Texas,2015-04-01,12997.813
197,Utah,2015-04-01,1453.518
198,Virginia,2015-04-01,4232.21
199,Vermont,2015-04-01,352.923
200,Washington,2015-04-01,3533.695
201,Wisconsin,2015-04-01,3091.466
202,West Virginia,2015-04-01,794.714
203,Wyoming,2015-04-01,301.225
204,Alaska,2015-05-01,361.928
205,Alabama,2015-05-01,2174.501
206,Arkansas,2015-05-01,1334.929
207,Arizona,2015-05-01,3106.411
208,California,2015-05-01,18852.828
209,Colorado,2015-05-01,2813.611
210,Connecticut,2015-05-01,1907.097
211,District of Columbia,2015-05-01,380.77
212,Delaware,2015-05-01,461.075
213,Florida,2015-05-01,9578.842
214,Georgia,2015-05-01,4735.356
215,Hawaii,2015-05-01,682.114
216,Iowa,2015-05-01,1704.78
217,Idaho,2015-05-01,797.796
218,Illinois,2015-05-01,6551.834
219,Indiana,2015-05-01,3256.839
220,Kansas,2015-05-01,1497.11
221,Kentucky,2015-05-01,1980.575
222,Louisiana,2015-05-01,2156.254
223,Massachusetts,2015-05-01,3624.724
224,Maryland,2015-05-01,3169.758
225,Maine,2015-05-01,690.812
226,Michigan,2015-05-01,4769.372
227,Minnesota,2015-05-01,3017.178
228,Missouri,2015-05-01,3052.454
229,Mississippi,2015-05-01,1259.898
230,Montana,2015-05-01,520.065
231,North Carolina,2015-05-01,4706.315
232,North Dakota,2015-05-01,412.965
233,Nebraska,2015-05-01,1012.908
234,New Hampshire,2015-05-01,748.83
235,New Jersey,2015-05-01,4600.754
236,New Mexico,2015-05-01,942.41
237,Nevada,2015-05-01,1394.779
238,New York,2015-05-01,9744.552
239,Ohio,2015-05-01,5726.888
240,Oklahoma,2015-05-01,1828.834
241,Oregon,2015-05-01,1968.414
242,Pennsylvania,2015-05-01,6468.552
243,Rhode Island,2015-05-01,566.373
244,South Carolina,2015-05-01,2241.91
245,South Dakota,2015-05-01,449.843
246,Tennessee,2015-05-01,3077.173
247,Texas,2015-05-01,13004.689
248,Utah,2015-05-01,1457.187
249,Virginia,2015-05-01,4231.145
250,Vermont,2015-05-01,352.438
251,Washington,2015-05-01,3539.458
252,Wisconsin,2015-05-01,3091.078
253,West Virginia,2015-05-01,794.426
254,Wyoming,2015-05-01,301.027
255,Alaska,2015-06-01,361.54
256,Alabama,2015-06-01,2173.391
257,Arkansas,2015-06-01,1334.831
258,Arizona,2015-06-01,3110.554
259,California,2015-06-01,18848.42
260,Colorado,2015-06-01,2815.094
261,Connecticut,2015-06-01,1903.378
262,District of Columbia,2015-06-01,381.214
263,Delaware,2015-06-01,461.824
264,Florida,2015-06-01,9586.944
265,Georgia,2015-06-01,4734.169
266,Hawaii,2015-06-01,682.503
267,Iowa,2015-06-01,1702.889
268,Idaho,2015-06-01,799.382
269,Illinois,2015-06-01,6556.268
270,Indiana,2015-06-01,3261.547
271,Kansas,2015-06-01,1496.942
272,Kentucky,2015-06-01,1978.069
273,Louisiana,2015-06-01,2150.797
274,Massachusetts,2015-06-01,3621.649
275,Maryland,2015-06-01,3170.663
276,Maine,2015-06-01,689.522
277,Michigan,2015-06-01,4771.847
278,Minnesota,2015-06-01,3018.332
279,Missouri,2015-06-01,3051.939
280,Mississippi,2015-06-01,1260.61
281,Montana,2015-06-01,520.02
282,North Carolina,2015-06-01,4709.361
283,North Dakota,2015-06-01,412.415
284,Nebraska,2015-06-01,1013.724
285,New Hampshire,2015-06-01,747.698
286,New Jersey,2015-06-01,4597.878
287,New Mexico,2015-06-01,942.102
288,Nevada,2015-06-01,1395.265
289,New York,2015-06-01,9742.165
290,Ohio,2015-06-01,5724.503
291,Oklahoma,2015-06-01,1828.173
292,Oregon,2015-06-01,1972.552
293,Pennsylvania,2015-06-01,6473.711
294,Rhode Island,2015-06-01,565.447
295,South Carolina,2015-06-01,2242.091
296,South Dakota,2015-06-01,449.968
297,Tennessee,2015-06-01,3078.968
298,Texas,2015-06-01,13012.436
299,Utah,2015-06-01,1460.409
300,Virginia,2015-06-01,4228.911
301,Vermont,2015-06-01,351.857
302,Washington,2015-06-01,3544.4
303,Wisconsin,2015-06-01,3090.401
304,West Virginia,2015-06-01,793.51
305,Wyoming,2015-06-01,300.779
306,Alaska,2015-07-01,361.138
307,Alabama,2015-07-01,2171.593
308,Arkansas,2015-07-01,1334.168
309,Arizona,2015-07-01,3113.926
310,California,2015-07-01,18839.426
311,Colorado,2015-07-01,2816.411
312,Connecticut,2015-07-01,1899.802
313,District of Columbia,2015-07-01,381.639
314,Delaware,2015-07-01,462.553
315,Florida,2015-07-01,9594.674
316,Georgia,2015-07-01,4732.561
317,Hawaii,2015-07-01,682.855
318,Iowa,2015-07-01,1701.152
319,Idaho,2015-07-01,800.658
320,Illinois,2015-07-01,6558.362
321,Indiana,2015-07-01,3266.59
322,Kansas,2015-07-01,1496.837
323,Kentucky,2015-07-01,1975.923
324,Louisiana,2015-07-01,2144.721
325,Massachusetts,2015-07-01,3617.532
326,Maryland,2015-07-01,3170.232
327,Maine,2015-07-01,688.316
328,Michigan,2015-07-01,4773.803
329,Minnesota,2015-07-01,3018.015
330,Missouri,2015-07-01,3051.015
331,Mississippi,2015-07-01,1260.747
332,Montana,2015-07-01,520.051
333,North Carolina,2015-07-01,4710.903
334,North Dakota,2015-07-01,412.068
335,Nebraska,2015-07-01,1014.675
336,New Hampshire,2015-07-01,746.77
337,New Jersey,2015-07-01,4594.206
338,New Mexico,2015-07-01,941.385
339,Nevada,2015-07-01,1395.389
340,New York,2015-07-01,9736.639
341,Ohio,2015-07-01,5720.71
342,Oklahoma,2015-07-01,1826.17
343,Oregon,2015-07-01,1976.675
344,Pennsylvania,2015-07-01,6477.709
345,Rhode Island,2015-07-01,564.458
346,South Carolina,2015-07-01,2241.576
347,South Dakota,2015-07-01,450.029
348,Tennessee,2015-07-01,3079.697
349,Texas,2015-07-01,13021.327
350,Utah,2015-07-01,1463.234
351,Virginia,2015-07-01,4226.202
352,Vermont,2015-07-01,351.32
353,Washington,2015-07-01,3549.209
354,Wisconsin,2015-07-01,3090.169
355,West Virginia,2015-07-01,792.08
356,Wyoming,2015-07-01,300.513
357,Alaska,2015-08-01,360.803
358,Alabama,2015-08-01,2170.789
359,Arkansas,2015-08-01,1333.299
360,Arizona,2015-08-01,3116.76
361,California,2015-08-01,18832.394
362,Colorado,2015-08-01,2818.352
363,Connecticut,2015-08-01,1897.248
364,District of Columbia,2015-08-01,382.112
365,Delaware,2015-08-01,463.324
366,Florida,2015-08-01,9603.74
367,Georgia,2015-08-01,4730.889
368,Hawaii,2015-08-01,683.337
369,Iowa,2015-08-01,1700.151
370,Idaho,2015-08-01,801.819
371,Illinois,2015-08-01,6560.595
372,Indiana,2015-08-01,3272.212
373,Kansas,2015-08-01,1497.096
374,Kentucky,2015-08-01,1975.21
375,Louisiana,2015-08-01,2138.864
376,Massachusetts,2015-08-01,3613.335
377,Maryland,2015-08-01,3169.189
378,Maine,2015-08-01,687.297
379,Michigan,2015-08-01,4775.84
380,Minnesota,2015-08-01,3017.335
381,Missouri,2015-08-01,3050.439
382,Mississippi,2015-08-01,1260.887
383,Montana,2015-08-01,520.343
384,North Carolina,2015-08-01,4712.347
385,North Dakota,2015-08-01,411.965
386,Nebraska,2015-08-01,1015.778
387,New Hampshire,2015-08-01,746.324
388,New Jersey,2015-08-01,4591.02
389,New Mexico,2015-08-01,940.443
390,Nevada,2015-08-01,1395.502
391,New York,2015-08-01,9732.451
392,Ohio,2015-08-01,5717.012
393,Oklahoma,2015-08-01,1823.735
394,Oregon,2015-08-01,1980.845
395,Pennsylvania,2015-08-01,6481.593
396,Rhode Island,2015-08-01,563.629
397,South Carolina,2015-08-01,2241.066
398,South Dakota,2015-08-01,450.086
399,Tennessee,2015-08-01,3080.105
400,Texas,2015-08-01,13031.358
401,Utah,2015-08-01,1465.935
402,Virginia,2015-08-01,4223.634
403,Vermont,2015-08-01,350.907
404,Washington,2015-08-01,3554.823
405,Wisconsin,2015-08-01,3091.273
406,West Virginia,2015-08-01,790.472
407,Wyoming,2015-08-01,300.273
408,Alaska,2015-09-01,360.526
409,Alabama,2015-09-01,2170.975
410,Arkansas,2015-09-01,1332.649
411,Arizona,2015-09-01,3119.596
412,California,2015-09-01,18832.61
413,Colorado,2015-09-01,2821.852
414,Connecticut,2015-09-01,1895.796
415,District of Columbia,2015-09-01,382.552
416,Delaware,2015-09-01,464.181
417,Florida,2015-09-01,9615.536
418,Georgia,2015-09-01,4731.195
419,Hawaii,2015-09-01,684.081
420,Iowa,2015-09-01,1700.298
421,Idaho,2015-09-01,802.951
422,Illinois,2015-09-01,6565.32
423,Indiana,2015-09-01,3278.98
424,Kansas,2015-09-01,1497.88
425,Kentucky,2015-09-01,1976.555
426,Louisiana,2015-09-01,2134.21
427,Massachusetts,2015-09-01,3610.168
428,Maryland,2015-09-01,3168.394
429,Maine,2015-09-01,686.62
430,Michigan,2015-09-01,4779.395
431,Minnesota,2015-09-01,3017.39
432,Missouri,2015-09-01,3050.791
433,Mississippi,2015-09-01,1262.078
434,Montana,2015-09-01,520.872
435,North Carolina,2015-09-01,4714.568
436,North Dakota,2015-09-01,412.104
437,Nebraska,2015-09-01,1017.033
438,New Hampshire,2015-09-01,746.425
439,New Jersey,2015-09-01,4589.208
440,New Mexico,2015-09-01,939.512
441,Nevada,2015-09-01,1395.804
442,New York,2015-09-01,9732.729
443,Ohio,2015-09-01,5715.547
444,Oklahoma,2015-09-01,1821.679
445,Oregon,2015-09-01,1985.425
446,Pennsylvania,2015-09-01,6486.574
447,Rhode Island,2015-09-01,562.994
448,South Carolina,2015-09-01,2241.281
449,South Dakota,2015-09-01,450.221
450,Tennessee,2015-09-01,3081.151
451,Texas,2015-09-01,13043.523
452,Utah,2015-09-01,1468.803
453,Virginia,2015-09-01,4221.591
454,Vermont,2015-09-01,350.639
455,Washington,2015-09-01,3561.553
456,Wisconsin,2015-09-01,3094.258
457,West Virginia,2015-09-01,789.089
458,Wyoming,2015-09-01,300.09
459,Alaska,2015-10-01,360.364
460,Alabama,2015-10-01,2173.053
461,Arkansas,2015-10-01,1332.905
462,Arizona,2015-10-01,3123.66
463,California,2015-10-01,18846.578
464,Colorado,2015-10-01,2827.738
465,Connecticut,2015-10-01,1895.443
466,District of Columbia,2015-10-01,382.995
467,Delaware,2015-10-01,465.198
468,Florida,2015-10-01,9632.214
469,Georgia,2015-10-01,4734.979
470,Hawaii,2015-10-01,685.238
471,Iowa,2015-10-01,1702.038
472,Idaho,2015-10-01,804.326
473,Illinois,2015-10-01,6575.528
474,Indiana,2015-10-01,3288.343
475,Kansas,2015-10-01,1499.217
476,Kentucky,2015-10-01,1980.054
477,Louisiana,2015-10-01,2131.724
478,Massachusetts,2015-10-01,3609.632
479,Maryland,2015-10-01,3168.925
480,Maine,2015-10-01,686.563
481,Michigan,2015-10-01,4786.771
482,Minnesota,2015-10-01,3019.206
483,Missouri,2015-10-01,3052.804
484,Mississippi,2015-10-01,1264.017
485,Montana,2015-10-01,521.678
486,North Carolina,2015-10-01,4719.324
487,North Dakota,2015-10-01,412.475
488,Nebraska,2015-10-01,1018.552
489,New Hampshire,2015-10-01,747.11
490,New Jersey,2015-10-01,4590.617
491,New Mexico,2015-10-01,939.028
492,Nevada,2015-10-01,1396.707
493,New York,2015-10-01,9740.366
494,Ohio,2015-10-01,5719.033
495,Oklahoma,2015-10-01,1821.067
496,Oregon,2015-10-01,1991.37
497,Pennsylvania,2015-10-01,6494.946
498,Rhode Island,2015-10-01,562.667
499,South Carolina,2015-10-01,2243.185
500,South Dakota,2015-10-01,450.545
501,Tennessee,2015-10-01,3084.457
502,Texas,2015-10-01,13062.295
503,Utah,2015-10-01,1472.335
504,Virginia,2015-10-01,4221.568
505,Vermont,2015-10-01,350.573
506,Washington,2015-10-01,3570.132
507,Wisconsin,2015-10-01,3099.569
508,West Virginia,2015-10-01,788.343
509,Wyoming,2015-10-01,300.031
510,Alaska,2015-11-01,360.361
511,Alabama,2015-11-01,2176.431
512,Arkansas,2015-11-01,1334.18
513,Arizona,2015-11-01,3129.489
514,California,2015-11-01,18875.38
515,Colorado,2015-11-01,2835.878
516,Connecticut,2015-11-01,1896.095
517,District of Columbia,2015-11-01,383.528
518,Delaware,2015-11-01,466.327
519,Florida,2015-11-01,9653.667
520,Georgia,2015-11-01,4742.569
521,Hawaii,2015-11-01,686.702
522,Iowa,2015-11-01,1705.349
523,Idaho,2015-11-01,806.14
524,Illinois,2015-11-01,6592.406
525,Indiana,2015-11-01,3300.603
526,Kansas,2015-11-01,1500.81
527,Kentucky,2015-11-01,1984.895
528,Louisiana,2015-11-01,2131.345
529,Massachusetts,2015-11-01,3612.914
530,Maryland,2015-11-01,3171.082
531,Maine,2015-11-01,687.257
532,Michigan,2015-11-01,4798.667
533,Minnesota,2015-11-01,3022.96
534,Missouri,2015-11-01,3056.29
535,Mississippi,2015-11-01,1266.257
536,Montana,2015-11-01,522.689
537,North Carolina,2015-11-01,4727.836
538,North Dakota,2015-11-01,413.014
539,Nebraska,2015-11-01,1020.251
540,New Hampshire,2015-11-01,748.406
541,New Jersey,2015-11-01,4595.758
542,New Mexico,2015-11-01,939.278
543,Nevada,2015-11-01,1398.385
544,New York,2015-11-01,9754.221
545,Ohio,2015-11-01,5728.965
546,Oklahoma,2015-11-01,1822.17
547,Oregon,2015-11-01,1999.157
548,Pennsylvania,2015-11-01,6506.86
549,Rhode Island,2015-11-01,562.726
550,South Carolina,2015-11-01,2246.987
551,South Dakota,2015-11-01,451.039
552,Tennessee,2015-11-01,3090.661
553,Texas,2015-11-01,13088.927
554,Utah,2015-11-01,1476.757
555,Virginia,2015-11-01,4224.18
556,Vermont,2015-11-01,350.711
557,Washington,2015-11-01,3580.721
558,Wisconsin,2015-11-01,3106.733
559,West Virginia,2015-11-01,788.293
560,Wyoming,2015-11-01,300.146
561,Alaska,2015-12-01,360.496
562,Alabama,2015-12-01,2180.375
563,Arkansas,2015-12-01,1335.781
564,Arizona,2015-12-01,3136.316
565,California,2015-12-01,18910.415
566,Colorado,2015-12-01,2845.145
567,Connecticut,2015-12-01,1897.121
568,District of Columbia,2015-12-01,384.123
569,Delaware,2015-12-01,467.363
570,Florida,2015-12-01,9676.271
571,Georgia,2015-12-01,4750.782
572,Hawaii,2015-12-01,688.148
573,Iowa,2015-12-01,1709.426
574,Idaho,2015-12-01,808.241
575,Illinois,2015-12-01,6612.67
576,Indiana,2015-12-01,3313.993
577,Kansas,2015-12-01,1502.058
578,Kentucky,2015-12-01,1989.899
579,Louisiana,2015-12-01,2131.888
580,Massachusetts,2015-12-01,3618.835
581,Maryland,2015-12-01,3173.815
582,Maine,2015-12-01,688.481
583,Michigan,2015-12-01,4813.134
584,Minnesota,2015-12-01,3027.432
585,Missouri,2015-12-01,3059.863
586,Mississippi,2015-12-01,1267.894
587,Montana,2015-12-01,523.658
588,North Carolina,2015-12-01,4738.519
589,North Dakota,2015-12-01,413.573
590,Nebraska,2015-12-01,1021.789
591,New Hampshire,2015-12-01,750.055
592,New Jersey,2015-12-01,4602.656
593,New Mexico,2015-12-01,940.098
594,Nevada,2015-12-01,1400.386
595,New York,2015-12-01,9768.487
596,Ohio,2015-12-01,5743.561
597,Oklahoma,2015-12-01,1823.974
598,Oregon,2015-12-01,2007.927
599,Pennsylvania,2015-12-01,6519.532
600,Rhode Island,2015-12-01,563.002
601,South Carolina,2015-12-01,2251.491
602,South Dakota,2015-12-01,451.549
603,Tennessee,2015-12-01,3098.226
604,Texas,2015-12-01,13119.457
605,Utah,2015-12-01,1481.723
606,Virginia,2015-12-01,4227.902
607,Vermont,2015-12-01,350.95
608,Washington,2015-12-01,3592.144
609,Wisconsin,2015-12-01,3114.079
610,West Virginia,2015-12-01,788.672
611,Wyoming,2015-12-01,300.374
612,Alaska,2016-01-01,360.705
613,Alabama,2016-01-01,2184.528
614,Arkansas,2016-01-01,1337.081
615,Arizona,2016-01-01,3143.36
616,California,2016-01-01,18943.234
617,Colorado,2016-01-01,2854.015
618,Connecticut,2016-01-01,1898.182
619,District of Columbia,2016-01-01,384.806
620,Delaware,2016-01-01,468.108
621,Florida,2016-01-01,9696.667
622,Georgia,2016-01-01,4757.099
623,Hawaii,2016-01-01,689.357
624,Iowa,2016-01-01,1712.835
625,Idaho,2016-01-01,810.355
626,Illinois,2016-01-01,6630.981
627,Indiana,2016-01-01,3325.676
628,Kansas,2016-01-01,1502.719
629,Kentucky,2016-01-01,1994.227
630,Louisiana,2016-01-01,2132.364
631,Massachusetts,2016-01-01,3624.936
632,Maryland,2016-01-01,3175.927
633,Maine,2016-01-01,689.942
634,Michigan,2016-01-01,4827.409
635,Minnesota,2016-01-01,3030.919
636,Missouri,2016-01-01,3062.796
637,Mississippi,2016-01-01,1268.405
638,Montana,2016-01-01,524.396
639,North Carolina,2016-01-01,4748.878
640,North Dakota,2016-01-01,414.024
641,Nebraska,2016-01-01,1022.997
642,New Hampshire,2016-01-01,751.713
643,New Jersey,2016-01-01,4608.942
644,New Mexico,2016-01-01,941.174
645,Nevada,2016-01-01,1402.291
646,New York,2016-01-01,9777.801
647,Ohio,2016-01-01,5758.397
648,Oklahoma,2016-01-01,1825.278
649,Oregon,2016-01-01,2016.473
650,Pennsylvania,2016-01-01,6529.917
651,Rhode Island,2016-01-01,563.314
652,South Carolina,2016-01-01,2255.437
653,South Dakota,2016-01-01,451.982
654,Tennessee,2016-01-01,3105.368
655,Texas,2016-01-01,13149.367
656,Utah,2016-01-01,1486.793
657,Virginia,2016-01-01,4231.483
658,Vermont,2016-01-01,351.226
659,Washington,2016-01-01,3603.119
660,Wisconsin,2016-01-01,3119.928
661,West Virginia,2016-01-01,789.107
662,Wyoming,2016-01-01,300.618
663,Alaska,2016-02-01,360.932
664,Alabama,2016-02-01,2187.96
665,Arkansas,2016-02-01,1337.797
666,Arizona,2016-02-01,3150.141
667,California,2016-02-01,18970.382
668,Colorado,2016-02-01,2861.699
669,Connecticut,2016-02-01,1899.395
670,District of Columbia,2016-02-01,385.458
671,Delaware,2016-02-01,468.495
672,Florida,2016-02-01,9714.027
673,Georgia,2016-02-01,4761.3
674,Hawaii,2016-02-01,690.351
675,Iowa,2016-02-01,1714.546
676,Idaho,2016-02-01,812.327
677,Illinois,2016-02-01,6643.168
678,Indiana,2016-02-01,3334.079
679,Kansas,2016-02-01,1502.778
680,Kentucky,2016-02-01,1997.526
681,Louisiana,2016-02-01,2132.466
682,Massachusetts,2016-02-01,3629.994
683,Maryland,2016-02-01,3177.021
684,Maine,2016-02-01,691.473
685,Michigan,2016-02-01,4839.932
686,Minnesota,2016-02-01,3032.318
687,Missouri,2016-02-01,3065.131
688,Mississippi,2016-02-01,1268.163
689,Montana,2016-02-01,524.83
690,North Carolina,2016-02-01,4757.377
691,North Dakota,2016-02-01,414.326
692,Nebraska,2016-02-01,1023.801
693,New Hampshire,2016-02-01,753.232
694,New Jersey,2016-02-01,4613.44
695,New Mexico,2016-02-01,942.292
696,Nevada,2016-02-01,1403.929
697,New York,2016-02-01,9779.589
698,Ohio,2016-02-01,5769.621
699,Oklahoma,2016-02-01,1825.449
700,Oregon,2016-02-01,2023.889
701,Pennsylvania,2016-02-01,6536.043
702,Rhode Island,2016-02-01,563.637
703,South Carolina,2016-02-01,2258.099
704,South Dakota,2016-02-01,452.332
705,Tennessee,2016-02-01,3111.174
706,Texas,2016-02-01,13176.511
707,Utah,2016-02-01,1491.654
708,Virginia,2016-02-01,4234.176
709,Vermont,2016-02-01,351.52
710,Washington,2016-02-01,3613.0
711,Wisconsin,2016-02-01,3123.491
712,West Virginia,2016-02-01,789.137
713,Wyoming,2016-02-01,300.772
714,Alaska,2016-03-01,361.055
715,Alabama,2016-03-01,2190.007
716,Arkansas,2016-03-01,1337.808
717,Arizona,2016-03-01,3156.053
718,California,2016-03-01,18990.181
719,Colorado,2016-03-01,2867.811
720,Connecticut,2016-03-01,1900.911
721,District of Columbia,2016-03-01,385.881
722,Delaware,2016-03-01,468.579
723,Florida,2016-03-01,9728.409
724,Georgia,2016-03-01,4798.093
725,Hawaii,2016-03-01,691.167
726,Iowa,2016-03-01,1714.396
727,Idaho,2016-03-01,814.072
728,Illinois,2016-03-01,6646.99
729,Indiana,2016-03-01,3338.943
730,Kansas,2016-03-01,1502.176
731,Kentucky,2016-03-01,2000.062
732,Louisiana,2016-03-01,2131.596
733,Massachusetts,2016-03-01,3634.17
734,Maryland,2016-03-01,3177.364
735,Maine,2016-03-01,692.953
736,Michigan,2016-03-01,4849.814
737,Minnesota,2016-03-01,3031.641
738,Missouri,2016-03-01,3066.965
739,Mississippi,2016-03-01,1267.598
740,Montana,2016-03-01,524.949
741,North Carolina,2016-03-01,4763.203
742,North Dakota,2016-03-01,414.495
743,Nebraska,2016-03-01,1024.063
744,New Hampshire,2016-03-01,754.502
745,New Jersey,2016-03-01,4615.485
746,New Mexico,2016-03-01,943.263
747,Nevada,2016-03-01,1405.134
748,New York,2016-03-01,9773.761
749,Ohio,2016-03-01,5774.99
750,Oklahoma,2016-03-01,1824.396
751,Oregon,2016-03-01,2029.635
752,Pennsylvania,2016-03-01,6537.416
753,Rhode Island,2016-03-01,563.97
754,South Carolina,2016-03-01,2259.058
755,South Dakota,2016-03-01,452.58
756,Tennessee,2016-03-01,3115.694
757,Texas,2016-03-01,13200.366
758,Utah,2016-03-01,1495.995
759,Virginia,2016-03-01,4235.617
760,Vermont,2016-03-01,351.797
761,Washington,2016-03-01,3621.461
762,Wisconsin,2016-03-01,3124.851
763,West Virginia,2016-03-01,788.478
764,Wyoming,2016-03-01,300.728
765,Alaska,2016-04-01,361.098
766,Alabama,2016-04-01,2191.598
767,Arkansas,2016-04-01,1337.326
768,Arizona,2016-04-01,3161.164
769,California,2016-04-01,19006.193
770,Colorado,2016-04-01,2872.742
771,Connecticut,2016-04-01,1902.644
772,District of Columbia,2016-04-01,385.998
773,Delaware,2016-04-01,468.519
774,Florida,2016-04-01,9742.453
775,Georgia,2016-04-01,4833.155
776,Hawaii,2016-04-01,691.859
777,Iowa,2016-04-01,1713.159
778,Idaho,2016-04-01,815.631
779,Illinois,2016-04-01,6643.484
780,Indiana,2016-04-01,3341.156
781,Kansas,2016-04-01,1501.053
782,Kentucky,2016-04-01,2002.623
783,Louisiana,2016-04-01,2129.776
784,Massachusetts,2016-04-01,3638.657
785,Maryland,2016-04-01,3177.822
786,Maine,2016-04-01,694.281
787,Michigan,2016-04-01,4857.719
788,Minnesota,2016-04-01,3030.266
789,Missouri,2016-04-01,3068.645
790,Mississippi,2016-04-01,1266.739
791,Montana,2016-04-01,524.919
792,North Carolina,2016-04-01,4767.111
793,North Dakota,2016-04-01,414.631
794,Nebraska,2016-04-01,1023.824
795,New Hampshire,2016-04-01,755.519
796,New Jersey,2016-04-01,4615.927
797,New Mexico,2016-04-01,944.166
798,Nevada,2016-04-01,1406.068
799,New York,2016-04-01,9764.691
800,Ohio,2016-04-01,5775.604
801,Oklahoma,2016-04-01,1822.517
802,Oregon,2016-04-01,2033.924
803,Pennsylvania,2016-04-01,6535.65
804,Rhode Island,2016-04-01,564.333
805,South Carolina,2016-04-01,2258.691
806,South Dakota,2016-04-01,452.748
807,Tennessee,2016-04-01,3120.233
808,Texas,2016-04-01,13222.774
809,Utah,2016-04-01,1499.835
810,Virginia,2016-04-01,4236.956
811,Vermont,2016-04-01,352.019
812,Washington,2016-04-01,3629.039
813,Wisconsin,2016-04-01,3124.946
814,West Virginia,2016-04-01,787.246
815,Wyoming,2016-04-01,300.469
816,Alaska,2016-05-01,361.131
817,Alabama,2016-05-01,2193.285
818,Arkansas,2016-05-01,1336.764
819,Arizona,2016-05-01,3166.155
820,California,2016-05-01,19024.146
821,Colorado,2016-05-01,2877.408
822,Connecticut,2016-05-01,1904.535
823,District of Columbia,2016-05-01,386.077
824,Delaware,2016-05-01,468.464
825,Florida,2016-05-01,9759.763
826,Georgia,2016-05-01,4867.615
827,Hawaii,2016-05-01,692.653
828,Iowa,2016-05-01,1711.784
829,Idaho,2016-05-01,817.117
830,Illinois,2016-05-01,6635.761
831,Indiana,2016-05-01,3341.816
832,Kansas,2016-05-01,1499.791
833,Kentucky,2016-05-01,2006.137
834,Louisiana,2016-05-01,2127.371
835,Massachusetts,2016-05-01,3644.454
836,Maryland,2016-05-01,3179.432
837,Maine,2016-05-01,695.464
838,Michigan,2016-05-01,4864.67
839,Minnesota,2016-05-01,3029.7
840,Missouri,2016-05-01,3070.475
841,Mississippi,2016-05-01,1266.42
842,Montana,2016-05-01,524.896
843,North Carolina,2016-05-01,4770.739
844,North Dakota,2016-05-01,414.808
845,Nebraska,2016-05-01,1023.339
846,New Hampshire,2016-05-01,756.318
847,New Jersey,2016-05-01,4616.116
848,New Mexico,2016-05-01,945.142
849,Nevada,2016-05-01,1407.087
850,New York,2016-05-01,9758.146
851,Ohio,2016-05-01,5773.817
852,Oklahoma,2016-05-01,1820.29
853,Oregon,2016-05-01,2037.219
854,Pennsylvania,2016-05-01,6533.018
855,Rhode Island,2016-05-01,564.737
856,South Carolina,2016-05-01,2257.759
857,South Dakota,2016-05-01,452.898
858,Tennessee,2016-05-01,3125.918
859,Texas,2016-05-01,13245.429
860,Utah,2016-05-01,1503.476
861,Virginia,2016-05-01,4239.689
862,Vermont,2016-05-01,352.187
863,Washington,2016-05-01,3636.571
864,Wisconsin,2016-05-01,3124.789
865,West Virginia,2016-05-01,785.844
866,Wyoming,2016-05-01,300.034
867,Alaska,2016-06-01,361.123
868,Alabama,2016-06-01,2195.096
869,Arkansas,2016-06-01,1336.276
870,Arizona,2016-06-01,3171.328
871,California,2016-06-01,19044.461
872,Colorado,2016-06-01,2882.414
873,Connecticut,2016-06-01,1906.346
874,District of Columbia,2016-06-01,386.269
875,Delaware,2016-06-01,468.431
876,Florida,2016-06-01,9780.867
877,Georgia,2016-06-01,4902.692
878,Hawaii,2016-06-01,693.665
879,Iowa,2016-06-01,1710.646
880,Idaho,2016-06-01,818.611
881,Illinois,2016-06-01,6625.995
882,Indiana,2016-06-01,3341.421
883,Kansas,2016-06-01,1498.626
884,Kentucky,2016-06-01,2010.684
885,Louisiana,2016-06-01,2124.381
886,Massachusetts,2016-06-01,3651.003
887,Maryland,2016-06-01,3182.594
888,Maine,2016-06-01,696.513
889,Michigan,2016-06-01,4871.098
890,Minnesota,2016-06-01,3030.303
891,Missouri,2016-06-01,3072.043
892,Mississippi,2016-06-01,1267.32
893,Montana,2016-06-01,524.902
894,North Carolina,2016-06-01,4775.075
895,North Dakota,2016-06-01,415.001
896,Nebraska,2016-06-01,1022.721
897,New Hampshire,2016-06-01,756.851
898,New Jersey,2016-06-01,4615.959
899,New Mexico,2016-06-01,946.073
900,Nevada,2016-06-01,1408.33
901,New York,2016-06-01,9756.519
902,Ohio,2016-06-01,5771.173
903,Oklahoma,2016-06-01,1818.13
904,Oregon,2016-06-01,2039.991
905,Pennsylvania,2016-06-01,6530.436
906,Rhode Island,2016-06-01,565.081
907,South Carolina,2016-06-01,2256.628
908,South Dakota,2016-06-01,453.038
909,Tennessee,2016-06-01,3132.837
910,Texas,2016-06-01,13267.182
911,Utah,2016-06-01,1507.116
912,Virginia,2016-06-01,4243.995
913,Vermont,2016-06-01,352.315
914,Washington,2016-06-01,3644.173
915,Wisconsin,2016-06-01,3124.936
916,West Virginia,2016-06-01,784.631
917,Wyoming,2016-06-01,299.452
918,Alaska,2016-07-01,361.046
919,Alabama,2016-07-01,2197.442
920,Arkansas,2016-07-01,1335.816
921,Arizona,2016-07-01,3176.533
922,California,2016-07-01,19064.645
923,Colorado,2016-07-01,2887.674
924,Connecticut,2016-07-01,1907.844
925,District of Columbia,2016-07-01,386.583
926,Delaware,2016-07-01,468.408
927,Florida,2016-07-01,9803.758
928,Georgia,2016-07-01,4938.298
929,Hawaii,2016-07-01,694.824
930,Iowa,2016-07-01,1709.736
931,Idaho,2016-07-01,820.032
932,Illinois,2016-07-01,6615.725
933,Indiana,2016-07-01,3339.869
934,Kansas,2016-07-01,1497.614
935,Kentucky,2016-07-01,2015.566
936,Louisiana,2016-07-01,2120.892
937,Massachusetts,2016-07-01,3657.583
938,Maryland,2016-07-01,3187.356
939,Maine,2016-07-01,697.414
940,Michigan,2016-07-01,4877.11
941,Minnesota,2016-07-01,3031.789
942,Missouri,2016-07-01,3072.807
943,Mississippi,2016-07-01,1268.776
944,Montana,2016-07-01,524.936
945,North Carolina,2016-07-01,4780.755
946,North Dakota,2016-07-01,415.106
947,Nebraska,2016-07-01,1021.957
948,New Hampshire,2016-07-01,757.124
949,New Jersey,2016-07-01,4615.331
950,New Mexico,2016-07-01,946.815
951,Nevada,2016-07-01,1409.759
952,New York,2016-07-01,9759.182
953,Ohio,2016-07-01,5768.861
954,Oklahoma,2016-07-01,1816.449
955,Oregon,2016-07-01,2042.757
956,Pennsylvania,2016-07-01,6527.033
957,Rhode Island,2016-07-01,565.236
958,South Carolina,2016-07-01,2255.543
959,South Dakota,2016-07-01,453.169
960,Tennessee,2016-07-01,3140.466
961,Texas,2016-07-01,13287.06
962,Utah,2016-07-01,1510.805
963,Virginia,2016-07-01,4249.505
964,Vermont,2016-07-01,352.402
965,Washington,2016-07-01,3651.065
966,Wisconsin,2016-07-01,3125.47
967,West Virginia,2016-07-01,783.746
968,Wyoming,2016-07-01,298.779
969,Alaska,2016-08-01,360.925
970,Alabama,2016-08-01,2200.157
971,Arkansas,2016-08-01,1335.289
972,Arizona,2016-08-01,3181.636
973,California,2016-08-01,19082.707
974,Colorado,2016-08-01,2892.94
975,Connecticut,2016-08-01,1909.188
976,District of Columbia,2016-08-01,387.048
977,Delaware,2016-08-01,468.437
978,Florida,2016-08-01,9826.036
979,Georgia,2016-08-01,4974.373
980,Hawaii,2016-08-01,695.946
981,Iowa,2016-08-01,1708.506
982,Idaho,2016-08-01,821.305
983,Illinois,2016-08-01,6606.604
984,Indiana,2016-08-01,3337.265
985,Kansas,2016-08-01,1496.592
986,Kentucky,2016-08-01,2020.087
987,Louisiana,2016-08-01,2116.858
988,Massachusetts,2016-08-01,3663.943
989,Maryland,2016-08-01,3193.447
990,Maine,2016-08-01,698.224
991,Michigan,2016-08-01,4882.9
992,Minnesota,2016-08-01,3033.76
993,Missouri,2016-08-01,3072.255
994,Mississippi,2016-08-01,1270.198
995,Montana,2016-08-01,525.004
996,North Carolina,2016-08-01,4787.885
997,North Dakota,2016-08-01,415.035
998,Nebraska,2016-08-01,1021.036
999,New Hampshire,2016-08-01,757.169
1000,New Jersey,2016-08-01,4614.705
1001,New Mexico,2016-08-01,947.311
1002,Nevada,2016-08-01,1411.375
1003,New York,2016-08-01,9764.203
1004,Ohio,2016-08-01,5768.142
1005,Oklahoma,2016-08-01,1815.346
1006,Oregon,2016-08-01,2045.298
1007,Pennsylvania,2016-08-01,6521.875
1008,Rhode Island,2016-08-01,565.256
1009,South Carolina,2016-08-01,2254.749
1010,South Dakota,2016-08-01,453.279
1011,Tennessee,2016-08-01,3147.411
1012,Texas,2016-08-01,13304.597
1013,Utah,2016-08-01,1514.535
1014,Virginia,2016-08-01,4255.87
1015,Vermont,2016-08-01,352.5
1016,Washington,2016-08-01,3657.057
1017,Wisconsin,2016-08-01,3126.052
1018,West Virginia,2016-08-01,783.172
1019,Wyoming,2016-08-01,298.091
1020,Alaska,2016-09-01,360.893
1021,Alabama,2016-09-01,2202.528
1022,Arkansas,2016-09-01,1334.672
1023,Arizona,2016-09-01,3186.647
1024,California,2016-09-01,19097.439
1025,Colorado,2016-09-01,2897.936
1026,Connecticut,2016-09-01,1910.739
1027,District of Columbia,2016-09-01,387.727
1028,Delaware,2016-09-01,468.589
1029,Florida,2016-09-01,9845.564
1030,Georgia,2016-09-01,4994.147
1031,Hawaii,2016-09-01,696.866
1032,Iowa,2016-09-01,1706.42
1033,Idaho,2016-09-01,822.564
1034,Illinois,2016-09-01,6598.952
1035,Indiana,2016-09-01,3333.79
1036,Kansas,2016-09-01,1495.401
1037,Kentucky,2016-09-01,2023.973
1038,Louisiana,2016-09-01,2112.57
1039,Massachusetts,2016-09-01,3669.893
1040,Maryland,2016-09-01,3200.294
1041,Maine,2016-09-01,698.968
1042,Michigan,2016-09-01,4888.654
1043,Minnesota,2016-09-01,3035.888
1044,Missouri,2016-09-01,3070.113
1045,Mississippi,2016-09-01,1271.504
1046,Montana,2016-09-01,525.1
1047,North Carolina,2016-09-01,4796.073
1048,North Dakota,2016-09-01,414.793
1049,Nebraska,2016-09-01,1020.007
1050,New Hampshire,2016-09-01,756.983
1051,New Jersey,2016-09-01,4614.14
1052,New Mexico,2016-09-01,947.474
1053,Nevada,2016-09-01,1413.245
1054,New York,2016-09-01,9769.629
1055,Ohio,2016-09-01,5770.193
1056,Oklahoma,2016-09-01,1814.459
1057,Oregon,2016-09-01,2047.051
1058,Pennsylvania,2016-09-01,6514.917
1059,Rhode Island,2016-09-01,565.326
1060,South Carolina,2016-09-01,2254.325
1061,South Dakota,2016-09-01,453.352
1062,Tennessee,2016-09-01,3152.701
1063,Texas,2016-09-01,13319.196
1064,Utah,2016-09-01,1518.277
1065,Virginia,2016-09-01,4262.873
1066,Vermont,2016-09-01,352.623
1067,Washington,2016-09-01,3662.632
1068,Wisconsin,2016-09-01,3126.447
1069,West Virginia,2016-09-01,782.806
1070,Wyoming,2016-09-01,297.448
1071,Alaska,2016-10-01,360.955
1072,Alabama,2016-10-01,2204.273
1073,Arkansas,2016-10-01,1333.826
1074,Arizona,2016-10-01,3191.461
1075,California,2016-10-01,19107.156
1076,Colorado,2016-10-01,2902.399
1077,Connecticut,2016-10-01,1912.534
1078,District of Columbia,2016-10-01,388.522
1079,Delaware,2016-10-01,468.855
1080,Florida,2016-10-01,9860.52
1081,Georgia,2016-10-01,5045.509
1082,Hawaii,2016-10-01,697.509
1083,Iowa,2016-10-01,1703.087
1084,Idaho,2016-10-01,823.829
1085,Illinois,2016-10-01,6591.007
1086,Indiana,2016-10-01,3329.267
1087,Kansas,2016-10-01,1494.001
1088,Kentucky,2016-10-01,2027.187
1089,Louisiana,2016-10-01,2108.513
1090,Massachusetts,2016-10-01,3675.108
1091,Maryland,2016-10-01,3207.056
1092,Maine,2016-10-01,699.586
1093,Michigan,2016-10-01,4893.43
1094,Minnesota,2016-10-01,3037.832
1095,Missouri,2016-10-01,3066.332
1096,Mississippi,2016-10-01,1272.365
1097,Montana,2016-10-01,525.144
1098,North Carolina,2016-10-01,4804.146
1099,North Dakota,2016-10-01,414.415
1100,Nebraska,2016-10-01,1018.853
1101,New Hampshire,2016-10-01,756.584
1102,New Jersey,2016-10-01,4612.396
1103,New Mexico,2016-10-01,947.276
1104,Nevada,2016-10-01,1415.296
1105,New York,2016-10-01,9773.08
1106,Ohio,2016-10-01,5774.241
1107,Oklahoma,2016-10-01,1813.225
1108,Oregon,2016-10-01,2047.689
1109,Pennsylvania,2016-10-01,6506.582
1110,Rhode Island,2016-10-01,565.487
1111,South Carolina,2016-10-01,2254.017
1112,South Dakota,2016-10-01,453.37
1113,Tennessee,2016-10-01,3155.934
1114,Texas,2016-10-01,13330.344
1115,Utah,2016-10-01,1521.999
1116,Virginia,2016-10-01,4269.893
1117,Vermont,2016-10-01,352.761
1118,Washington,2016-10-01,3667.584
1119,Wisconsin,2016-10-01,3126.28
1120,West Virginia,2016-10-01,782.451
1121,Wyoming,2016-10-01,296.866
1122,Alaska,2016-11-01,361.063
1123,Alabama,2016-11-01,2205.335
1124,Arkansas,2016-11-01,1333.086
1125,Arizona,2016-11-01,3196.332
1126,California,2016-11-01,19113.583
1127,Colorado,2016-11-01,2906.799
1128,Connecticut,2016-11-01,1914.777
1129,District of Columbia,2016-11-01,389.247
1130,Delaware,2016-11-01,469.288
1131,Florida,2016-11-01,9872.058
1132,Georgia,2016-11-01,5046.935
1133,Hawaii,2016-11-01,697.993
1134,Iowa,2016-11-01,1698.894
1135,Idaho,2016-11-01,825.147
1136,Illinois,2016-11-01,6581.198
1137,Indiana,2016-11-01,3324.425
1138,Kansas,2016-11-01,1492.606
1139,Kentucky,2016-11-01,2030.274
1140,Louisiana,2016-11-01,2105.462
1141,Massachusetts,2016-11-01,3679.999
1142,Maryland,2016-11-01,3213.515
1143,Maine,2016-11-01,700.125
1144,Michigan,2016-11-01,4896.498
1145,Minnesota,2016-11-01,3039.925
1146,Missouri,2016-11-01,3061.737
1147,Mississippi,2016-11-01,1272.916
1148,Montana,2016-11-01,525.201
1149,North Carolina,2016-11-01,4811.353
1150,North Dakota,2016-11-01,414.089
1151,Nebraska,2016-11-01,1017.746
1152,New Hampshire,2016-11-01,756.175
1153,New Jersey,2016-11-01,4609.536
1154,New Mexico,2016-11-01,946.974
1155,Nevada,2016-11-01,1417.614
1156,New York,2016-11-01,9774.939
1157,Ohio,2016-11-01,5779.152
1158,Oklahoma,2016-11-01,1811.787
1159,Oregon,2016-11-01,2047.929
1160,Pennsylvania,2016-11-01,6499.466
1161,Rhode Island,2016-11-01,565.758
1162,South Carolina,2016-11-01,2253.877
1163,South Dakota,2016-11-01,453.396
1164,Tennessee,2016-11-01,3157.653
1165,Texas,2016-11-01,13340.963
1166,Utah,2016-11-01,1525.847
1167,Virginia,2016-11-01,4277.138
1168,Vermont,2016-11-01,352.973
1169,Washington,2016-11-01,3672.426
1170,Wisconsin,2016-11-01,3125.852
1171,West Virginia,2016-11-01,782.104
1172,Wyoming,2016-11-01,296.344
1173,Alaska,2016-12-01,361.165
1174,Alabama,2016-12-01,2205.647
1175,Arkansas,2016-12-01,1332.977
1176,Arizona,2016-12-01,3201.857
1177,California,2016-12-01,19121.219
1178,Colorado,2016-12-01,2911.887
1179,Connecticut,2016-12-01,1917.802
1180,District of Columbia,2016-12-01,389.937
1181,Delaware,2016-12-01,469.975
1182,Florida,2016-12-01,9883.785
1183,Georgia,2016-12-01,5049.842
1184,Hawaii,2016-12-01,698.455
1185,Iowa,2016-12-01,1694.792
1186,Idaho,2016-12-01,826.671
1187,Illinois,2016-12-01,6570.574
1188,Indiana,2016-12-01,3320.74
1189,Kansas,2016-12-01,1491.522
1190,Kentucky,2016-12-01,2033.706
1191,Louisiana,2016-12-01,2104.052
1192,Massachusetts,2016-12-01,3685.695
1193,Maryland,2016-12-01,3219.929
1194,Maine,2016-12-01,700.689
1195,Michigan,2016-12-01,4897.91
1196,Minnesota,2016-12-01,3042.724
1197,Missouri,2016-12-01,3057.795
1198,Mississippi,2016-12-01,1273.49
1199,Montana,2016-12-01,525.469
1200,North Carolina,2016-12-01,4817.768
1201,North Dakota,2016-12-01,414.022
1202,Nebraska,2016-12-01,1017.062
1203,New Hampshire,2016-12-01,756.026
1204,New Jersey,2016-12-01,4607.4
1205,New Mexico,2016-12-01,946.881
1206,Nevada,2016-12-01,1420.468
1207,New York,2016-12-01,9778.376
1208,Ohio,2016-12-01,5784.601
1209,Oklahoma,2016-12-01,1810.688
1210,Oregon,2016-12-01,2048.991
1211,Pennsylvania,2016-12-01,6496.248
1212,Rhode Island,2016-12-01,566.195
1213,South Carolina,2016-12-01,2254.263
1214,South Dakota,2016-12-01,453.528
1215,Tennessee,2016-12-01,3159.171
1216,Texas,2016-12-01,13355.421
1217,Utah,2016-12-01,1530.053
1218,Virginia,2016-12-01,4285.563
1219,Vermont,2016-12-01,353.293
1220,Washington,2016-12-01,3678.337
1221,Wisconsin,2016-12-01,3126.065
1222,West Virginia,2016-12-01,781.715
1223,Wyoming,2016-12-01,295.904
1224,Alaska,2017-01-01,361.276
1225,Alabama,2017-01-01,2206.228
1226,Arkansas,2017-01-01,1333.689
1227,Arizona,2017-01-01,3208.506
1228,California,2017-01-01,19132.994
1229,Colorado,2017-01-01,2918.255
1230,Connecticut,2017-01-01,1921.297
1231,District of Columbia,2017-01-01,390.694
1232,Delaware,2017-01-01,470.908
1233,Florida,2017-01-01,9898.705
1234,Georgia,2017-01-01,5054.953
1235,Hawaii,2017-01-01,698.896
1236,Iowa,2017-01-01,1691.889
1237,Idaho,2017-01-01,828.467
1238,Illinois,2017-01-01,6561.466
1239,Indiana,2017-01-01,3319.366
1240,Kansas,2017-01-01,1490.813
1241,Kentucky,2017-01-01,2037.523
1242,Louisiana,2017-01-01,2103.859
1243,Massachusetts,2017-01-01,3693.139
1244,Maryland,2017-01-01,3226.423
1245,Maine,2017-01-01,701.296
1246,Michigan,2017-01-01,4898.119
1247,Minnesota,2017-01-01,3046.821
1248,Missouri,2017-01-01,3055.068
1249,Mississippi,2017-01-01,1273.483
1250,Montana,2017-01-01,526.046
1251,North Carolina,2017-01-01,4823.602
1252,North Dakota,2017-01-01,414.262
1253,Nebraska,2017-01-01,1016.947
1254,New Hampshire,2017-01-01,756.274
1255,New Jersey,2017-01-01,4607.318
1256,New Mexico,2017-01-01,947.172
1257,Nevada,2017-01-01,1423.972
1258,New York,2017-01-01,9785.983
1259,Ohio,2017-01-01,5791.153
1260,Oklahoma,2017-01-01,1810.28
1261,Oregon,2017-01-01,2051.78
1262,Pennsylvania,2017-01-01,6497.414
1263,Rhode Island,2017-01-01,566.778
1264,South Carolina,2017-01-01,2255.404
1265,South Dakota,2017-01-01,453.764
1266,Tennessee,2017-01-01,3161.588
1267,Texas,2017-01-01,13375.477
1268,Utah,2017-01-01,1534.672
1269,Virginia,2017-01-01,4295.344
1270,Vermont,2017-01-01,353.658
1271,Washington,2017-01-01,3686.194
1272,Wisconsin,2017-01-01,3127.673
1273,West Virginia,2017-01-01,781.243
1274,Wyoming,2017-01-01,295.543
1275,Alaska,2017-02-01,361.365
1276,Alabama,2017-02-01,2206.285
1277,Arkansas,2017-02-01,1335.151
1278,Arizona,2017-02-01,3216.026
1279,California,2017-02-01,19148.79
1280,Colorado,2017-02-01,2926.209
1281,Connecticut,2017-02-01,1924.477
1282,District of Columbia,2017-02-01,391.426
1283,Delaware,2017-02-01,471.95
1284,Florida,2017-02-01,9917.69
1285,Georgia,2017-02-01,5061.813
1286,Hawaii,2017-02-01,699.271
1287,Iowa,2017-02-01,1690.683
1288,Idaho,2017-02-01,830.471
1289,Illinois,2017-02-01,6554.923
1290,Indiana,2017-02-01,3320.361
1291,Kansas,2017-02-01,1490.558
1292,Kentucky,2017-02-01,2041.438
1293,Louisiana,2017-02-01,2103.948
1294,Massachusetts,2017-02-01,3701.716
1295,Maryland,2017-02-01,3232.846
1296,Maine,2017-02-01,701.917
1297,Michigan,2017-02-01,4897.485
1298,Minnesota,2017-02-01,3052.17
1299,Missouri,2017-02-01,3053.362
1300,Mississippi,2017-02-01,1273.487
1301,Montana,2017-02-01,526.882
1302,North Carolina,2017-02-01,4829.087
1303,North Dakota,2017-02-01,414.721
1304,Nebraska,2017-02-01,1017.385
1305,New Hampshire,2017-02-01,756.804
1306,New Jersey,2017-02-01,4609.28
1307,New Mexico,2017-02-01,947.755
1308,Nevada,2017-02-01,1427.984
1309,New York,2017-02-01,9799.491
1310,Ohio,2017-02-01,5798.781
1311,Oklahoma,2017-02-01,1810.692
1312,Oregon,2017-02-01,2056.697
1313,Pennsylvania,2017-02-01,6501.514
1314,Rhode Island,2017-02-01,567.373
1315,South Carolina,2017-02-01,2257.293
1316,South Dakota,2017-02-01,454.09
1317,Tennessee,2017-02-01,3165.138
1318,Texas,2017-02-01,13399.052
1319,Utah,2017-02-01,1539.544
1320,Virginia,2017-02-01,4305.591
1321,Vermont,2017-02-01,353.982
1322,Washington,2017-02-01,3696.053
1323,Wisconsin,2017-02-01,3130.817
1324,West Virginia,2017-02-01,780.83
1325,Wyoming,2017-02-01,295.221
1326,Alaska,2017-03-01,361.397
1327,Alabama,2017-03-01,2206.076
1328,Arkansas,2017-03-01,1336.992
1329,Arizona,2017-03-01,3223.652
1330,California,2017-03-01,19166.879
1331,Colorado,2017-03-01,2935.526
1332,Connecticut,2017-03-01,1926.439
1333,District of Columbia,2017-03-01,392.114
1334,Delaware,2017-03-01,472.919
1335,Florida,2017-03-01,9939.194
1336,Georgia,2017-03-01,5069.575
1337,Hawaii,2017-03-01,699.458
1338,Iowa,2017-03-01,1690.865
1339,Idaho,2017-03-01,832.549
1340,Illinois,2017-03-01,6550.862
1341,Indiana,2017-03-01,3322.728
1342,Kansas,2017-03-01,1490.797
1343,Kentucky,2017-03-01,2044.781
1344,Louisiana,2017-03-01,2103.789
1345,Massachusetts,2017-03-01,3709.927
1346,Maryland,2017-03-01,3238.618
1347,Maine,2017-03-01,702.44
1348,Michigan,2017-03-01,4896.456
1349,Minnesota,2017-03-01,3057.64
1350,Missouri,2017-03-01,3052.451
1351,Mississippi,2017-03-01,1273.512
1352,Montana,2017-03-01,527.826
1353,North Carolina,2017-03-01,4834.53
1354,North Dakota,2017-03-01,415.16
1355,Nebraska,2017-03-01,1018.267
1356,New Hampshire,2017-03-01,757.373
1357,New Jersey,2017-03-01,4612.471
1358,New Mexico,2017-03-01,948.296
1359,Nevada,2017-03-01,1432.257
1360,New York,2017-03-01,9816.438
1361,Ohio,2017-03-01,5806.189
1362,Oklahoma,2017-03-01,1811.936
1363,Oregon,2017-03-01,2063.292
1364,Pennsylvania,2017-03-01,6505.628
1365,Rhode Island,2017-03-01,567.813
1366,South Carolina,2017-03-01,2259.503
1367,South Dakota,2017-03-01,454.505
1368,Tennessee,2017-03-01,3169.407
1369,Texas,2017-03-01,13421.751
1370,Utah,2017-03-01,1544.341
1371,Virginia,2017-03-01,4314.559
1372,Vermont,2017-03-01,354.222
1373,Washington,2017-03-01,3707.001
1374,Wisconsin,2017-03-01,3134.796
1375,West Virginia,2017-03-01,780.633
1376,Wyoming,2017-03-01,294.896
1377,Alaska,2017-04-01,361.331
1378,Alabama,2017-04-01,2206.288
1379,Arkansas,2017-04-01,1338.968
1380,Arizona,2017-04-01,3230.973
1381,California,2017-04-01,19187.319
1382,Colorado,2017-04-01,2945.918
1383,Connecticut,2017-04-01,1926.784
1384,District of Columbia,2017-04-01,392.905
1385,Delaware,2017-04-01,473.853
1386,Florida,2017-04-01,9959.824
1387,Georgia,2017-04-01,5078.384
1388,Hawaii,2017-04-01,699.424
1389,Iowa,2017-04-01,1692.03
1390,Idaho,2017-04-01,834.705
1391,Illinois,2017-04-01,6549.587
1392,Indiana,2017-04-01,3326.115
1393,Kansas,2017-04-01,1491.539
1394,Kentucky,2017-04-01,2047.349
1395,Louisiana,2017-04-01,2103.524
1396,Massachusetts,2017-04-01,3717.332
1397,Maryland,2017-04-01,3243.87
1398,Maine,2017-04-01,702.864
1399,Michigan,2017-04-01,4896.887
1400,Minnesota,2017-04-01,3062.642
1401,Missouri,2017-04-01,3052.331
1402,Mississippi,2017-04-01,1273.547
1403,Montana,2017-04-01,528.766
1404,North Carolina,2017-04-01,4841.237
1405,North Dakota,2017-04-01,415.409
1406,Nebraska,2017-04-01,1019.505
1407,New Hampshire,2017-04-01,757.871
1408,New Jersey,2017-04-01,4616.364
1409,New Mexico,2017-04-01,948.576
1410,Nevada,2017-04-01,1436.691
1411,New York,2017-04-01,9834.089
1412,Ohio,2017-04-01,5813.051
1413,Oklahoma,2017-04-01,1814.313
1414,Oregon,2017-04-01,2070.638
1415,Pennsylvania,2017-04-01,6507.391
1416,Rhode Island,2017-04-01,568.085
1417,South Carolina,2017-04-01,2261.845
1418,South Dakota,2017-04-01,455.044
1419,Tennessee,2017-04-01,3174.476
1420,Texas,2017-04-01,13442.289
1421,Utah,2017-04-01,1548.933
1422,Virginia,2017-04-01,4321.755
1423,Vermont,2017-04-01,354.394
1424,Washington,2017-04-01,3718.378
1425,Wisconsin,2017-04-01,3139.051
1426,West Virginia,2017-04-01,780.887
1427,Wyoming,2017-04-01,294.589
1428,Alaska,2017-05-01,361.147
1429,Alabama,2017-05-01,2206.487
1430,Arkansas,2017-05-01,1340.849
1431,Arizona,2017-05-01,3237.43
1432,California,2017-05-01,19207.735
1433,Colorado,2017-05-01,2956.773
1434,Connecticut,2017-05-01,1925.556
1435,District of Columbia,2017-05-01,393.708
1436,Delaware,2017-05-01,474.779
1437,Florida,2017-05-01,9975.367
1438,Georgia,2017-05-01,5087.915
1439,Hawaii,2017-05-01,699.05
1440,Iowa,2017-05-01,1693.382
1441,Idaho,2017-05-01,836.926
1442,Illinois,2017-05-01,6550.628
1443,Indiana,2017-05-01,3329.948
1444,Kansas,2017-05-01,1492.46
1445,Kentucky,2017-05-01,2049.041
1446,Louisiana,2017-05-01,2103.007
1447,Massachusetts,2017-05-01,3723.697
1448,Maryland,2017-05-01,3248.722
1449,Maine,2017-05-01,703.173
1450,Michigan,2017-05-01,4900.103
1451,Minnesota,2017-05-01,3066.694
1452,Missouri,2017-05-01,3052.612
1453,Mississippi,2017-05-01,1273.642
1454,Montana,2017-05-01,529.56
1455,North Carolina,2017-05-01,4849.701
1456,North Dakota,2017-05-01,415.392
1457,Nebraska,2017-05-01,1020.874
1458,New Hampshire,2017-05-01,758.267
1459,New Jersey,2017-05-01,4619.842
1460,New Mexico,2017-05-01,948.424
1461,Nevada,2017-05-01,1441.113
1462,New York,2017-05-01,9849.999
1463,Ohio,2017-05-01,5819.388
1464,Oklahoma,2017-05-01,1817.808
1465,Oregon,2017-05-01,2077.5
1466,Pennsylvania,2017-05-01,6505.377
1467,Rhode Island,2017-05-01,568.262
1468,South Carolina,2017-05-01,2264.136
1469,South Dakota,2017-05-01,455.672
1470,Tennessee,2017-05-01,3180.235
1471,Texas,2017-05-01,13460.096
1472,Utah,2017-05-01,1553.118
1473,Virginia,2017-05-01,4327.413
1474,Vermont,2017-05-01,354.489
1475,Washington,2017-05-01,3729.206
1476,Wisconsin,2017-05-01,3143.102
1477,West Virginia,2017-05-01,781.625
1478,Wyoming,2017-05-01,294.322
1479,Alaska,2017-06-01,360.869
1480,Alabama,2017-06-01,2206.537
1481,Arkansas,2017-06-01,1342.321
1482,Arizona,2017-06-01,3242.821
1483,California,2017-06-01,19224.877
1484,Colorado,2017-06-01,2967.284
1485,Connecticut,2017-06-01,1923.005
1486,District of Columbia,2017-06-01,394.337
1487,Delaware,2017-06-01,475.67
1488,Florida,2017-06-01,9984.533
1489,Georgia,2017-06-01,5097.171
1490,Hawaii,2017-06-01,698.244
1491,Iowa,2017-06-01,1694.172
1492,Idaho,2017-06-01,839.209
1493,Illinois,2017-06-01,6553.254
1494,Indiana,2017-06-01,3333.471
1495,Kansas,2017-06-01,1493.099
1496,Kentucky,2017-06-01,2049.761
1497,Louisiana,2017-06-01,2102.287
1498,Massachusetts,2017-06-01,3729.001
1499,Maryland,2017-06-01,3252.987
1500,Maine,2017-06-01,703.298
1501,Michigan,2017-06-01,4905.778
1502,Minnesota,2017-06-01,3069.405
1503,Missouri,2017-06-01,3052.823
1504,Mississippi,2017-06-01,1273.361
1505,Montana,2017-06-01,530.094
1506,North Carolina,2017-06-01,4859.225
1507,North Dakota,2017-06-01,415.098
1508,Nebraska,2017-06-01,1022.133
1509,New Hampshire,2017-06-01,758.505
1510,New Jersey,2017-06-01,4622.054
1511,New Mexico,2017-06-01,947.781
1512,Nevada,2017-06-01,1445.37
1513,New York,2017-06-01,9861.994
1514,Ohio,2017-06-01,5825.444
1515,Oklahoma,2017-06-01,1821.622
1516,Oregon,2017-06-01,2082.582
1517,Pennsylvania,2017-06-01,6500.14
1518,Rhode Island,2017-06-01,568.429
1519,South Carolina,2017-06-01,2266.113
1520,South Dakota,2017-06-01,456.278
1521,Tennessee,2017-06-01,3186.2
1522,Texas,2017-06-01,13475.092
1523,Utah,2017-06-01,1556.664
1524,Virginia,2017-06-01,4331.491
1525,Vermont,2017-06-01,354.5
1526,Washington,2017-06-01,3738.541
1527,Wisconsin,2017-06-01,3146.203
1528,West Virginia,2017-06-01,782.674
1529,Wyoming,2017-06-01,294.108
1530,Alaska,2017-07-01,360.488
1531,Alabama,2017-07-01,2206.86
1532,Arkansas,2017-07-01,1343.174
1533,Arizona,2017-07-01,3247.695
1534,California,2017-07-01,19237.228
1535,Colorado,2017-07-01,2977.132
1536,Connecticut,2017-07-01,1919.727
1537,District of Columbia,2017-07-01,394.808
1538,Delaware,2017-07-01,476.462
1539,Florida,2017-07-01,9988.901
1540,Georgia,2017-07-01,5105.289
1541,Hawaii,2017-07-01,697.091
1542,Iowa,2017-07-01,1694.106
1543,Idaho,2017-07-01,841.602
1544,Illinois,2017-07-01,6556.805
1545,Indiana,2017-07-01,3336.419
1546,Kansas,2017-07-01,1493.133
1547,Kentucky,2017-07-01,2049.813
1548,Louisiana,2017-07-01,2101.693
1549,Massachusetts,2017-07-01,3733.434
1550,Maryland,2017-07-01,3256.48
1551,Maine,2017-07-01,703.234
1552,Michigan,2017-07-01,4912.843
1553,Minnesota,2017-07-01,3070.848
1554,Missouri,2017-07-01,3052.646
1555,Mississippi,2017-07-01,1272.497
1556,Montana,2017-07-01,530.358
1557,North Carolina,2017-07-01,4868.559
1558,North Dakota,2017-07-01,414.597
1559,Nebraska,2017-07-01,1023.162
1560,New Hampshire,2017-07-01,758.542
1561,New Jersey,2017-07-01,4622.218
1562,New Mexico,2017-07-01,946.764
1563,Nevada,2017-07-01,1449.501
1564,New York,2017-07-01,9867.628
1565,Ohio,2017-07-01,5830.854
1566,Oklahoma,2017-07-01,1824.9
1567,Oregon,2017-07-01,2085.221
1568,Pennsylvania,2017-07-01,6493.788
1569,Rhode Island,2017-07-01,568.678
1570,South Carolina,2017-07-01,2267.366
1571,South Dakota,2017-07-01,456.751
1572,Tennessee,2017-07-01,3192.239
1573,Texas,2017-07-01,13488.447
1574,Utah,2017-07-01,1559.6
1575,Virginia,2017-07-01,4334.243
1576,Vermont,2017-07-01,354.485
1577,Washington,2017-07-01,3746.01
1578,Wisconsin,2017-07-01,3147.834
1579,West Virginia,2017-07-01,783.873
1580,Wyoming,2017-07-01,293.939
1581,Alaska,2017-08-01,359.97
1582,Alabama,2017-08-01,2207.126
1583,Arkansas,2017-08-01,1343.225
1584,Arizona,2017-08-01,3252.175
1585,California,2017-08-01,19241.455
1586,Colorado,2017-08-01,2985.566
1587,Connecticut,2017-08-01,1915.998
1588,District of Columbia,2017-08-01,395.026
1589,Delaware,2017-08-01,477.045
1590,Florida,2017-08-01,9990.032
1591,Georgia,2017-08-01,5110.944
1592,Hawaii,2017-08-01,695.734
1593,Iowa,2017-08-01,1693.072
1594,Idaho,2017-08-01,843.971
1595,Illinois,2017-08-01,6558.898
1596,Indiana,2017-08-01,3338.006
1597,Kansas,2017-08-01,1492.235
1598,Kentucky,2017-08-01,2049.092
1599,Louisiana,2017-08-01,2101.344
1600,Massachusetts,2017-08-01,3736.954
1601,Maryland,2017-08-01,3258.59
1602,Maine,2017-08-01,702.837
1603,Michigan,2017-08-01,4918.844
1604,Minnesota,2017-08-01,3070.821
1605,Missouri,2017-08-01,3051.527
1606,Mississippi,2017-08-01,1271.029
1607,Montana,2017-08-01,530.354
1608,North Carolina,2017-08-01,4875.697
1609,North Dakota,2017-08-01,413.993
1610,Nebraska,2017-08-01,1023.753
1611,New Hampshire,2017-08-01,758.41
1612,New Jersey,2017-08-01,4619.239
1613,New Mexico,2017-08-01,945.445
1614,Nevada,2017-08-01,1453.361
1615,New York,2017-08-01,9865.075
1616,Ohio,2017-08-01,5832.815
1617,Oklahoma,2017-08-01,1827.186
1618,Oregon,2017-08-01,2085.667
1619,Pennsylvania,2017-08-01,6487.659
1620,Rhode Island,2017-08-01,568.918
1621,South Carolina,2017-08-01,2267.455
1622,South Dakota,2017-08-01,456.969
1623,Tennessee,2017-08-01,3197.704
1624,Texas,2017-08-01,13500.768
1625,Utah,2017-08-01,1561.846
1626,Virginia,2017-08-01,4335.627
1627,Vermont,2017-08-01,354.42
1628,Washington,2017-08-01,3751.207
1629,Wisconsin,2017-08-01,3147.461
1630,West Virginia,2017-08-01,784.909
1631,Wyoming,2017-08-01,293.73
1632,Alaska,2017-09-01,359.319
1633,Alabama,2017-09-01,2207.624
1634,Arkansas,2017-09-01,1342.538
1635,Arizona,2017-09-01,3256.46
1636,California,2017-09-01,19237.249
1637,Colorado,2017-09-01,2992.312
1638,Connecticut,2017-09-01,1912.32
1639,District of Columbia,2017-09-01,395.016
1640,Delaware,2017-09-01,477.373
1641,Florida,2017-09-01,9990.253
1642,Georgia,2017-09-01,5113.741
1643,Hawaii,2017-09-01,694.382
1644,Iowa,2017-09-01,1691.448
1645,Idaho,2017-09-01,846.071
1646,Illinois,2017-09-01,6558.492
1647,Indiana,2017-09-01,3337.967
1648,Kansas,2017-09-01,1490.502
1649,Kentucky,2017-09-01,2047.586
1650,Louisiana,2017-09-01,2101.001
1651,Massachusetts,2017-09-01,3740.095
1652,Maryland,2017-09-01,3259.199
1653,Maine,2017-09-01,702.059
1654,Michigan,2017-09-01,4921.634
1655,Minnesota,2017-09-01,3069.623
1656,Missouri,2017-09-01,3049.359
1657,Mississippi,2017-09-01,1269.051
1658,Montana,2017-09-01,530.194
1659,North Carolina,2017-09-01,4879.411
1660,North Dakota,2017-09-01,413.394
1661,Nebraska,2017-09-01,1023.897
1662,New Hampshire,2017-09-01,758.258
1663,New Jersey,2017-09-01,4613.608
1664,New Mexico,2017-09-01,944.028
1665,Nevada,2017-09-01,1456.885
1666,New York,2017-09-01,9855.369
1667,Ohio,2017-09-01,5829.158
1668,Oklahoma,2017-09-01,1828.537
1669,Oregon,2017-09-01,2084.965
1670,Pennsylvania,2017-09-01,6482.632
1671,Rhode Island,2017-09-01,569.071
1672,South Carolina,2017-09-01,2266.486
1673,South Dakota,2017-09-01,456.923
1674,Tennessee,2017-09-01,3201.719
1675,Texas,2017-09-01,13513.74
1676,Utah,2017-09-01,1563.453
1677,Virginia,2017-09-01,4336.048
1678,Vermont,2017-09-01,354.302
1679,Washington,2017-09-01,3754.323
1680,Wisconsin,2017-09-01,3145.226
1681,West Virginia,2017-09-01,785.534
1682,Wyoming,2017-09-01,293.44
1683,Alaska,2017-10-01,358.592
1684,Alabama,2017-10-01,2207.465
1685,Arkansas,2017-10-01,1341.423
1686,Arizona,2017-10-01,3261.088
1687,California,2017-10-01,19228.301
1688,Colorado,2017-10-01,2997.994
1689,Connecticut,2017-10-01,1909.315
1690,District of Columbia,2017-10-01,394.951
1691,Delaware,2017-10-01,477.521
1692,Florida,2017-10-01,9992.561
1693,Georgia,2017-10-01,5114.28
1694,Hawaii,2017-10-01,693.299
1695,Iowa,2017-10-01,1689.899
1696,Idaho,2017-10-01,847.84
1697,Illinois,2017-10-01,6556.88
1698,Indiana,2017-10-01,3337.543
1699,Kansas,2017-10-01,1488.379
1700,Kentucky,2017-10-01,2045.582
1701,Louisiana,2017-10-01,2100.649
1702,Massachusetts,2017-10-01,3743.965
1703,Maryland,2017-10-01,3258.782
1704,Maine,2017-10-01,700.989
1705,Michigan,2017-10-01,4921.385
1706,Minnesota,2017-10-01,3067.975
1707,Missouri,2017-10-01,3046.49
1708,Mississippi,2017-10-01,1267.802
1709,Montana,2017-10-01,530.057
1710,North Carolina,2017-10-01,4879.643
1711,North Dakota,2017-10-01,412.936
1712,Nebraska,2017-10-01,1023.841
1713,New Hampshire,2017-10-01,758.293
1714,New Jersey,2017-10-01,4606.841
1715,New Mexico,2017-10-01,942.756
1716,Nevada,2017-10-01,1460.22
1717,New York,2017-10-01,9841.071
1718,Ohio,2017-10-01,5820.642
1719,Oklahoma,2017-10-01,1829.311
1720,Oregon,2017-10-01,2083.825
1721,Pennsylvania,2017-10-01,6478.938
1722,Rhode Island,2017-10-01,569.153
1723,South Carolina,2017-10-01,2264.971
1724,South Dakota,2017-10-01,456.694
1725,Tennessee,2017-10-01,3204.205
1726,Texas,2017-10-01,13529.038
1727,Utah,2017-10-01,1564.691
1728,Virginia,2017-10-01,4336.283
1729,Vermont,2017-10-01,354.172
1730,Washington,2017-10-01,3756.362
1731,Wisconsin,2017-10-01,3142.143
1732,West Virginia,2017-10-01,785.741
1733,Wyoming,2017-10-01,293.078
1734,Alaska,2017-11-01,357.832
1735,Alabama,2017-11-01,2208.532
1736,Arkansas,2017-11-01,1340.197
1737,Arizona,2017-11-01,3266.467
1738,California,2017-11-01,19218.639
1739,Colorado,2017-11-01,3003.144
1740,Connecticut,2017-11-01,1907.135
1741,District of Columbia,2017-11-01,395.001
1742,Delaware,2017-11-01,477.579
1743,Florida,2017-11-01,9997.986
1744,Georgia,2017-11-01,5113.165
1745,Hawaii,2017-11-01,692.653
1746,Iowa,2017-11-01,1688.795
1747,Idaho,2017-11-01,849.291
1748,Illinois,2017-11-01,6554.599
1749,Indiana,2017-11-01,3338.026
1750,Kansas,2017-11-01,1486.47
1751,Kentucky,2017-11-01,2043.535
1752,Louisiana,2017-11-01,2100.733
1753,Massachusetts,2017-11-01,3749.313
1754,Maryland,2017-11-01,3257.766
1755,Maine,2017-11-01,699.785
1756,Michigan,2017-11-01,4919.605
1757,Minnesota,2017-11-01,3066.127
1758,Missouri,2017-11-01,3043.622
1759,Mississippi,2017-11-01,1266.613
1760,Montana,2017-11-01,529.992
1761,North Carolina,2017-11-01,4877.59
1762,North Dakota,2017-11-01,412.665
1763,Nebraska,2017-11-01,1023.864
1764,New Hampshire,2017-11-01,758.611
1765,New Jersey,2017-11-01,4599.881
1766,New Mexico,2017-11-01,941.75
1767,Nevada,2017-11-01,1463.526
1768,New York,2017-11-01,9825.046
1769,Ohio,2017-11-01,5809.489
1770,Oklahoma,2017-11-01,1829.78
1771,Oregon,2017-11-01,2082.386
1772,Pennsylvania,2017-11-01,6476.072
1773,Rhode Island,2017-11-01,569.205
1774,South Carolina,2017-11-01,2263.175
1775,South Dakota,2017-11-01,456.452
1776,Tennessee,2017-11-01,3205.969
1777,Texas,2017-11-01,13546.877
1778,Utah,2017-11-01,1565.804
1779,Virginia,2017-11-01,4336.807
1780,Vermont,2017-11-01,354.051
1781,Washington,2017-11-01,3758.494
1782,Wisconsin,2017-11-01,3139.07
1783,West Virginia,2017-11-01,785.656
1784,Wyoming,2017-11-01,292.689
1785,Alaska,2017-12-01,357.103
1786,Alabama,2017-12-01,2210.701
1787,Arkansas,2017-12-01,1339.224
1788,Arizona,2017-12-01,3273.052
1789,California,2017-12-01,19214.57
1790,Colorado,2017-12-01,3008.759
1791,Connecticut,2017-12-01,1906.047
1792,District of Columbia,2017-12-01,395.25
1793,Delaware,2017-12-01,477.707
1794,Florida,2017-12-01,10007.15
1795,Georgia,2017-12-01,5111.412
1796,Hawaii,2017-12-01,692.634
1797,Iowa,2017-12-01,1688.678
1798,Idaho,2017-12-01,850.626
1799,Illinois,2017-12-01,6552.397
1800,Indiana,2017-12-01,3341.073
1801,Kansas,2017-12-01,1485.497
1802,Kentucky,2017-12-01,2042.076
1803,Louisiana,2017-12-01,2101.751
1804,Massachusetts,2017-12-01,3757.459
1805,Maryland,2017-12-01,3256.935
1806,Maine,2017-12-01,698.782
1807,Michigan,2017-12-01,4918.65
1808,Minnesota,2017-12-01,3064.718
1809,Missouri,2017-12-01,3041.674
1810,Mississippi,2017-12-01,1266.035
1811,Montana,2017-12-01,530.058
1812,North Carolina,2017-12-01,4875.928
1813,North Dakota,2017-12-01,412.576
1814,Nebraska,2017-12-01,1024.266
1815,New Hampshire,2017-12-01,759.358
1816,New Jersey,2017-12-01,4593.657
1817,New Mexico,2017-12-01,941.15
1818,Nevada,2017-12-01,1467.126
1819,New York,2017-12-01,9810.886
1820,Ohio,2017-12-01,5799.019
1821,Oklahoma,2017-12-01,1830.382
1822,Oregon,2017-12-01,2080.849
1823,Pennsylvania,2017-12-01,6474.865
1824,Rhode Island,2017-12-01,569.398
1825,South Carolina,2017-12-01,2261.625
1826,South Dakota,2017-12-01,456.396
1827,Tennessee,2017-12-01,3208.324
1828,Texas,2017-12-01,13568.61
1829,Utah,2017-12-01,1567.24
1830,Virginia,2017-12-01,4338.678
1831,Vermont,2017-12-01,354.016
1832,Washington,2017-12-01,3762.487
1833,Wisconsin,2017-12-01,3136.815
1834,West Virginia,2017-12-01,785.676
1835,Wyoming,2017-12-01,292.378
1836,Alaska,2018-01-01,356.498
1837,Alabama,2018-01-01,2214.527
1838,Arkansas,2018-01-01,1338.772
1839,Arizona,2018-01-01,3281.017
1840,California,2018-01-01,19222.096
1841,Colorado,2018-01-01,3015.824
1842,Connecticut,2018-01-01,1906.315
1843,District of Columbia,2018-01-01,395.73
1844,Delaware,2018-01-01,478.139
1845,Florida,2018-01-01,10020.689
1846,Georgia,2018-01-01,5110.825
1847,Hawaii,2018-01-01,693.275
1848,Iowa,2018-01-01,1690.271
1849,Idaho,2018-01-01,852.121
1850,Illinois,2018-01-01,6550.963
1851,Indiana,2018-01-01,3347.959
1852,Kansas,2018-01-01,1485.942
1853,Kentucky,2018-01-01,2042.001
1854,Louisiana,2018-01-01,2104.108
1855,Massachusetts,2018-01-01,3769.274
1856,Maryland,2018-01-01,3257.332
1857,Maine,2018-01-01,698.341
1858,Michigan,2018-01-01,4920.884
1859,Minnesota,2018-01-01,3064.496
1860,Missouri,2018-01-01,3041.374
1861,Mississippi,2018-01-01,1266.186
1862,Montana,2018-01-01,530.392
1863,North Carolina,2018-01-01,4877.314
1864,North Dakota,2018-01-01,412.653
1865,Nebraska,2018-01-01,1025.277
1866,New Hampshire,2018-01-01,760.67
1867,New Jersey,2018-01-01,4590.359
1868,New Mexico,2018-01-01,941.212
1869,Nevada,2018-01-01,1471.357
1870,New York,2018-01-01,9803.08
1871,Ohio,2018-01-01,5793.192
1872,Oklahoma,2018-01-01,1831.536
1873,Oregon,2018-01-01,2079.631
1874,Pennsylvania,2018-01-01,6476.843
1875,Rhode Island,2018-01-01,569.855
1876,South Carolina,2018-01-01,2261.165
1877,South Dakota,2018-01-01,456.643
1878,Tennessee,2018-01-01,3212.889
1879,Texas,2018-01-01,13595.908
1880,Utah,2018-01-01,1569.406
1881,Virginia,2018-01-01,4342.632
1882,Vermont,2018-01-01,354.113
1883,Washington,2018-01-01,3769.895
1884,Wisconsin,2018-01-01,3136.136
1885,West Virginia,2018-01-01,786.241
1886,Wyoming,2018-01-01,292.255
1887,Alaska,2018-02-01,356.06
1888,Alabama,2018-02-01,2220.091
1889,Arkansas,2018-02-01,1338.982
1890,Arizona,2018-02-01,3290.51
1891,California,2018-02-01,19243.453
1892,Colorado,2018-02-01,3024.932
1893,Connecticut,2018-02-01,1908.198
1894,District of Columbia,2018-02-01,396.596
1895,Delaware,2018-02-01,478.988
1896,Florida,2018-02-01,10038.622
1897,Georgia,2018-02-01,5113.029
1898,Hawaii,2018-02-01,694.409
1899,Iowa,2018-02-01,1693.853
1900,Idaho,2018-02-01,854.034
1901,Illinois,2018-02-01,6551.798
1902,Indiana,2018-02-01,3358.941
1903,Kansas,2018-02-01,1487.776
1904,Kentucky,2018-02-01,2043.979
1905,Louisiana,2018-02-01,2107.711
1906,Massachusetts,2018-02-01,3784.535
1907,Maryland,2018-02-01,3259.763
1908,Maine,2018-02-01,698.713
1909,Michigan,2018-02-01,4927.259
1910,Minnesota,2018-02-01,3065.788
1911,Missouri,2018-02-01,3042.969
1912,Mississippi,2018-02-01,1267.261
1913,Montana,2018-02-01,531.118
1914,North Carolina,2018-02-01,4882.825
1915,North Dakota,2018-02-01,412.835
1916,Nebraska,2018-02-01,1027.012
1917,New Hampshire,2018-02-01,762.613
1918,New Jersey,2018-02-01,4592.098
1919,New Mexico,2018-02-01,942.012
1920,Nevada,2018-02-01,1476.371
1921,New York,2018-02-01,9804.282
1922,Ohio,2018-02-01,5794.297
1923,Oklahoma,2018-02-01,1833.233
1924,Oregon,2018-02-01,2078.914
1925,Pennsylvania,2018-02-01,6482.943
1926,Rhode Island,2018-02-01,570.638
1927,South Carolina,2018-02-01,2262.61
1928,South Dakota,2018-02-01,457.231
1929,Tennessee,2018-02-01,3220.532
1930,Texas,2018-02-01,13629.499
1931,Utah,2018-02-01,1572.534
1932,Virginia,2018-02-01,4348.614
1933,Vermont,2018-02-01,354.366
1934,Washington,2018-02-01,3781.049
1935,Wisconsin,2018-02-01,3137.14
1936,West Virginia,2018-02-01,787.537
1937,Wyoming,2018-02-01,292.389
1938,Alaska,2018-03-01,355.769
1939,Alabama,2018-03-01,2225.982
1940,Arkansas,2018-03-01,1339.618
1941,Arizona,2018-03-01,3300.813
1942,California,2018-03-01,19272.324
1943,Colorado,2018-03-01,3035.284
1944,Connecticut,2018-03-01,1911.441
1945,District of Columbia,2018-03-01,397.571
1946,Delaware,2018-03-01,480.05
1947,Florida,2018-03-01,10058.444
1948,Georgia,2018-03-01,5117.242
1949,Hawaii,2018-03-01,695.627
1950,Iowa,2018-03-01,1698.663
1951,Idaho,2018-03-01,856.277
1952,Illinois,2018-03-01,6554.433
1953,Indiana,2018-03-01,3372.302
1954,Kansas,2018-03-01,1490.246
1955,Kentucky,2018-03-01,2047.306
1956,Louisiana,2018-03-01,2111.364
1957,Massachusetts,2018-03-01,3800.886
1958,Maryland,2018-03-01,3263.75
1959,Maine,2018-03-01,699.692
1960,Michigan,2018-03-01,4935.364
1961,Minnesota,2018-03-01,3067.888
1962,Missouri,2018-03-01,3045.227
1963,Mississippi,2018-03-01,1269.105
1964,Montana,2018-03-01,532.148
1965,North Carolina,2018-03-01,4891.265
1966,North Dakota,2018-03-01,412.956
1967,Nebraska,2018-03-01,1029.174
1968,New Hampshire,2018-03-01,764.962
1969,New Jersey,2018-03-01,4598.161
1970,New Mexico,2018-03-01,943.279
1971,Nevada,2018-03-01,1481.806
1972,New York,2018-03-01,9813.082
1973,Ohio,2018-03-01,5800.942
1974,Oklahoma,2018-03-01,1834.709
1975,Oregon,2018-03-01,2078.289
1976,Pennsylvania,2018-03-01,6491.802
1977,Rhode Island,2018-03-01,571.611
1978,South Carolina,2018-03-01,2265.979
1979,South Dakota,2018-03-01,457.969
1980,Tennessee,2018-03-01,3230.15
1981,Texas,2018-03-01,13665.155
1982,Utah,2018-03-01,1576.272
1983,Virginia,2018-03-01,4354.678
1984,Vermont,2018-03-01,354.697
1985,Washington,2018-03-01,3794.275
1986,Wisconsin,2018-03-01,3138.675
1987,West Virginia,2018-03-01,789.331
1988,Wyoming,2018-03-01,292.701
1989,Alaska,2018-04-01,355.468
1990,Alabama,2018-04-01,2231.472
1991,Arkansas,2018-04-01,1339.999
1992,Arizona,2018-04-01,3310.523
1993,California,2018-04-01,19296.9
1994,Colorado,2018-04-01,3044.888
1995,Connecticut,2018-04-01,1915.21
1996,District of Columbia,2018-04-01,398.044
1997,Delaware,2018-04-01,480.845
1998,Florida,2018-04-01,10076.751
1999,Georgia,2018-04-01,5120.103
2000,Hawaii,2018-04-01,696.418
2001,Iowa,2018-04-01,1703.146
2002,Idaho,2018-04-01,858.466
2003,Illinois,2018-04-01,6556.223
2004,Indiana,2018-04-01,3384.54
2005,Kansas,2018-04-01,1492.261
2006,Kentucky,2018-04-01,2050.301
2007,Louisiana,2018-04-01,2113.091
2008,Massachusetts,2018-04-01,3815.127
2009,Maryland,2018-04-01,3267.484
2010,Maine,2018-04-01,700.751
2011,Michigan,2018-04-01,4940.831
2012,Minnesota,2018-04-01,3069.3
2013,Missouri,2018-04-01,3046.286
2014,Mississippi,2018-04-01,1270.137
2015,Montana,2018-04-01,533.182
2016,North Carolina,2018-04-01,4899.267
2017,North Dakota,2018-04-01,412.781
2018,Nebraska,2018-04-01,1031.157
2019,New Hampshire,2018-04-01,767.15
2020,New Jersey,2018-04-01,4605.163
2021,New Mexico,2018-04-01,944.469
2022,Nevada,2018-04-01,1486.875
2023,New York,2018-04-01,9823.863
2024,Ohio,2018-04-01,5808.831
2025,Oklahoma,2018-04-01,1834.72
2026,Oregon,2018-04-01,2077.094
2027,Pennsylvania,2018-04-01,6500.303
2028,Rhode Island,2018-04-01,572.453
2029,South Carolina,2018-04-01,2270.297
2030,South Dakota,2018-04-01,458.546
2031,Tennessee,2018-04-01,3239.107
2032,Texas,2018-04-01,13694.41
2033,Utah,2018-04-01,1579.76
2034,Virginia,2018-04-01,4357.52
2035,Vermont,2018-04-01,354.958
2036,Washington,2018-04-01,3806.442
2037,Wisconsin,2018-04-01,3138.784
2038,West Virginia,2018-04-01,790.986
2039,Wyoming,2018-04-01,292.992
2040,Alaska,2018-05-01,355.095
2041,Alabama,2018-05-01,2234.988
2042,Arkansas,2018-05-01,1339.773
2043,Arizona,2018-05-01,3319.15
2044,California,2018-05-01,19310.247
2045,Colorado,2018-05-01,3052.254
2046,Connecticut,2018-05-01,1918.502
2047,District of Columbia,2018-05-01,397.79
2048,Delaware,2018-05-01,481.117
2049,Florida,2018-05-01,10091.633
2050,Georgia,2018-05-01,5119.347
2051,Hawaii,2018-05-01,696.457
2052,Iowa,2018-05-01,1706.274
2053,Idaho,2018-05-01,860.364
2054,Illinois,2018-05-01,6556.049
2055,Indiana,2018-05-01,3392.942
2056,Kansas,2018-05-01,1493.178
2057,Kentucky,2018-05-01,2051.706
2058,Louisiana,2018-05-01,2111.988
2059,Massachusetts,2018-05-01,3825.483
2060,Maryland,2018-05-01,3269.533
2061,Maine,2018-05-01,701.466
2062,Michigan,2018-05-01,4942.041
2063,Minnesota,2018-05-01,3069.405
2064,Missouri,2018-05-01,3045.398
2065,Mississippi,2018-05-01,1270.079
2066,Montana,2018-05-01,533.977
2067,North Carolina,2018-05-01,4904.424
2068,North Dakota,2018-05-01,412.241
2069,Nebraska,2018-05-01,1032.631
2070,New Hampshire,2018-05-01,768.61
2071,New Jersey,2018-05-01,4610.201
2072,New Mexico,2018-05-01,945.219
2073,Nevada,2018-05-01,1491.15
2074,New York,2018-05-01,9830.8
2075,Ohio,2018-05-01,5814.368
2076,Oklahoma,2018-05-01,1832.883
2077,Oregon,2018-05-01,2075.233
2078,Pennsylvania,2018-05-01,6506.622
2079,Rhode Island,2018-05-01,572.881
2080,South Carolina,2018-05-01,2274.737
2081,South Dakota,2018-05-01,458.806
2082,Tennessee,2018-05-01,3245.698
2083,Texas,2018-05-01,13712.961
2084,Utah,2018-05-01,1582.426
2085,Virginia,2018-05-01,4355.424
2086,Vermont,2018-05-01,355.045
2087,Washington,2018-05-01,3815.647
2088,Wisconsin,2018-05-01,3136.204
2089,West Virginia,2018-05-01,792.107
2090,Wyoming,2018-05-01,293.103
2091,Alaska,2018-06-01,354.67
2092,Alabama,2018-06-01,2237.074
2093,Arkansas,2018-06-01,1339.258
2094,Arizona,2018-06-01,3327.171
2095,California,2018-06-01,19313.643
2096,Colorado,2018-06-01,3057.124
2097,Connecticut,2018-06-01,1921.01
2098,District of Columbia,2018-06-01,396.959
2099,Delaware,2018-06-01,480.929
2100,Florida,2018-06-01,10102.374
2101,Georgia,2018-06-01,5115.324
2102,Hawaii,2018-06-01,695.776
2103,Iowa,2018-06-01,1707.955
2104,Idaho,2018-06-01,861.966
2105,Illinois,2018-06-01,6554.579
2106,Indiana,2018-06-01,3396.811
2107,Kansas,2018-06-01,1492.967
2108,Kentucky,2018-06-01,2051.396
2109,Louisiana,2018-06-01,2108.638
2110,Massachusetts,2018-06-01,3831.789
2111,Maryland,2018-06-01,3269.981
2112,Maine,2018-06-01,701.698
2113,Michigan,2018-06-01,4940.348
2114,Minnesota,2018-06-01,3068.591
2115,Missouri,2018-06-01,3042.998
2116,Mississippi,2018-06-01,1268.826
2117,Montana,2018-06-01,534.497
2118,North Carolina,2018-06-01,4906.758
2119,North Dakota,2018-06-01,411.498
2120,Nebraska,2018-06-01,1033.622
2121,New Hampshire,2018-06-01,769.231
2122,New Jersey,2018-06-01,4612.096
2123,New Mexico,2018-06-01,945.552
2124,Nevada,2018-06-01,1494.756
2125,New York,2018-06-01,9832.509
2126,Ohio,2018-06-01,5816.161
2127,Oklahoma,2018-06-01,1829.926
2128,Oregon,2018-06-01,2073.562
2129,Pennsylvania,2018-06-01,6510.858
2130,Rhode Island,2018-06-01,572.875
2131,South Carolina,2018-06-01,2279.239
2132,South Dakota,2018-06-01,458.793
2133,Tennessee,2018-06-01,3250.483
2134,Texas,2018-06-01,13722.218
2135,Utah,2018-06-01,1584.302
2136,Virginia,2018-06-01,4350.195
2137,Vermont,2018-06-01,354.936
2138,Washington,2018-06-01,3822.176
2139,Wisconsin,2018-06-01,3131.226
2140,West Virginia,2018-06-01,792.628
2141,Wyoming,2018-06-01,293.022
2142,Alaska,2018-07-01,354.202
2143,Alabama,2018-07-01,2238.463
2144,Arkansas,2018-07-01,1338.897
2145,Arizona,2018-07-01,3335.123
2146,California,2018-07-01,19311.14
2147,Colorado,2018-07-01,3059.993
2148,Connecticut,2018-07-01,1922.888
2149,District of Columbia,2018-07-01,395.872
2150,Delaware,2018-07-01,480.484
2151,Florida,2018-07-01,10109.684
2152,Georgia,2018-07-01,5109.51
2153,Hawaii,2018-07-01,694.556
2154,Iowa,2018-07-01,1708.522
2155,Idaho,2018-07-01,863.362
2156,Illinois,2018-07-01,6552.241
2157,Indiana,2018-07-01,3396.231
2158,Kansas,2018-07-01,1491.979
2159,Kentucky,2018-07-01,2049.557
2160,Louisiana,2018-07-01,2103.945
2161,Massachusetts,2018-07-01,3834.581
2162,Maryland,2018-07-01,3269.608
2163,Maine,2018-07-01,701.436
2164,Michigan,2018-07-01,4937.813
2165,Minnesota,2018-07-01,3067.455
2166,Missouri,2018-07-01,3039.93
2167,Mississippi,2018-07-01,1266.735
2168,Montana,2018-07-01,534.832
2169,North Carolina,2018-07-01,4906.826
2170,North Dakota,2018-07-01,410.769
2171,Nebraska,2018-07-01,1034.31
2172,New Hampshire,2018-07-01,769.227
2173,New Jersey,2018-07-01,4611.059
2174,New Mexico,2018-07-01,945.649
2175,Nevada,2018-07-01,1497.993
2176,New York,2018-07-01,9830.902
2177,Ohio,2018-07-01,5815.042
2178,Oklahoma,2018-07-01,1826.644
2179,Oregon,2018-07-01,2072.518
2180,Pennsylvania,2018-07-01,6513.633
2181,Rhode Island,2018-07-01,572.513
2182,South Carolina,2018-07-01,2283.852
2183,South Dakota,2018-07-01,458.603
2184,Tennessee,2018-07-01,3253.879
2185,Texas,2018-07-01,13725.433
2186,Utah,2018-07-01,1585.625
2187,Virginia,2018-07-01,4344.543
2188,Vermont,2018-07-01,354.645
2189,Washington,2018-07-01,3827.191
2190,Wisconsin,2018-07-01,3124.973
2191,West Virginia,2018-07-01,792.602
2192,Wyoming,2018-07-01,292.817
2193,Alaska,2018-08-01,353.725
2194,Alabama,2018-08-01,2239.251
2195,Arkansas,2018-08-01,1339.306
2196,Arizona,2018-08-01,3344.235
2197,California,2018-08-01,19311.464
2198,Colorado,2018-08-01,3062.145
2199,Connecticut,2018-08-01,1924.548
2200,District of Columbia,2018-08-01,394.964
2201,Delaware,2018-08-01,480.135
2202,Florida,2018-08-01,10116.757
2203,Georgia,2018-08-01,5104.655
2204,Hawaii,2018-08-01,693.097
2205,Iowa,2018-08-01,1708.907
2206,Idaho,2018-08-01,864.894
2207,Illinois,2018-08-01,6551.206
2208,Indiana,2018-08-01,3393.393
2209,Kansas,2018-08-01,1491.132
2210,Kentucky,2018-08-01,2047.172
2211,Louisiana,2018-08-01,2099.491
2212,Massachusetts,2018-08-01,3835.875
2213,Maryland,2018-08-01,3270.271
2214,Maine,2018-08-01,700.956
2215,Michigan,2018-08-01,4937.504
2216,Minnesota,2018-08-01,3067.472
2217,Missouri,2018-08-01,3037.789
2218,Mississippi,2018-08-01,1265.37
2219,Montana,2018-08-01,535.249
2220,North Carolina,2018-08-01,4907.147
2221,North Dakota,2018-08-01,410.319
2222,Nebraska,2018-08-01,1035.154
2223,New Hampshire,2018-08-01,769.076
2224,New Jersey,2018-08-01,4609.237
2225,New Mexico,2018-08-01,945.96
2226,Nevada,2018-08-01,1501.51
2227,New York,2018-08-01,9830.123
2228,Ohio,2018-08-01,5815.036
2229,Oklahoma,2018-08-01,1823.936
2230,Oregon,2018-08-01,2073.066
2231,Pennsylvania,2018-08-01,6517.145
2232,Rhode Island,2018-08-01,572.055
2233,South Carolina,2018-08-01,2288.851
2234,South Dakota,2018-08-01,458.463
2235,Tennessee,2018-08-01,3257.296
2236,Texas,2018-08-01,13729.166
2237,Utah,2018-08-01,1586.998
2238,Virginia,2018-08-01,4341.692
2239,Vermont,2018-08-01,354.312
2240,Washington,2018-08-01,3832.666
2241,Wisconsin,2018-08-01,3119.399
2242,West Virginia,2018-08-01,792.385
2243,Wyoming,2018-08-01,292.638
2244,Alaska,2018-09-01,353.257
2245,Alabama,2018-09-01,2241.462
2246,Arkansas,2018-09-01,1340.798
2247,Arizona,2018-09-01,3354.886
2248,California,2018-09-01,19319.744
2249,Colorado,2018-09-01,3064.766
2250,Connecticut,2018-09-01,1926.116
2251,District of Columbia,2018-09-01,394.485
2252,Delaware,2018-09-01,480.129
2253,Florida,2018-09-01,10125.597
2254,Georgia,2018-09-01,5102.401
2255,Hawaii,2018-09-01,691.614
2256,Iowa,2018-09-01,1709.789
2257,Idaho,2018-09-01,866.799
2258,Illinois,2018-09-01,6553.072
2259,Indiana,2018-09-01,3390.914
2260,Kansas,2018-09-01,1491.039
2261,Kentucky,2018-09-01,2045.292
2262,Louisiana,2018-09-01,2096.648
2263,Massachusetts,2018-09-01,3837.319
2264,Maryland,2018-09-01,3273.262
2265,Maine,2018-09-01,700.467
2266,Michigan,2018-09-01,4940.876
2267,Minnesota,2018-09-01,3069.433
2268,Missouri,2018-09-01,3037.702
2269,Mississippi,2018-09-01,1264.589
2270,Montana,2018-09-01,535.879
2271,North Carolina,2018-09-01,4910.35
2272,North Dakota,2018-09-01,410.309
2273,Nebraska,2018-09-01,1036.376
2274,New Hampshire,2018-09-01,769.164
2275,New Jersey,2018-09-01,4608.78
2276,New Mexico,2018-09-01,946.826
2277,Nevada,2018-09-01,1505.705
2278,New York,2018-09-01,9831.476
2279,Ohio,2018-09-01,5818.652
2280,Oklahoma,2018-09-01,1822.416
2281,Oregon,2018-09-01,2075.673
2282,Pennsylvania,2018-09-01,6522.999
2283,Rhode Island,2018-09-01,571.705
2284,South Carolina,2018-09-01,2294.065
2285,South Dakota,2018-09-01,458.56
2286,Tennessee,2018-09-01,3262.243
2287,Texas,2018-09-01,13738.074
2288,Utah,2018-09-01,1588.869
2289,Virginia,2018-09-01,4343.694
2290,Vermont,2018-09-01,354.055
2291,Washington,2018-09-01,3840.303
2292,Wisconsin,2018-09-01,3115.61
2293,West Virginia,2018-09-01,792.251
2294,Wyoming,2018-09-01,292.565
2295,Alaska,2018-10-01,352.881
2296,Alabama,2018-10-01,2244.777
2297,Arkansas,2018-10-01,1343.176
2298,Arizona,2018-10-01,3366.323
2299,California,2018-10-01,19336.652
2300,Colorado,2018-10-01,3068.35
2301,Connecticut,2018-10-01,1927.456
2302,District of Columbia,2018-10-01,394.609
2303,Delaware,2018-10-01,480.587
2304,Florida,2018-10-01,10136.28
2305,Georgia,2018-10-01,5102.99
2306,Hawaii,2018-10-01,690.314
2307,Iowa,2018-10-01,1711.575
2308,Idaho,2018-10-01,869.088
2309,Illinois,2018-10-01,6557.352
2310,Indiana,2018-10-01,3390.302
2311,Kansas,2018-10-01,1491.851
2312,Kentucky,2018-10-01,2044.613
2313,Louisiana,2018-10-01,2095.746
2314,Massachusetts,2018-10-01,3839.492
2315,Maryland,2018-10-01,3278.864
2316,Maine,2018-10-01,700.019
2317,Michigan,2018-10-01,4947.469
2318,Minnesota,2018-10-01,3073.134
2319,Missouri,2018-10-01,3040.113
2320,Mississippi,2018-10-01,1265.038
2321,Montana,2018-10-01,536.633
2322,North Carolina,2018-10-01,4917.554
2323,North Dakota,2018-10-01,410.743
2324,Nebraska,2018-10-01,1037.949
2325,New Hampshire,2018-10-01,769.675
2326,New Jersey,2018-10-01,4611.131
2327,New Mexico,2018-10-01,948.242
2328,Nevada,2018-10-01,1510.543
2329,New York,2018-10-01,9835.265
2330,Ohio,2018-10-01,5825.205
2331,Oklahoma,2018-10-01,1822.39
2332,Oregon,2018-10-01,2079.856
2333,Pennsylvania,2018-10-01,6531.837
2334,Rhode Island,2018-10-01,571.513
2335,South Carolina,2018-10-01,2299.403
2336,South Dakota,2018-10-01,458.985
2337,Tennessee,2018-10-01,3269.246
2338,Texas,2018-10-01,13753.322
2339,Utah,2018-10-01,1591.373
2340,Virginia,2018-10-01,4350.72
2341,Vermont,2018-10-01,353.91
2342,Washington,2018-10-01,3850.601
2343,Wisconsin,2018-10-01,3113.834
2344,West Virginia,2018-10-01,792.213
2345,Wyoming,2018-10-01,292.591
2346,Alaska,2018-11-01,352.588
2347,Alabama,2018-11-01,2249.04
2348,Arkansas,2018-11-01,1345.916
2349,Arizona,2018-11-01,3377.407
2350,California,2018-11-01,19357.82
2351,Colorado,2018-11-01,3072.875
2352,Connecticut,2018-11-01,1928.469
2353,District of Columbia,2018-11-01,395.344
2354,Delaware,2018-11-01,481.462
2355,Florida,2018-11-01,10147.309
2356,Georgia,2018-11-01,5105.686
2357,Hawaii,2018-11-01,689.271
2358,Iowa,2018-11-01,1714.454
2359,Idaho,2018-11-01,871.655
2360,Illinois,2018-11-01,6563.693
2361,Indiana,2018-11-01,3392.244
2362,Kansas,2018-11-01,1493.263
2363,Kentucky,2018-11-01,2045.199
2364,Louisiana,2018-11-01,2096.226
2365,Massachusetts,2018-11-01,3842.042
2366,Maryland,2018-11-01,3286.49
2367,Maine,2018-11-01,699.497
2368,Michigan,2018-11-01,4955.714
2369,Minnesota,2018-11-01,3077.755
2370,Missouri,2018-11-01,3044.344
2371,Mississippi,2018-11-01,1266.56
2372,Montana,2018-11-01,537.385
2373,North Carolina,2018-11-01,4927.943
2374,North Dakota,2018-11-01,411.53
2375,Nebraska,2018-11-01,1039.691
2376,New Hampshire,2018-11-01,770.555
2377,New Jersey,2018-11-01,4616.532
2378,New Mexico,2018-11-01,949.952
2379,Nevada,2018-11-01,1515.722
2380,New York,2018-11-01,9840.824
2381,Ohio,2018-11-01,5832.678
2382,Oklahoma,2018-11-01,1823.766
2383,Oregon,2018-11-01,2084.734
2384,Pennsylvania,2018-11-01,6542.689
2385,Rhode Island,2018-11-01,571.387
2386,South Carolina,2018-11-01,2305.056
2387,South Dakota,2018-11-01,459.657
2388,Tennessee,2018-11-01,3278.109
2389,Texas,2018-11-01,13772.019
2390,Utah,2018-11-01,1594.411
2391,Virginia,2018-11-01,4361.26
2392,Vermont,2018-11-01,353.874
2393,Washington,2018-11-01,3863.242
2394,Wisconsin,2018-11-01,3113.859
2395,West Virginia,2018-11-01,792.142
2396,Wyoming,2018-11-01,292.643
2397,Alaska,2018-12-01,352.265
2398,Alabama,2018-12-01,2253.497
2399,Arkansas,2018-12-01,1348.399
2400,Arizona,2018-12-01,3387.194
2401,California,2018-12-01,19375.766
2402,Colorado,2018-12-01,3077.736
2403,Connecticut,2018-12-01,1928.999
2404,District of Columbia,2018-12-01,396.511
2405,Delaware,2018-12-01,482.538
2406,Florida,2018-12-01,10157.44
2407,Georgia,2018-12-01,5109.39
2408,Hawaii,2018-12-01,688.415
2409,Iowa,2018-12-01,1718.151
2410,Idaho,2018-12-01,874.256
2411,Illinois,2018-12-01,6570.62
2412,Indiana,2018-12-01,3395.076
2413,Kansas,2018-12-01,1494.764
2414,Kentucky,2018-12-01,2046.85
2415,Louisiana,2018-12-01,2097.319
2416,Massachusetts,2018-12-01,3844.303
2417,Maryland,2018-12-01,3294.819
2418,Maine,2018-12-01,698.756
2419,Michigan,2018-12-01,4963.336
2420,Minnesota,2018-12-01,3082.118
2421,Missouri,2018-12-01,3049.062
2422,Mississippi,2018-12-01,1268.747
2423,Montana,2018-12-01,538.06
2424,North Carolina,2018-12-01,4939.598
2425,North Dakota,2018-12-01,412.487
2426,Nebraska,2018-12-01,1041.358
2427,New Hampshire,2018-12-01,771.676
2428,New Jersey,2018-12-01,4623.928
2429,New Mexico,2018-12-01,951.638
2430,Nevada,2018-12-01,1520.816
2431,New York,2018-12-01,9846.342
2432,Ohio,2018-12-01,5838.615
2433,Oklahoma,2018-12-01,1826.068
2434,Oregon,2018-12-01,2089.04
2435,Pennsylvania,2018-12-01,6553.509
2436,Rhode Island,2018-12-01,571.182
2437,South Carolina,2018-12-01,2311.152
2438,South Dakota,2018-12-01,460.408
2439,Tennessee,2018-12-01,3288.549
2440,Texas,2018-12-01,13789.571
2441,Utah,2018-12-01,1597.702
2442,Virginia,2018-12-01,4373.152
2443,Vermont,2018-12-01,353.861
2444,Washington,2018-12-01,3877.111
2445,Wisconsin,2018-12-01,3114.741
2446,West Virginia,2018-12-01,791.779
2447,Wyoming,2018-12-01,292.639
2448,Alaska,2019-01-01,351.831
2449,Alabama,2019-01-01,2257.76
2450,Arkansas,2019-01-01,1350.043
2451,Arizona,2019-01-01,3395.349
2452,California,2019-01-01,19383.306
2453,Colorado,2019-01-01,3082.124
2454,Connecticut,2019-01-01,1928.873
2455,District of Columbia,2019-01-01,397.788
2456,Delaware,2019-01-01,483.451
2457,Florida,2019-01-01,10166.08
2458,Georgia,2019-01-01,5112.734
2459,Hawaii,2019-01-01,687.62
2460,Iowa,2019-01-01,1721.811
2461,Idaho,2019-01-01,876.601
2462,Illinois,2019-01-01,6574.836
2463,Indiana,2019-01-01,3396.279
2464,Kansas,2019-01-01,1495.883
2465,Kentucky,2019-01-01,2048.937
2466,Louisiana,2019-01-01,2098.194
2467,Massachusetts,2019-01-01,3845.803
2468,Maryland,2019-01-01,3302.346
2469,Maine,2019-01-01,697.766
2470,Michigan,2019-01-01,4968.381
2471,Minnesota,2019-01-01,3085.359
2472,Missouri,2019-01-01,3052.904
2473,Mississippi,2019-01-01,1270.606
2474,Montana,2019-01-01,538.521
2475,North Carolina,2019-01-01,4950.162
2476,North Dakota,2019-01-01,413.331
2477,Nebraska,2019-01-01,1042.759
2478,New Hampshire,2019-01-01,772.781
2479,New Jersey,2019-01-01,4631.274
2480,New Mexico,2019-01-01,952.922
2481,Nevada,2019-01-01,1525.441
2482,New York,2019-01-01,9848.899
2483,Ohio,2019-01-01,5841.057
2484,Oklahoma,2019-01-01,1828.407
2485,Oregon,2019-01-01,2091.488
2486,Pennsylvania,2019-01-01,6561.798
2487,Rhode Island,2019-01-01,570.825
2488,South Carolina,2019-01-01,2317.068
2489,South Dakota,2019-01-01,461.11
2490,Tennessee,2019-01-01,3299.516
2491,Texas,2019-01-01,13802.976
2492,Utah,2019-01-01,1600.912
2493,Virginia,2019-01-01,4383.817
2494,Vermont,2019-01-01,353.775
2495,Washington,2019-01-01,3890.859
2496,Wisconsin,2019-01-01,3115.259
2497,West Virginia,2019-01-01,790.996
2498,Wyoming,2019-01-01,292.548
2499,Alaska,2019-02-01,351.405
2500,Alabama,2019-02-01,2260.638
2501,Arkansas,2019-02-01,1350.615
2502,Arizona,2019-02-01,3402.154
2503,California,2019-02-01,19379.073
2504,Colorado,2019-02-01,3085.607
2505,Connecticut,2019-02-01,1928.104
2506,District of Columbia,2019-02-01,398.888
2507,Delaware,2019-02-01,484.023
2508,Florida,2019-02-01,10174.306
2509,Georgia,2019-02-01,5114.987
2510,Hawaii,2019-02-01,686.884
2511,Iowa,2019-02-01,1725.006
2512,Idaho,2019-02-01,878.651
2513,Illinois,2019-02-01,6574.311
2514,Indiana,2019-02-01,3394.503
2515,Kansas,2019-02-01,1496.519
2516,Kentucky,2019-02-01,2051.027
2517,Louisiana,2019-02-01,2097.947
2518,Massachusetts,2019-02-01,3846.567
2519,Maryland,2019-02-01,3308.473
2520,Maine,2019-02-01,696.598
2521,Michigan,2019-02-01,4970.537
2522,Minnesota,2019-02-01,3087.605
2523,Missouri,2019-02-01,3055.121
2524,Mississippi,2019-02-01,1272.072
2525,Montana,2019-02-01,538.74
2526,North Carolina,2019-02-01,4957.944
2527,North Dakota,2019-02-01,413.843
2528,Nebraska,2019-02-01,1043.847
2529,New Hampshire,2019-02-01,773.62
2530,New Jersey,2019-02-01,4637.559
2531,New Mexico,2019-02-01,953.716
2532,Nevada,2019-02-01,1529.479
2533,New York,2019-02-01,9846.753
2534,Ohio,2019-02-01,5841.071
2535,Oklahoma,2019-02-01,1830.271
2536,Oregon,2019-02-01,2091.761
2537,Pennsylvania,2019-02-01,6565.351
2538,Rhode Island,2019-02-01,570.4
2539,South Carolina,2019-02-01,2322.111
2540,South Dakota,2019-02-01,461.712
2541,Tennessee,2019-02-01,3309.492
2542,Texas,2019-02-01,13813.223
2543,Utah,2019-02-01,1603.965
2544,Virginia,2019-02-01,4391.486
2545,Vermont,2019-02-01,353.532
2546,Washington,2019-02-01,3903.516
2547,Wisconsin,2019-02-01,3115.193
2548,West Virginia,2019-02-01,789.966
2549,Wyoming,2019-02-01,292.427
2550,Alaska,2019-03-01,351.131
2551,Alabama,2019-03-01,2261.633
2552,Arkansas,2019-03-01,1350.217
2553,Arizona,2019-03-01,3408.47
2554,California,2019-03-01,19368.541
2555,Colorado,2019-03-01,3088.437
2556,Connecticut,2019-03-01,1927.212
2557,District of Columbia,2019-03-01,399.741
2558,Delaware,2019-03-01,484.36
2559,Florida,2019-03-01,10184.993
2560,Georgia,2019-03-01,5117.188
2561,Hawaii,2019-03-01,686.293
2562,Iowa,2019-03-01,1727.991
2563,Idaho,2019-03-01,880.598
2564,Illinois,2019-03-01,6569.737
2565,Indiana,2019-03-01,3390.255
2566,Kansas,2019-03-01,1496.929
2567,Kentucky,2019-03-01,2053.518
2568,Louisiana,2019-03-01,2096.558
2569,Massachusetts,2019-03-01,3847.301
2570,Maryland,2019-03-01,3313.711
2571,Maine,2019-03-01,695.522
2572,Michigan,2019-03-01,4971.497
2573,Minnesota,2019-03-01,3089.759
2574,Missouri,2019-03-01,3055.937
2575,Mississippi,2019-03-01,1273.768
2576,Montana,2019-03-01,538.94
2577,North Carolina,2019-03-01,4963.119
2578,North Dakota,2019-03-01,413.983
2579,Nebraska,2019-03-01,1044.756
2580,New Hampshire,2019-03-01,774.158
2581,New Jersey,2019-03-01,4643.984
2582,New Mexico,2019-03-01,954.323
2583,Nevada,2019-03-01,1533.106
2584,New York,2019-03-01,9841.664
2585,Ohio,2019-03-01,5842.012
2586,Oklahoma,2019-03-01,1831.661
2587,Oregon,2019-03-01,2090.798
2588,Pennsylvania,2019-03-01,6564.87
2589,Rhode Island,2019-03-01,570.143
2590,South Carolina,2019-03-01,2326.037
2591,South Dakota,2019-03-01,462.249
2592,Tennessee,2019-03-01,3317.717
2593,Texas,2019-03-01,13824.443
2594,Utah,2019-03-01,1606.966
2595,Virginia,2019-03-01,4395.452
2596,Vermont,2019-03-01,353.135
2597,Washington,2019-03-01,3915.084
2598,Wisconsin,2019-03-01,3115.048
2599,West Virginia,2019-03-01,789.152
2600,Wyoming,2019-03-01,292.384
2601,Alaska,2019-04-01,351.157
2602,Alabama,2019-04-01,2262.068
2603,Arkansas,2019-04-01,1349.361
2604,Arizona,2019-04-01,3415.247
2605,California,2019-04-01,19360.324
2606,Colorado,2019-04-01,3091.583
2607,Connecticut,2019-04-01,1927.024
2608,District of Columbia,2019-04-01,400.515
2609,Delaware,2019-04-01,484.637
2610,Florida,2019-04-01,10200.958
2611,Georgia,2019-04-01,5121.305
2612,Hawaii,2019-04-01,685.978
2613,Iowa,2019-04-01,1731.138
2614,Idaho,2019-04-01,882.732
2615,Illinois,2019-04-01,6563.224
2616,Indiana,2019-04-01,3385.579
2617,Kansas,2019-04-01,1497.527
2618,Kentucky,2019-04-01,2056.741
2619,Louisiana,2019-04-01,2094.892
2620,Massachusetts,2019-04-01,3848.455
2621,Maryland,2019-04-01,3319.056
2622,Maine,2019-04-01,694.985
2623,Michigan,2019-04-01,4973.183
2624,Minnesota,2019-04-01,3092.908
2625,Missouri,2019-04-01,3056.388
2626,Mississippi,2019-04-01,1275.728
2627,Montana,2019-04-01,539.439
2628,North Carolina,2019-04-01,4967.418
2629,North Dakota,2019-04-01,413.869
2630,Nebraska,2019-04-01,1045.713
2631,New Hampshire,2019-04-01,774.648
2632,New Jersey,2019-04-01,4652.828
2633,New Mexico,2019-04-01,954.999
2634,Nevada,2019-04-01,1536.704
2635,New York,2019-04-01,9837.363
2636,Ohio,2019-04-01,5846.328
2637,Oklahoma,2019-04-01,1832.954
2638,Oregon,2019-04-01,2089.732
2639,Pennsylvania,2019-04-01,6562.992
2640,Rhode Island,2019-04-01,570.303
2641,South Carolina,2019-04-01,2328.81
2642,South Dakota,2019-04-01,462.807
2643,Tennessee,2019-04-01,3324.408
2644,Texas,2019-04-01,13841.956
2645,Utah,2019-04-01,1610.178
2646,Virginia,2019-04-01,4396.58
2647,Vermont,2019-04-01,352.691
2648,Washington,2019-04-01,3925.819
2649,Wisconsin,2019-04-01,3115.332
2650,West Virginia,2019-04-01,789.004
2651,Wyoming,2019-04-01,292.522
2652,Alaska,2019-05-01,351.42
2653,Alabama,2019-05-01,2262.486
2654,Arkansas,2019-05-01,1348.588
2655,Arizona,2019-05-01,3422.662
2656,California,2019-05-01,19359.399
2657,Colorado,2019-05-01,3095.112
2658,Connecticut,2019-05-01,1928.009
2659,District of Columbia,2019-05-01,401.106
2660,Delaware,2019-05-01,484.901
2661,Florida,2019-05-01,10222.1
2662,Georgia,2019-05-01,5127.96
2663,Hawaii,2019-05-01,686.054
2664,Iowa,2019-05-01,1734.31
2665,Idaho,2019-05-01,885.141
2666,Illinois,2019-05-01,6555.831
2667,Indiana,2019-05-01,3382.165
2668,Kansas,2019-05-01,1498.472
2669,Kentucky,2019-05-01,2060.345
2670,Louisiana,2019-05-01,2093.624
2671,Massachusetts,2019-05-01,3849.467
2672,Maryland,2019-05-01,3324.957
2673,Maine,2019-05-01,695.172
2674,Michigan,2019-05-01,4975.072
2675,Minnesota,2019-05-01,3097.285
2676,Missouri,2019-05-01,3057.416
2677,Mississippi,2019-05-01,1278.107
2678,Montana,2019-05-01,540.367
2679,North Carolina,2019-05-01,4972.307
2680,North Dakota,2019-05-01,413.606
2681,Nebraska,2019-05-01,1046.784
2682,New Hampshire,2019-05-01,775.362
2683,New Jersey,2019-05-01,4665.14
2684,New Mexico,2019-05-01,955.806
2685,Nevada,2019-05-01,1540.468
2686,New York,2019-05-01,9837.115
2687,Ohio,2019-05-01,5853.828
2688,Oklahoma,2019-05-01,1834.399
2689,Oregon,2019-05-01,2089.04
2690,Pennsylvania,2019-05-01,6561.865
2691,Rhode Island,2019-05-01,570.955
2692,South Carolina,2019-05-01,2330.127
2693,South Dakota,2019-05-01,463.378
2694,Tennessee,2019-05-01,3329.352
2695,Texas,2019-05-01,13867.607
2696,Utah,2019-05-01,1613.584
2697,Virginia,2019-05-01,4396.207
2698,Vermont,2019-05-01,352.296
2699,Washington,2019-05-01,3935.594
2700,Wisconsin,2019-05-01,3116.035
2701,West Virginia,2019-05-01,789.596
2702,Wyoming,2019-05-01,292.844
2703,Alaska,2019-06-01,351.737
2704,Alabama,2019-06-01,2262.857
2705,Arkansas,2019-06-01,1348.406
2706,Arizona,2019-06-01,3430.816
2707,California,2019-06-01,19368.378
2708,Colorado,2019-06-01,3098.899
2709,Connecticut,2019-06-01,1930.248
2710,District of Columbia,2019-06-01,401.452
2711,Delaware,2019-06-01,485.17
2712,Florida,2019-06-01,10246.469
2713,Georgia,2019-06-01,5136.51
2714,Hawaii,2019-06-01,686.584
2715,Iowa,2019-06-01,1737.297
2716,Idaho,2019-06-01,887.824
2717,Illinois,2019-06-01,6548.423
2718,Indiana,2019-06-01,3381.252
2719,Kansas,2019-06-01,1499.973
2720,Kentucky,2019-06-01,2064.011
2721,Louisiana,2019-06-01,2093.37
2722,Massachusetts,2019-06-01,3850.035
2723,Maryland,2019-06-01,3331.424
2724,Maine,2019-06-01,696.022
2725,Michigan,2019-06-01,4976.43
2726,Minnesota,2019-06-01,3102.516
2727,Missouri,2019-06-01,3060.113
2728,Mississippi,2019-06-01,1280.796
2729,Montana,2019-06-01,541.687
2730,North Carolina,2019-06-01,4978.585
2731,North Dakota,2019-06-01,413.356
2732,Nebraska,2019-06-01,1048.127
2733,New Hampshire,2019-06-01,776.373
2734,New Jersey,2019-06-01,4680.591
2735,New Mexico,2019-06-01,956.659
2736,Nevada,2019-06-01,1544.513
2737,New York,2019-06-01,9842.215
2738,Ohio,2019-06-01,5863.521
2739,Oklahoma,2019-06-01,1836.11
2740,Oregon,2019-06-01,2089.091
2741,Pennsylvania,2019-06-01,6563.128
2742,Rhode Island,2019-06-01,572.075
2743,South Carolina,2019-06-01,2330.032
2744,South Dakota,2019-06-01,463.987
2745,Tennessee,2019-06-01,3332.238
2746,Texas,2019-06-01,13900.435
2747,Utah,2019-06-01,1617.122
2748,Virginia,2019-06-01,4396.264
2749,Vermont,2019-06-01,352.063
2750,Washington,2019-06-01,3944.443
2751,Wisconsin,2019-06-01,3116.984
2752,West Virginia,2019-06-01,790.761
2753,Wyoming,2019-06-01,293.296
2754,Alaska,2019-07-01,351.966
2755,Alabama,2019-07-01,2264.164
2756,Arkansas,2019-07-01,1349.142
2757,Arizona,2019-07-01,3439.397
2758,California,2019-07-01,19386.987
2759,Colorado,2019-07-01,3102.89
2760,Connecticut,2019-07-01,1933.187
2761,District of Columbia,2019-07-01,401.528
2762,Delaware,2019-07-01,485.452
2763,Florida,2019-07-01,10271.048
2764,Georgia,2019-07-01,5145.89
2765,Hawaii,2019-07-01,687.49
2766,Iowa,2019-07-01,1739.887
2767,Idaho,2019-07-01,890.66
2768,Illinois,2019-07-01,6541.678
2769,Indiana,2019-07-01,3383.676
2770,Kansas,2019-07-01,1502.04
2771,Kentucky,2019-07-01,2067.508
2772,Louisiana,2019-07-01,2094.49
2773,Massachusetts,2019-07-01,3850.03
2774,Maryland,2019-07-01,3338.08
2775,Maine,2019-07-01,697.314
2776,Michigan,2019-07-01,4977.23
2777,Minnesota,2019-07-01,3107.798
2778,Missouri,2019-07-01,3065.029
2779,Mississippi,2019-07-01,1282.858
2780,Montana,2019-07-01,543.182
2781,North Carolina,2019-07-01,4986.366
2782,North Dakota,2019-07-01,413.259
2783,Nebraska,2019-07-01,1049.736
2784,New Hampshire,2019-07-01,777.618
2785,New Jersey,2019-07-01,4697.847
2786,New Mexico,2019-07-01,957.408
2787,Nevada,2019-07-01,1548.834
2788,New York,2019-07-01,9851.433
2789,Ohio,2019-07-01,5873.94
2790,Oklahoma,2019-07-01,1838.19
2791,Oregon,2019-07-01,2089.97
2792,Pennsylvania,2019-07-01,6567.45
2793,Rhode Island,2019-07-01,573.522
2794,South Carolina,2019-07-01,2329.158
2795,South Dakota,2019-07-01,464.652
2796,Tennessee,2019-07-01,3333.856
2797,Texas,2019-07-01,13936.883
2798,Utah,2019-07-01,1620.725
2799,Virginia,2019-07-01,4398.33
2800,Vermont,2019-07-01,352.07
2801,Washington,2019-07-01,3952.679
2802,Wisconsin,2019-07-01,3117.826
2803,West Virginia,2019-07-01,792.173
2804,Wyoming,2019-07-01,293.776
2805,Alaska,2019-08-01,352.01
2806,Alabama,2019-08-01,2265.671
2807,Arkansas,2019-08-01,1350.723
2808,Arizona,2019-08-01,3447.872
2809,California,2019-08-01,19413.427
2810,Colorado,2019-08-01,3107.255
2811,Connecticut,2019-08-01,1936.278
2812,District of Columbia,2019-08-01,401.516
2813,Delaware,2019-08-01,485.641
2814,Florida,2019-08-01,10293.168
2815,Georgia,2019-08-01,5155.112
2816,Hawaii,2019-08-01,688.673
2817,Iowa,2019-08-01,1741.821
2818,Idaho,2019-08-01,893.421
2819,Illinois,2019-08-01,6535.211
2820,Indiana,2019-08-01,3388.71
2821,Kansas,2019-08-01,1504.286
2822,Kentucky,2019-08-01,2070.51
2823,Louisiana,2019-08-01,2096.783
2824,Massachusetts,2019-08-01,3849.19
2825,Maryland,2019-08-01,3344.244
2826,Maine,2019-08-01,698.688
2827,Michigan,2019-08-01,4977.625
2828,Minnesota,2019-08-01,3112.298
2829,Missouri,2019-08-01,3071.694
2830,Mississippi,2019-08-01,1284.181
2831,Montana,2019-08-01,544.623
2832,North Carolina,2019-08-01,4994.655
2833,North Dakota,2019-08-01,413.327
2834,Nebraska,2019-08-01,1051.38
2835,New Hampshire,2019-08-01,778.944
2836,New Jersey,2019-08-01,4715.055
2837,New Mexico,2019-08-01,958.036
2838,Nevada,2019-08-01,1553.269
2839,New York,2019-08-01,9863.438
2840,Ohio,2019-08-01,5883.443
2841,Oklahoma,2019-08-01,1840.52
2842,Oregon,2019-08-01,2090.951
2843,Pennsylvania,2019-08-01,6574.318
2844,Rhode Island,2019-08-01,575.011
2845,South Carolina,2019-08-01,2328.409
2846,South Dakota,2019-08-01,465.308
2847,Tennessee,2019-08-01,3335.49
2848,Texas,2019-08-01,13971.964
2849,Utah,2019-08-01,1624.34
2850,Virginia,2019-08-01,4403.343
2851,Vermont,2019-08-01,352.307
2852,Washington,2019-08-01,3960.828
2853,Wisconsin,2019-08-01,3118.276
2854,West Virginia,2019-08-01,793.464
2855,Wyoming,2019-08-01,294.213
2856,Alaska,2019-09-01,351.834
2857,Alabama,2019-09-01,2267.415
2858,Arkansas,2019-09-01,1352.758
2859,Arizona,2019-09-01,3456.418
2860,California,2019-09-01,19447.796
2861,Colorado,2019-09-01,3112.667
2862,Connecticut,2019-09-01,1939.235
2863,District of Columbia,2019-09-01,401.82
2864,Delaware,2019-09-01,485.722
2865,Florida,2019-09-01,10313.778
2866,Georgia,2019-09-01,5164.623
2867,Hawaii,2019-09-01,690.145
2868,Iowa,2019-09-01,1743.177
2869,Idaho,2019-09-01,896.041
2870,Illinois,2019-09-01,6528.621
2871,Indiana,2019-09-01,3395.148
2872,Kansas,2019-09-01,1506.57
2873,Kentucky,2019-09-01,2072.853
2874,Louisiana,2019-09-01,2099.678
2875,Massachusetts,2019-09-01,3848.299
2876,Maryland,2019-09-01,3349.967
2877,Maine,2019-09-01,699.915
2878,Michigan,2019-09-01,4978.659
2879,Minnesota,2019-09-01,3116.207
2880,Missouri,2019-09-01,3079.035
2881,Mississippi,2019-09-01,1284.212
2882,Montana,2019-09-01,546.025
2883,North Carolina,2019-09-01,5002.649
2884,North Dakota,2019-09-01,413.54
2885,Nebraska,2019-09-01,1053.008
2886,New Hampshire,2019-09-01,780.237
2887,New Jersey,2019-09-01,4731.072
2888,New Mexico,2019-09-01,958.766
2889,Nevada,2019-09-01,1557.832
2890,New York,2019-09-01,9879.755
2891,Ohio,2019-09-01,5892.364
2892,Oklahoma,2019-09-01,1842.891
2893,Oregon,2019-09-01,2091.578
2894,Pennsylvania,2019-09-01,6582.556
2895,Rhode Island,2019-09-01,576.289
2896,South Carolina,2019-09-01,2329.05
2897,South Dakota,2019-09-01,465.921
2898,Tennessee,2019-09-01,3338.521
2899,Texas,2019-09-01,14004.715
2900,Utah,2019-09-01,1628.202
2901,Virginia,2019-09-01,4411.433
2902,Vermont,2019-09-01,352.715
2903,Washington,2019-09-01,3969.95
2904,Wisconsin,2019-09-01,3118.566
2905,West Virginia,2019-09-01,794.502
2906,Wyoming,2019-09-01,294.622
2907,Alaska,2019-10-01,351.487
2908,Alabama,2019-10-01,2268.441
2909,Arkansas,2019-10-01,1354.577
2910,Arizona,2019-10-01,3465.329
2911,California,2019-10-01,19487.39
2912,Colorado,2019-10-01,3118.989
2913,Connecticut,2019-10-01,1941.593
2914,District of Columbia,2019-10-01,402.517
2915,Delaware,2019-10-01,485.617
2916,Florida,2019-10-01,10332.869
2917,Georgia,2019-10-01,5174.328
2918,Hawaii,2019-10-01,691.555
2919,Iowa,2019-10-01,1743.449
2920,Idaho,2019-10-01,898.402
2921,Illinois,2019-10-01,6522.043
2922,Indiana,2019-10-01,3400.846
2923,Kansas,2019-10-01,1508.618
2924,Kentucky,2019-10-01,2074.341
2925,Louisiana,2019-10-01,2101.729
2926,Massachusetts,2019-10-01,3847.571
2927,Maryland,2019-10-01,3355.417
2928,Maine,2019-10-01,700.8
2929,Michigan,2019-10-01,4979.874
2930,Minnesota,2019-10-01,3120.234
2931,Missouri,2019-10-01,3085.251
2932,Mississippi,2019-10-01,1283.451
2933,Montana,2019-10-01,547.383
2934,North Carolina,2019-10-01,5009.614
2935,North Dakota,2019-10-01,413.695
2936,Nebraska,2019-10-01,1054.364
2937,New Hampshire,2019-10-01,781.198
2938,New Jersey,2019-10-01,4745.3
2939,New Mexico,2019-10-01,959.739
2940,Nevada,2019-10-01,1562.321
2941,New York,2019-10-01,9899.509
2942,Ohio,2019-10-01,5901.853
2943,Oklahoma,2019-10-01,1844.494
2944,Oregon,2019-10-01,2091.954
2945,Pennsylvania,2019-10-01,6589.9
2946,Rhode Island,2019-10-01,577.212
2947,South Carolina,2019-10-01,2331.167
2948,South Dakota,2019-10-01,466.38
2949,Tennessee,2019-10-01,3342.882
2950,Texas,2019-10-01,14034.173
2951,Utah,2019-10-01,1632.135
2952,Virginia,2019-10-01,4420.554
2953,Vermont,2019-10-01,353.091
2954,Washington,2019-10-01,3980.986
2955,Wisconsin,2019-10-01,3118.317
2956,West Virginia,2019-10-01,795.31
2957,Wyoming,2019-10-01,295.036
2958,Alaska,2019-11-01,351.197
2959,Alabama,2019-11-01,2267.842
2960,Arkansas,2019-11-01,1355.495
2961,Arizona,2019-11-01,3474.207
2962,California,2019-11-01,19530.764
2963,Colorado,2019-11-01,3125.737
2964,Connecticut,2019-11-01,1942.988
2965,District of Columbia,2019-11-01,403.449
2966,Delaware,2019-11-01,485.206
2967,Florida,2019-11-01,10349.46
2968,Georgia,2019-11-01,5183.356
2969,Hawaii,2019-11-01,692.636
2970,Iowa,2019-11-01,1741.908
2971,Idaho,2019-11-01,900.327
2972,Illinois,2019-11-01,6515.473
2973,Indiana,2019-11-01,3403.209
2974,Kansas,2019-11-01,1510.154
2975,Kentucky,2019-11-01,2074.502
2976,Louisiana,2019-11-01,2100.897
2977,Massachusetts,2019-11-01,3846.073
2978,Maryland,2019-11-01,3360.556
2979,Maine,2019-11-01,701.194
2980,Michigan,2019-11-01,4979.379
2981,Minnesota,2019-11-01,3124.823
2982,Missouri,2019-11-01,3088.996
2983,Mississippi,2019-11-01,1282.57
2984,Montana,2019-11-01,548.519
2985,North Carolina,2019-11-01,5015.044
2986,North Dakota,2019-11-01,413.459
2987,Nebraska,2019-11-01,1055.146
2988,New Hampshire,2019-11-01,781.476
2989,New Jersey,2019-11-01,4757.345
2990,New Mexico,2019-11-01,960.847
2991,Nevada,2019-11-01,1566.205
2992,New York,2019-11-01,9918.398
2993,Ohio,2019-11-01,5912.001
2994,Oklahoma,2019-11-01,1844.48
2995,Oregon,2019-11-01,2091.919
2996,Pennsylvania,2019-11-01,6592.893
2997,Rhode Island,2019-11-01,577.724
2998,South Carolina,2019-11-01,2333.912
2999,South Dakota,2019-11-01,466.622
3000,Tennessee,2019-11-01,3346.774
3001,Texas,2019-11-01,14060.143
3002,Utah,2019-11-01,1635.74
3003,Virginia,2019-11-01,4427.891
3004,Vermont,2019-11-01,353.175
3005,Washington,2019-11-01,3991.18
3006,Wisconsin,2019-11-01,3116.817
3007,West Virginia,2019-11-01,795.798
3008,Wyoming,2019-11-01,295.458
3009,Alaska,2019-12-01,351.034
3010,Alabama,2019-12-01,2265.305
3011,Arkansas,2019-12-01,1354.907
3012,Arizona,2019-12-01,3480.692
3013,California,2019-12-01,19571.469
3014,Colorado,2019-12-01,3130.834
3015,Connecticut,2019-12-01,1942.216
3016,District of Columbia,2019-12-01,404.214
3017,Delaware,2019-12-01,484.362
3018,Florida,2019-12-01,10356.024
3019,Georgia,2019-12-01,5189.349
3020,Hawaii,2019-12-01,693.073
3021,Iowa,2019-12-01,1737.538
3022,Idaho,2019-12-01,901.475
3023,Illinois,2019-12-01,6507.243
3024,Indiana,2019-12-01,3400.865
3025,Kansas,2019-12-01,1510.339
3026,Kentucky,2019-12-01,2072.18
3027,Louisiana,2019-12-01,2095.489
3028,Massachusetts,2019-12-01,3840.356
3029,Maryland,2019-12-01,3364.422
3030,Maine,2019-12-01,700.702
3031,Michigan,2019-12-01,4973.652
3032,Minnesota,2019-12-01,3128.223
3033,Missouri,2019-12-01,3088.884
3034,Mississippi,2019-12-01,1280.931
3035,Montana,2019-12-01,548.951
3036,North Carolina,2019-12-01,5016.582
3037,North Dakota,2019-12-01,412.683
3038,Nebraska,2019-12-01,1054.761
3039,New Hampshire,2019-12-01,780.43
3040,New Jersey,2019-12-01,4764.786
3041,New Mexico,2019-12-01,961.446
3042,Nevada,2019-12-01,1568.45
3043,New York,2019-12-01,9928.423
3044,Ohio,2019-12-01,5919.223
3045,Oklahoma,2019-12-01,1842.274
3046,Oregon,2019-12-01,2090.881
3047,Pennsylvania,2019-12-01,6586.413
3048,Rhode Island,2019-12-01,577.514
3049,South Carolina,2019-12-01,2335.205
3050,South Dakota,2019-12-01,466.473
3051,Tennessee,2019-12-01,3346.761
3052,Texas,2019-12-01,14075.288
3053,Utah,2019-12-01,1637.983
3054,Virginia,2019-12-01,4428.627
3055,Vermont,2019-12-01,352.8
3056,Washington,2019-12-01,3994.995
3057,Wisconsin,2019-12-01,3112.959
3058,West Virginia,2019-12-01,795.786
3059,Wyoming,2019-12-01,295.727
3060,Alaska,2020-01-01,350.862
3061,Alabama,2020-01-01,2260.44
3062,Arkansas,2020-01-01,1352.956
3063,Arizona,2020-01-01,3482.745
3064,California,2020-01-01,19603.988
3065,Colorado,2020-01-01,3132.612
3066,Connecticut,2020-01-01,1938.821
3067,District of Columbia,2020-01-01,404.36
3068,Delaware,2020-01-01,483.12
3069,Florida,2020-01-01,10344.346
3070,Georgia,2020-01-01,5190.786
3071,Hawaii,2020-01-01,692.729
3072,Iowa,2020-01-01,1730.179
3073,Idaho,2020-01-01,901.823
3074,Illinois,2020-01-01,6498.977
3075,Indiana,2020-01-01,3393.852
3076,Kansas,2020-01-01,1508.537
3077,Kentucky,2020-01-01,2066.984
3078,Louisiana,2020-01-01,2086.283
3079,Massachusetts,2020-01-01,3827.335
3080,Maryland,2020-01-01,3366.208
3081,Maine,2020-01-01,699.13
3082,Michigan,2020-01-01,4960.108
3083,Minnesota,2020-01-01,3128.29
3084,Missouri,2020-01-01,3085.527
3085,Mississippi,2020-01-01,1278.699
3086,Montana,2020-01-01,548.463
3087,North Carolina,2020-01-01,5013.776
3088,North Dakota,2020-01-01,411.689
3089,Nebraska,2020-01-01,1052.941
3090,New Hampshire,2020-01-01,777.848
3091,New Jersey,2020-01-01,4765.234
3092,New Mexico,2020-01-01,960.993
3093,Nevada,2020-01-01,1568.532
3094,New York,2020-01-01,9923.358
3095,Ohio,2020-01-01,5919.39
3096,Oklahoma,2020-01-01,1838.271
3097,Oregon,2020-01-01,2088.91
3098,Pennsylvania,2020-01-01,6570.864
3099,Rhode Island,2020-01-01,576.322
3100,South Carolina,2020-01-01,2333.553
3101,South Dakota,2020-01-01,465.79
3102,Tennessee,2020-01-01,3340.825
3103,Texas,2020-01-01,14072.438
3104,Utah,2020-01-01,1638.196
3105,Virginia,2020-01-01,4423.464
3106,Vermont,2020-01-01,352.082
3107,Washington,2020-01-01,3989.932
3108,Wisconsin,2020-01-01,3106.453
3109,West Virginia,2020-01-01,795.017
3110,Wyoming,2020-01-01,295.684
3111,Alaska,2020-02-01,350.477
3112,Alabama,2020-02-01,2254.26
3113,Arkansas,2020-02-01,1350.347
3114,Arizona,2020-02-01,3480.462
3115,California,2020-02-01,19628.098
3116,Colorado,2020-02-01,3130.761
3117,Connecticut,2020-02-01,1933.315
3118,District of Columbia,2020-02-01,403.489
3119,Delaware,2020-02-01,481.636
3120,Florida,2020-02-01,10310.613
3121,Georgia,2020-02-01,5187.971
3122,Hawaii,2020-02-01,691.778
3123,Iowa,2020-02-01,1720.272
3124,Idaho,2020-02-01,901.5
3125,Illinois,2020-02-01,6492.991
3126,Indiana,2020-02-01,3382.274
3127,Kansas,2020-02-01,1504.763
3128,Kentucky,2020-02-01,2059.014
3129,Louisiana,2020-02-01,2076.123
3130,Massachusetts,2020-02-01,3806.656
3131,Maryland,2020-02-01,3365.19
3132,Maine,2020-02-01,696.631
3133,Michigan,2020-02-01,4937.894
3134,Minnesota,2020-02-01,3123.869
3135,Missouri,2020-02-01,3081.373
3136,Mississippi,2020-02-01,1275.701
3137,Montana,2020-02-01,547.17
3138,North Carolina,2020-02-01,5008.917
3139,North Dakota,2020-02-01,410.94
3140,Nebraska,2020-02-01,1049.923
3141,New Hampshire,2020-02-01,774.097
3142,New Jersey,2020-02-01,4757.142
3143,New Mexico,2020-02-01,959.313
3144,Nevada,2020-02-01,1566.746
3145,New York,2020-02-01,9901.482
3146,Ohio,2020-02-01,5909.682
3147,Oklahoma,2020-02-01,1833.477
3148,Oregon,2020-02-01,2086.293
3149,Pennsylvania,2020-02-01,6552.353
3150,Rhode Island,2020-02-01,574.053
3151,South Carolina,2020-02-01,2328.82
3152,South Dakota,2020-02-01,464.574
3153,Tennessee,2020-02-01,3330.049
3154,Texas,2020-02-01,14049.555
3155,Utah,2020-02-01,1636.41
3156,Virginia,2020-02-01,4418.731
3157,Vermont,2020-02-01,351.283
3158,Washington,2020-02-01,3977.324
3159,Wisconsin,2020-02-01,3097.63
3160,West Virginia,2020-02-01,793.206
3161,Wyoming,2020-02-01,295.291
3162,Alaska,2020-03-01,349.856
3163,Alabama,2020-03-01,2246.584
3164,Arkansas,2020-03-01,1365.968
3165,Arizona,2020-03-01,3476.237
3166,California,2020-03-01,19310.026
3167,Colorado,2020-03-01,3127.03
3168,Connecticut,2020-03-01,1927.122
3169,District of Columbia,2020-03-01,402.863
3170,Delaware,2020-03-01,487.3
3171,Florida,2020-03-01,10142.457
3172,Georgia,2020-03-01,5183.442
3173,Hawaii,2020-03-01,690.734
3174,Iowa,2020-03-01,1709.03
3175,Idaho,2020-03-01,899.358
3176,Illinois,2020-03-01,6434.112
3177,Indiana,2020-03-01,3301.532
3178,Kansas,2020-03-01,1500.078
3179,Kentucky,2020-03-01,2049.594
3180,Louisiana,2020-03-01,2114.424
3181,Massachusetts,2020-03-01,3781.02
3182,Maryland,2020-03-01,3362.349
3183,Maine,2020-03-01,693.833
3184,Michigan,2020-03-01,4909.618
3185,Minnesota,2020-03-01,3115.711
3186,Missouri,2020-03-01,3079.549
3187,Mississippi,2020-03-01,1273.409
3188,Montana,2020-03-01,545.355
3189,North Carolina,2020-03-01,4785.018
3190,North Dakota,2020-03-01,410.959
3191,Nebraska,2020-03-01,1055.316
3192,New Hampshire,2020-03-01,769.939
3193,New Jersey,2020-03-01,4742.018
3194,New Mexico,2020-03-01,948.526
3195,Nevada,2020-03-01,1545.207
3196,New York,2020-03-01,9867.923
3197,Ohio,2020-03-01,5820.292
3198,Oklahoma,2020-03-01,1829.534
3199,Oregon,2020-03-01,2083.882
3200,Pennsylvania,2020-03-01,6536.47
3201,Rhode Island,2020-03-01,569.682
3202,South Carolina,2020-03-01,2322.57
3203,South Dakota,2020-03-01,463.143
3204,Tennessee,2020-03-01,3317.696
3205,Texas,2020-03-01,13893.417
3206,Utah,2020-03-01,1633.767
3207,Virginia,2020-03-01,4422.545
3208,Vermont,2020-03-01,350.738
3209,Washington,2020-03-01,3941.485
3210,Wisconsin,2020-03-01,3088.431
3211,West Virginia,2020-03-01,790.45
3212,Wyoming,2020-03-01,294.693
3213,Alaska,2020-04-01,335.456
3214,Alabama,2020-04-01,2184.411
3215,Arkansas,2020-04-01,1346.793
3216,Arizona,2020-04-01,3393.061
3217,California,2020-04-01,18698.851
3218,Colorado,2020-04-01,2997.836
3219,Connecticut,2020-04-01,1830.788
3220,District of Columbia,2020-04-01,391.628
3221,Delaware,2020-04-01,470.723
3222,Florida,2020-04-01,9372.023
3223,Georgia,2020-04-01,4947.003
3224,Hawaii,2020-04-01,649.436
3225,Iowa,2020-04-01,1687.201
3226,Idaho,2020-04-01,885.5
3227,Illinois,2020-04-01,6257.113
3228,Indiana,2020-04-01,3212.876
3229,Kansas,2020-04-01,1488.328
3230,Kentucky,2020-04-01,2038.557
3231,Louisiana,2020-04-01,1976.206
3232,Massachusetts,2020-04-01,3509.078
3233,Maryland,2020-04-01,3199.999
3234,Maine,2020-04-01,654.661
3235,Michigan,2020-04-01,4561.79
3236,Minnesota,2020-04-01,2995.933
3237,Missouri,2020-04-01,2926.978
3238,Mississippi,2020-04-01,1207.674
3239,Montana,2020-04-01,537.056
3240,North Carolina,2020-04-01,4625.138
3241,North Dakota,2020-04-01,410.498
3242,Nebraska,2020-04-01,1044.553
3243,New Hampshire,2020-04-01,742.138
3244,New Jersey,2020-04-01,4478.993
3245,New Mexico,2020-04-01,899.628
3246,Nevada,2020-04-01,1469.449
3247,New York,2020-04-01,9119.448
3248,Ohio,2020-04-01,5534.863
3249,Oklahoma,2020-04-01,1803.349
3250,Oregon,2020-04-01,2035.72
3251,Pennsylvania,2020-04-01,6344.987
3252,Rhode Island,2020-04-01,545.276
3253,South Carolina,2020-04-01,2322.65
3254,South Dakota,2020-04-01,463.618
3255,Tennessee,2020-04-01,3191.792
3256,Texas,2020-04-01,13300.732
3257,Utah,2020-04-01,1622.532
3258,Virginia,2020-04-01,4303.723
3259,Vermont,2020-04-01,352.456
3260,Washington,2020-04-01,3974.959
3261,Wisconsin,2020-04-01,3079.693
3262,West Virginia,2020-04-01,760.84
3263,Wyoming,2020-04-01,287.289
3264,Alaska,2020-05-01,343.67
3265,Alabama,2020-05-01,2261.887
3266,Arkansas,2020-05-01,1341.71
3267,Arizona,2020-05-01,3446.48
3268,California,2020-05-01,18560.581
3269,Colorado,2020-05-01,3095.3
3270,Connecticut,2020-05-01,1905.059
3271,District of Columbia,2020-05-01,379.861
3272,Delaware,2020-05-01,495.353
3273,Florida,2020-05-01,10084.003
3274,Georgia,2020-05-01,5053.091
3275,Hawaii,2020-05-01,666.396
3276,Iowa,2020-05-01,1653.803
3277,Idaho,2020-05-01,897.591
3278,Illinois,2020-05-01,6289.916
3279,Indiana,2020-05-01,3286.059
3280,Kansas,2020-05-01,1497.235
3281,Kentucky,2020-05-01,2053.548
3282,Louisiana,2020-05-01,2014.205
3283,Massachusetts,2020-05-01,3670.55
3284,Maryland,2020-05-01,3204.499
3285,Maine,2020-05-01,672.011
3286,Michigan,2020-05-01,4882.818
3287,Minnesota,2020-05-01,3067.745
3288,Missouri,2020-05-01,2870.284
3289,Mississippi,2020-05-01,1221.316
3290,Montana,2020-05-01,542.022
3291,North Carolina,2020-05-01,4763.505
3292,North Dakota,2020-05-01,408.037
3293,Nebraska,2020-05-01,1045.313
3294,New Hampshire,2020-05-01,756.642
3295,New Jersey,2020-05-01,4571.265
3296,New Mexico,2020-05-01,910.703
3297,Nevada,2020-05-01,1390.094
3298,New York,2020-05-01,9419.207
3299,Ohio,2020-05-01,5655.129
3300,Oklahoma,2020-05-01,1826.774
3301,Oregon,2020-05-01,2097.682
3302,Pennsylvania,2020-05-01,6461.185
3303,Rhode Island,2020-05-01,571.212
3304,South Carolina,2020-05-01,2335.076
3305,South Dakota,2020-05-01,464.185
3306,Tennessee,2020-05-01,3257.118
3307,Texas,2020-05-01,13854.813
3308,Utah,2020-05-01,1636.328
3309,Virginia,2020-05-01,4283.943
3310,Vermont,2020-05-01,339.027
3311,Washington,2020-05-01,3921.543
3312,Wisconsin,2020-05-01,3099.77
3313,West Virginia,2020-05-01,773.503
3314,Wyoming,2020-05-01,298.665
3315,Alaska,2020-06-01,345.102
3316,Alabama,2020-06-01,2263.977
3317,Arkansas,2020-06-01,1336.181
3318,Arizona,2020-06-01,3446.465
3319,California,2020-06-01,19030.336
3320,Colorado,2020-06-01,3114.887
3321,Connecticut,2020-06-01,1896.424
3322,District of Columbia,2020-06-01,378.357
3323,Delaware,2020-06-01,500.448
3324,Florida,2020-06-01,9984.792
3325,Georgia,2020-06-01,4986.734
3326,Hawaii,2020-06-01,665.341
3327,Iowa,2020-06-01,1631.941
3328,Idaho,2020-06-01,896.772
3329,Illinois,2020-06-01,6250.781
3330,Indiana,2020-06-01,3288.13
3331,Kansas,2020-06-01,1490.499
3332,Kentucky,2020-06-01,1924.408
3333,Louisiana,2020-06-01,2019.373
3334,Massachusetts,2020-06-01,3777.546
3335,Maryland,2020-06-01,3187.489
3336,Maine,2020-06-01,657.511
3337,Michigan,2020-06-01,5013.907
3338,Minnesota,2020-06-01,3143.556
3339,Missouri,2020-06-01,2966.906
3340,Mississippi,2020-06-01,1222.816
3341,Montana,2020-06-01,540.468
3342,North Carolina,2020-06-01,4764.83
3343,North Dakota,2020-06-01,407.323
3344,Nebraska,2020-06-01,1040.691
3345,New Hampshire,2020-06-01,754.07
3346,New Jersey,2020-06-01,4628.508
3347,New Mexico,2020-06-01,912.682
3348,Nevada,2020-06-01,1498.919
3349,New York,2020-06-01,9505.6
3350,Ohio,2020-06-01,5654.61
3351,Oklahoma,2020-06-01,1826.978
3352,Oregon,2020-06-01,2098.606
3353,Pennsylvania,2020-06-01,6462.979
3354,Rhode Island,2020-06-01,571.019
3355,South Carolina,2020-06-01,2327.707
3356,South Dakota,2020-06-01,462.236
3357,Tennessee,2020-06-01,3249.984
3358,Texas,2020-06-01,13855.506
3359,Utah,2020-06-01,1635.237
3360,Virginia,2020-06-01,4276.85
3361,Vermont,2020-06-01,334.214
3362,Washington,2020-06-01,3875.271
3363,Wisconsin,2020-06-01,3089.775
3364,West Virginia,2020-06-01,769.941
3365,Wyoming,2020-06-01,294.397
3366,Alaska,2020-07-01,348.894
3367,Alabama,2020-07-01,2274.751
3368,Arkansas,2020-07-01,1338.897
3369,Arizona,2020-07-01,3468.223
3370,California,2020-07-01,19067.483
3371,Colorado,2020-07-01,2997.019
3372,Connecticut,2020-07-01,1905.098
3373,District of Columbia,2020-07-01,379.497
3374,Delaware,2020-07-01,480.623
3375,Florida,2020-07-01,10171.091
3376,Georgia,2020-07-01,4973.882
3377,Hawaii,2020-07-01,675.151
3378,Iowa,2020-07-01,1631.388
3379,Idaho,2020-07-01,901.562
3380,Illinois,2020-07-01,6279.917
3381,Indiana,2020-07-01,3317.415
3382,Kansas,2020-07-01,1497.882
3383,Kentucky,2020-07-01,1965.877
3384,Louisiana,2020-07-01,2041.235
3385,Massachusetts,2020-07-01,3769.749
3386,Maryland,2020-07-01,3198.04
3387,Maine,2020-07-01,663.393
3388,Michigan,2020-07-01,4955.114
3389,Minnesota,2020-07-01,3174.74
3390,Missouri,2020-07-01,3074.336
3391,Mississippi,2020-07-01,1233.243
3392,Montana,2020-07-01,542.691
3393,North Carolina,2020-07-01,4807.647
3394,North Dakota,2020-07-01,409.306
3395,Nebraska,2020-07-01,1041.693
3396,New Hampshire,2020-07-01,758.132
3397,New Jersey,2020-07-01,4732.543
3398,New Mexico,2020-07-01,920.262
3399,Nevada,2020-07-01,1511.703
3400,New York,2020-07-01,9545.521
3401,Ohio,2020-07-01,5693.398
3402,Oklahoma,2020-07-01,1839.352
3403,Oregon,2020-07-01,2115.076
3404,Pennsylvania,2020-07-01,6507.677
3405,Rhode Island,2020-07-01,575.844
3406,South Carolina,2020-07-01,2340.45
3407,South Dakota,2020-07-01,463.621
3408,Tennessee,2020-07-01,3272.977
3409,Texas,2020-07-01,13960.798
3410,Utah,2020-07-01,1644.579
3411,Virginia,2020-07-01,4307.354
3412,Vermont,2020-07-01,333.176
3413,Washington,2020-07-01,3874.343
3414,Wisconsin,2020-07-01,3102.968
3415,West Virginia,2020-07-01,772.857
3416,Wyoming,2020-07-01,293.997
3417,Alaska,2020-08-01,342.738
3418,Alabama,2020-08-01,2273.305
3419,Arkansas,2020-08-01,1334.391
3420,Arizona,2020-08-01,3472.41
3421,California,2020-08-01,18910.905
3422,Colorado,2020-08-01,3022.293
3423,Connecticut,2020-08-01,1863.999
3424,District of Columbia,2020-08-01,379.636
3425,Delaware,2020-08-01,486.581
3426,Florida,2020-08-01,9988.796
3427,Georgia,2020-08-01,4945.404
3428,Hawaii,2020-08-01,672.517
3429,Iowa,2020-08-01,1629.051
3430,Idaho,2020-08-01,901.894
3431,Illinois,2020-08-01,6251.667
3432,Indiana,2020-08-01,3320.672
3433,Kansas,2020-08-01,1499.726
3434,Kentucky,2020-08-01,1976.712
3435,Louisiana,2020-08-01,2041.973
3436,Massachusetts,2020-08-01,3745.616
3437,Maryland,2020-08-01,3188.236
3438,Maine,2020-08-01,655.665
3439,Michigan,2020-08-01,4884.241
3440,Minnesota,2020-08-01,3164.264
3441,Missouri,2020-08-01,3059.21
3442,Mississippi,2020-08-01,1239.063
3443,Montana,2020-08-01,542.412
3444,North Carolina,2020-08-01,4810.221
3445,North Dakota,2020-08-01,409.618
3446,Nebraska,2020-08-01,1040.395
3447,New Hampshire,2020-08-01,756.543
3448,New Jersey,2020-08-01,4754.575
3449,New Mexico,2020-08-01,922.907
3450,Nevada,2020-08-01,1500.711
3451,New York,2020-08-01,9483.036
3452,Ohio,2020-08-01,5691.651
3453,Oklahoma,2020-08-01,1841.586
3454,Oregon,2020-08-01,2116.35
3455,Pennsylvania,2020-08-01,6504.603
3456,Rhode Island,2020-08-01,573.333
3457,South Carolina,2020-08-01,2344.618
3458,South Dakota,2020-08-01,463.942
3459,Tennessee,2020-08-01,3279.583
3460,Texas,2020-08-01,13961.664
3461,Utah,2020-08-01,1647.748
3462,Virginia,2020-08-01,4310.745
3463,Vermont,2020-08-01,331.438
3464,Washington,2020-08-01,3851.942
3465,Wisconsin,2020-08-01,3098.059
3466,West Virginia,2020-08-01,771.449
3467,Wyoming,2020-08-01,293.244
3468,Alaska,2020-09-01,343.274
3469,Alabama,2020-09-01,2280.339
3470,Arkansas,2020-09-01,1335.833
3471,Arizona,2020-09-01,3492.702
3472,California,2020-09-01,18658.461
3473,Colorado,2020-09-01,3058.03
3474,Connecticut,2020-09-01,1852.469
3475,District of Columbia,2020-09-01,380.929
3476,Delaware,2020-09-01,493.585
3477,Florida,2020-09-01,10047.622
3478,Georgia,2020-09-01,4944.916
3479,Hawaii,2020-09-01,622.851
3480,Iowa,2020-09-01,1637.273
3481,Idaho,2020-09-01,906.914
3482,Illinois,2020-09-01,6282.727
3483,Indiana,2020-09-01,3345.331
3484,Kansas,2020-09-01,1506.805
3485,Kentucky,2020-09-01,1990.824
3486,Louisiana,2020-09-01,2055.533
3487,Massachusetts,2020-09-01,3767.786
3488,Maryland,2020-09-01,3198.191
3489,Maine,2020-09-01,661.558
3490,Michigan,2020-09-01,4874.366
3491,Minnesota,2020-09-01,3156.538
3492,Missouri,2020-09-01,3055.128
3493,Mississippi,2020-09-01,1249.42
3494,Montana,2020-09-01,544.533
3495,North Carolina,2020-09-01,4840.818
3496,North Dakota,2020-09-01,410.286
3497,Nebraska,2020-09-01,1041.358
3498,New Hampshire,2020-09-01,760.133
3499,New Jersey,2020-09-01,4520.716
3500,New Mexico,2020-09-01,930.263
3501,Nevada,2020-09-01,1512.177
3502,New York,2020-09-01,9517.449
3503,Ohio,2020-09-01,5723.287
3504,Oklahoma,2020-09-01,1851.63
3505,Oregon,2020-09-01,2130.328
3506,Pennsylvania,2020-09-01,6524.674
3507,Rhode Island,2020-09-01,578.508
3508,South Carolina,2020-09-01,2357.123
3509,South Dakota,2020-09-01,465.564
3510,Tennessee,2020-09-01,3310.277
3511,Texas,2020-09-01,14059.0
3512,Utah,2020-09-01,1657.58
3513,Virginia,2020-09-01,4323.725
3514,Vermont,2020-09-01,331.583
3515,Washington,2020-09-01,3862.675
3516,Wisconsin,2020-09-01,3111.737
3517,West Virginia,2020-09-01,773.605
3518,Wyoming,2020-09-01,293.397
3519,Alaska,2020-10-01,343.583
3520,Alabama,2020-10-01,2273.333
3521,Arkansas,2020-10-01,1331.81
3522,Arizona,2020-10-01,3497.131
3523,California,2020-10-01,18609.671
3524,Colorado,2020-10-01,3074.101
3525,Connecticut,2020-10-01,1833.002
3526,District of Columbia,2020-10-01,379.889
3527,Delaware,2020-10-01,484.594
3528,Florida,2020-10-01,10035.807
3529,Georgia,2020-10-01,5196.008
3530,Hawaii,2020-10-01,643.35
3531,Iowa,2020-10-01,1641.742
3532,Idaho,2020-10-01,908.485
3533,Illinois,2020-10-01,6269.218
3534,Indiana,2020-10-01,3347.475
3535,Kansas,2020-10-01,1507.319
3536,Kentucky,2020-10-01,1996.073
3537,Louisiana,2020-10-01,2051.79
3538,Massachusetts,2020-10-01,3751.342
3539,Maryland,2020-10-01,3186.354
3540,Maine,2020-10-01,665.217
3541,Michigan,2020-10-01,4827.19
3542,Minnesota,2020-10-01,3131.796
3543,Missouri,2020-10-01,3043.738
3544,Mississippi,2020-10-01,1254.061
3545,Montana,2020-10-01,544.035
3546,North Carolina,2020-10-01,4841.029
3547,North Dakota,2020-10-01,409.345
3548,Nebraska,2020-10-01,1040.181
3549,New Hampshire,2020-10-01,758.439
3550,New Jersey,2020-10-01,4552.9
3551,New Mexico,2020-10-01,931.255
3552,Nevada,2020-10-01,1506.544
3553,New York,2020-10-01,9485.291
3554,Ohio,2020-10-01,5722.806
3555,Oklahoma,2020-10-01,1853.406
3556,Oregon,2020-10-01,2130.21
3557,Pennsylvania,2020-10-01,6512.518
3558,Rhode Island,2020-10-01,565.011
3559,South Carolina,2020-10-01,2359.161
3560,South Dakota,2020-10-01,465.928
3561,Tennessee,2020-10-01,3317.329
3562,Texas,2020-10-01,14074.423
3563,Utah,2020-10-01,1660.656
3564,Virginia,2020-10-01,4311.352
3565,Vermont,2020-10-01,330.863
3566,Washington,2020-10-01,3852.136
3567,Wisconsin,2020-10-01,3110.418
3568,West Virginia,2020-10-01,772.32
3569,Wyoming,2020-10-01,292.832
3570,Alaska,2020-11-01,344.857
3571,Alabama,2020-11-01,2266.541
3572,Arkansas,2020-11-01,1330.332
3573,Arizona,2020-11-01,3503.661
3574,California,2020-11-01,18645.846
3575,Colorado,2020-11-01,3090.232
3576,Connecticut,2020-11-01,1824.599
3577,District of Columbia,2020-11-01,378.702
3578,Delaware,2020-11-01,487.625
3579,Florida,2020-11-01,10059.672
3580,Georgia,2020-11-01,5186.243
3581,Hawaii,2020-11-01,654.968
3582,Iowa,2020-11-01,1648.907
3583,Idaho,2020-11-01,911.332
3584,Illinois,2020-11-01,6277.798
3585,Indiana,2020-11-01,3352.631
3586,Kansas,2020-11-01,1507.506
3587,Kentucky,2020-11-01,1999.542
3588,Louisiana,2020-11-01,2053.144
3589,Massachusetts,2020-11-01,3747.109
3590,Maryland,2020-11-01,3183.549
3591,Maine,2020-11-01,670.431
3592,Michigan,2020-11-01,4805.259
3593,Minnesota,2020-11-01,3108.516
3594,Missouri,2020-11-01,3037.942
3595,Mississippi,2020-11-01,1256.992
3596,Montana,2020-11-01,543.842
3597,North Carolina,2020-11-01,4852.892
3598,North Dakota,2020-11-01,408.591
3599,Nebraska,2020-11-01,1039.673
3600,New Hampshire,2020-11-01,757.804
3601,New Jersey,2020-11-01,4591.781
3602,New Mexico,2020-11-01,933.27
3603,Nevada,2020-11-01,1507.611
3604,New York,2020-11-01,9505.123
3605,Ohio,2020-11-01,5729.613
3606,Oklahoma,2020-11-01,1856.097
3607,Oregon,2020-11-01,2133.469
3608,Pennsylvania,2020-11-01,6506.621
3609,Rhode Island,2020-11-01,568.673
3610,South Carolina,2020-11-01,2361.097
3611,South Dakota,2020-11-01,466.415
3612,Tennessee,2020-11-01,3324.647
3613,Texas,2020-11-01,14116.639
3614,Utah,2020-11-01,1664.11
3615,Virginia,2020-11-01,4303.41
3616,Vermont,2020-11-01,330.924
3617,Washington,2020-11-01,3851.2
3618,Wisconsin,2020-11-01,3114.064
3619,West Virginia,2020-11-01,772.124
3620,Wyoming,2020-11-01,292.321
3621,Alaska,2020-12-01,346.296
3622,Alabama,2020-12-01,2257.916
3623,Arkansas,2020-12-01,1329.23
3624,Arizona,2020-12-01,3508.888
3625,California,2020-12-01,18707.388
3626,Colorado,2020-12-01,3103.64
3627,Connecticut,2020-12-01,1819.771
3628,District of Columbia,2020-12-01,377.139
3629,Delaware,2020-12-01,489.83
3630,Florida,2020-12-01,10092.467
3631,Georgia,2020-12-01,5177.787
3632,Hawaii,2020-12-01,665.803
3633,Iowa,2020-12-01,1654.872
3634,Idaho,2020-12-01,914.166
3635,Illinois,2020-12-01,6287.051
3636,Indiana,2020-12-01,3352.059
3637,Kansas,2020-12-01,1506.105
3638,Kentucky,2020-12-01,2001.059
3639,Louisiana,2020-12-01,2053.751
3640,Massachusetts,2020-12-01,3741.382
3641,Maryland,2020-12-01,3182.892
3642,Maine,2020-12-01,676.11
3643,Michigan,2020-12-01,4718.476
3644,Minnesota,2020-12-01,3086.27
3645,Missouri,2020-12-01,3034.882
3646,Mississippi,2020-12-01,1258.11
3647,Montana,2020-12-01,543.566
3648,North Carolina,2020-12-01,4865.981
3649,North Dakota,2020-12-01,407.91
3650,Nebraska,2020-12-01,1039.419
3651,New Hampshire,2020-12-01,756.815
3652,New Jersey,2020-12-01,4616.267
3653,New Mexico,2020-12-01,934.977
3654,Nevada,2020-12-01,1508.616
3655,New York,2020-12-01,9513.387
3656,Ohio,2020-12-01,5731.408
3657,Oklahoma,2020-12-01,1856.855
3658,Oregon,2020-12-01,2137.37
3659,Pennsylvania,2020-12-01,6492.96
3660,Rhode Island,2020-12-01,570.803
3661,South Carolina,2020-12-01,2360.982
3662,South Dakota,2020-12-01,466.744
3663,Tennessee,2020-12-01,3324.856
3664,Texas,2020-12-01,14146.644
3665,Utah,2020-12-01,1666.498
3666,Virginia,2020-12-01,4298.543
3667,Vermont,2020-12-01,331.368
3668,Washington,2020-12-01,3853.271
3669,Wisconsin,2020-12-01,3115.844
3670,West Virginia,2020-12-01,772.058
3671,Wyoming,2020-12-01,291.741
3672,Alaska,2021-01-01,346.8
3673,Alabama,2021-01-01,2254.758
3674,Arkansas,2021-01-01,1328.918
3675,Arizona,2021-01-01,3497.439
3676,California,2021-01-01,18763.665
3677,Colorado,2021-01-01,3104.044
3678,Connecticut,2021-01-01,1813.308
3679,District of Columbia,2021-01-01,377.955
3680,Delaware,2021-01-01,493.127
3681,Florida,2021-01-01,10105.097
3682,Georgia,2021-01-01,5189.12
3683,Hawaii,2021-01-01,673.312
3684,Iowa,2021-01-01,1655.861
3685,Idaho,2021-01-01,912.959
3686,Illinois,2021-01-01,6312.351
3687,Indiana,2021-01-01,3352.456
3688,Kansas,2021-01-01,1504.372
3689,Kentucky,2021-01-01,2003.999
3690,Louisiana,2021-01-01,2057.542
3691,Massachusetts,2021-01-01,3732.439
3692,Maryland,2021-01-01,3183.214
3693,Maine,2021-01-01,682.002
3694,Michigan,2021-01-01,4772.367
3695,Minnesota,2021-01-01,3071.24
3696,Missouri,2021-01-01,3035.817
3697,Mississippi,2021-01-01,1261.573
3698,Montana,2021-01-01,542.44
3699,North Carolina,2021-01-01,4873.184
3700,North Dakota,2021-01-01,407.494
3701,Nebraska,2021-01-01,1041.758
3702,New Hampshire,2021-01-01,755.556
3703,New Jersey,2021-01-01,4652.771
3704,New Mexico,2021-01-01,931.915
3705,Nevada,2021-01-01,1503.398
3706,New York,2021-01-01,9564.884
3707,Ohio,2021-01-01,5737.522
3708,Oklahoma,2021-01-01,1862.363
3709,Oregon,2021-01-01,2135.608
3710,Pennsylvania,2021-01-01,6491.48
3711,Rhode Island,2021-01-01,572.702
3712,South Carolina,2021-01-01,2361.738
3713,South Dakota,2021-01-01,466.0
3714,Tennessee,2021-01-01,3332.13
3715,Texas,2021-01-01,14197.617
3716,Utah,2021-01-01,1669.577
3717,Virginia,2021-01-01,4299.365
3718,Vermont,2021-01-01,331.327
3719,Washington,2021-01-01,3860.829
3720,Wisconsin,2021-01-01,3106.354
3721,West Virginia,2021-01-01,773.631
3722,Wyoming,2021-01-01,289.924
3723,Alaska,2021-02-01,347.748
3724,Alabama,2021-02-01,2250.796
3725,Arkansas,2021-02-01,1328.912
3726,Arizona,2021-02-01,3502.838
3727,California,2021-02-01,18803.302
3728,Colorado,2021-02-01,3113.725
3729,Connecticut,2021-02-01,1810.438
3730,District of Columbia,2021-02-01,376.629
3731,Delaware,2021-02-01,494.603
3732,Florida,2021-02-01,10128.243
3733,Georgia,2021-02-01,5183.984
3734,Hawaii,2021-02-01,678.431
3735,Iowa,2021-02-01,1660.122
3736,Idaho,2021-02-01,915.043
3737,Illinois,2021-02-01,6319.025
3738,Indiana,2021-02-01,3348.384
3739,Kansas,2021-02-01,1502.973
3740,Kentucky,2021-02-01,2006.284
3741,Louisiana,2021-02-01,2057.436
3742,Massachusetts,2021-02-01,3728.472
3743,Maryland,2021-02-01,3175.99
3744,Maine,2021-02-01,685.895
3745,Michigan,2021-02-01,4757.958
3746,Minnesota,2021-02-01,3055.7
3747,Missouri,2021-02-01,3035.72
3748,Mississippi,2021-02-01,1261.262
3749,Montana,2021-02-01,542.687
3750,North Carolina,2021-02-01,4873.283
3751,North Dakota,2021-02-01,407.36
3752,Nebraska,2021-02-01,1042.254
3753,New Hampshire,2021-02-01,754.645
3754,New Jersey,2021-02-01,4661.369
3755,New Mexico,2021-02-01,932.772
3756,Nevada,2021-02-01,1502.587
3757,New York,2021-02-01,9567.436
3758,Ohio,2021-02-01,5734.668
3759,Oklahoma,2021-02-01,1862.689
3760,Oregon,2021-02-01,2137.529
3761,Pennsylvania,2021-02-01,6475.772
3762,Rhode Island,2021-02-01,573.659
3763,South Carolina,2021-02-01,2361.276
3764,South Dakota,2021-02-01,466.536
3765,Tennessee,2021-02-01,3325.92
3766,Texas,2021-02-01,14215.983
3767,Utah,2021-02-01,1671.868
3768,Virginia,2021-02-01,4298.762
3769,Vermont,2021-02-01,332.053
3770,Washington,2021-02-01,3863.282
3771,Wisconsin,2021-02-01,3106.137
3772,West Virginia,2021-02-01,772.789
3773,Wyoming,2021-02-01,289.472
3774,Alaska,2021-03-01,348.755
3775,Alabama,2021-03-01,2249.183
3776,Arkansas,2021-03-01,1329.997
3777,Arizona,2021-03-01,3507.832
3778,California,2021-03-01,18871.089
3779,Colorado,2021-03-01,3121.205
3780,Connecticut,2021-03-01,1808.904
3781,District of Columbia,2021-03-01,376.956
3782,Delaware,2021-03-01,496.123
3783,Florida,2021-03-01,10168.684
3784,Georgia,2021-03-01,5184.856
3785,Hawaii,2021-03-01,679.258
3786,Iowa,2021-03-01,1665.807
3787,Idaho,2021-03-01,916.954
3788,Illinois,2021-03-01,6331.308
3789,Indiana,2021-03-01,3347.419
3790,Kansas,2021-03-01,1503.063
3791,Kentucky,2021-03-01,2010.171
3792,Louisiana,2021-03-01,2059.407
3793,Massachusetts,2021-03-01,3730.088
3794,Maryland,2021-03-01,3175.455
3795,Maine,2021-03-01,688.862
3796,Michigan,2021-03-01,4752.272
3797,Minnesota,2021-03-01,3047.382
3798,Missouri,2021-03-01,3037.23
3799,Mississippi,2021-03-01,1262.028
3800,Montana,2021-03-01,543.399
3801,North Carolina,2021-03-01,4877.348
3802,North Dakota,2021-03-01,407.557
3803,Nebraska,2021-03-01,1043.184
3804,New Hampshire,2021-03-01,754.29
3805,New Jersey,2021-03-01,4668.964
3806,New Mexico,2021-03-01,933.552
3807,Nevada,2021-03-01,1501.449
3808,New York,2021-03-01,9572.842
3809,Ohio,2021-03-01,5737.031
3810,Oklahoma,2021-03-01,1864.425
3811,Oregon,2021-03-01,2141.052
3812,Pennsylvania,2021-03-01,6464.392
3813,Rhode Island,2021-03-01,574.588
3814,South Carolina,2021-03-01,2363.497
3815,South Dakota,2021-03-01,467.282
3816,Tennessee,2021-03-01,3322.826
3817,Texas,2021-03-01,14243.338
3818,Utah,2021-03-01,1674.841
3819,Virginia,2021-03-01,4303.699
3820,Vermont,2021-03-01,333.038
3821,Washington,2021-03-01,3869.081
3822,Wisconsin,2021-03-01,3107.6
3823,West Virginia,2021-03-01,772.808
3824,Wyoming,2021-03-01,289.167
3825,Alaska,2021-04-01,349.654
3826,Alabama,2021-04-01,2250.078
3827,Arkansas,2021-04-01,1330.963
3828,Arizona,2021-04-01,3513.511
3829,California,2021-04-01,18953.854
3830,Colorado,2021-04-01,3132.85
3831,Connecticut,2021-04-01,1809.856
3832,District of Columbia,2021-04-01,378.365
3833,Delaware,2021-04-01,497.291
3834,Florida,2021-04-01,10214.011
3835,Georgia,2021-04-01,5188.316
3836,Hawaii,2021-04-01,679.398
3837,Iowa,2021-04-01,1672.106
3838,Idaho,2021-04-01,919.157
3839,Illinois,2021-04-01,6348.41
3840,Indiana,2021-04-01,3348.883
3841,Kansas,2021-04-01,1504.49
3842,Kentucky,2021-04-01,2014.19
3843,Louisiana,2021-04-01,2062.219
3844,Massachusetts,2021-04-01,3739.27
3845,Maryland,2021-04-01,3176.342
3846,Maine,2021-04-01,691.417
3847,Michigan,2021-04-01,4755.581
3848,Minnesota,2021-04-01,3045.401
3849,Missouri,2021-04-01,3038.838
3850,Mississippi,2021-04-01,1262.478
3851,Montana,2021-04-01,544.55
3852,North Carolina,2021-04-01,4881.48
3853,North Dakota,2021-04-01,407.844
3854,Nebraska,2021-04-01,1044.318
3855,New Hampshire,2021-04-01,754.456
3856,New Jersey,2021-04-01,4680.821
3857,New Mexico,2021-04-01,936.838
3858,Nevada,2021-04-01,1502.277
3859,New York,2021-04-01,9589.109
3860,Ohio,2021-04-01,5743.37
3861,Oklahoma,2021-04-01,1866.672
3862,Oregon,2021-04-01,2144.236
3863,Pennsylvania,2021-04-01,6458.242
3864,Rhode Island,2021-04-01,576.149
3865,South Carolina,2021-04-01,2367.23
3866,South Dakota,2021-04-01,468.139
3867,Tennessee,2021-04-01,3324.691
3868,Texas,2021-04-01,14278.926
3869,Utah,2021-04-01,1678.934
3870,Virginia,2021-04-01,4309.375
3871,Vermont,2021-04-01,334.034
3872,Washington,2021-04-01,3877.141
3873,Wisconsin,2021-04-01,3110.624
3874,West Virginia,2021-04-01,773.29
3875,Wyoming,2021-04-01,288.944
3876,Alaska,2021-05-01,349.824
3877,Alabama,2021-05-01,2249.304
3878,Arkansas,2021-05-01,1331.155
3879,Arizona,2021-05-01,3516.676
3880,California,2021-05-01,18991.064
3881,Colorado,2021-05-01,3138.61
3882,Connecticut,2021-05-01,1807.48
3883,District of Columbia,2021-05-01,380.36
3884,Delaware,2021-05-01,497.769
3885,Florida,2021-05-01,10257.231
3886,Georgia,2021-05-01,5192.208
3887,Hawaii,2021-05-01,677.084
3888,Iowa,2021-05-01,1677.258
3889,Idaho,2021-05-01,920.988
3890,Illinois,2021-05-01,6361.175
3891,Indiana,2021-05-01,3348.536
3892,Kansas,2021-05-01,1505.598
3893,Kentucky,2021-05-01,2017.224
3894,Louisiana,2021-05-01,2063.262
3895,Massachusetts,2021-05-01,3742.276
3896,Maryland,2021-05-01,3176.782
3897,Maine,2021-05-01,691.78
3898,Michigan,2021-05-01,4760.327
3899,Minnesota,2021-05-01,3044.678
3900,Missouri,2021-05-01,3038.881
3901,Mississippi,2021-05-01,1262.799
3902,Montana,2021-05-01,545.336
3903,North Carolina,2021-05-01,4884.699
3904,North Dakota,2021-05-01,407.962
3905,Nebraska,2021-05-01,1045.142
3906,New Hampshire,2021-05-01,753.961
3907,New Jersey,2021-05-01,4679.443
3908,New Mexico,2021-05-01,938.282
3909,Nevada,2021-05-01,1501.49
3910,New York,2021-05-01,9583.194
3911,Ohio,2021-05-01,5746.962
3912,Oklahoma,2021-05-01,1868.128
3913,Oregon,2021-05-01,2143.176
3914,Pennsylvania,2021-05-01,6451.234
3915,Rhode Island,2021-05-01,576.302
3916,South Carolina,2021-05-01,2370.98
3917,South Dakota,2021-05-01,468.82
3918,Tennessee,2021-05-01,3328.13
3919,Texas,2021-05-01,14311.166
3920,Utah,2021-05-01,1682.606
3921,Virginia,2021-05-01,4314.973
3922,Vermont,2021-05-01,334.778
3923,Washington,2021-05-01,3884.28
3924,Wisconsin,2021-05-01,3112.287
3925,West Virginia,2021-05-01,773.854
3926,Wyoming,2021-05-01,288.55
3927,Alaska,2021-06-01,350.742
3928,Alabama,2021-06-01,2248.031
3929,Arkansas,2021-06-01,1331.297
3930,Arizona,2021-06-01,3518.507
3931,California,2021-06-01,19080.789
3932,Colorado,2021-06-01,3149.104
3933,Connecticut,2021-06-01,1829.853
3934,District of Columbia,2021-06-01,383.219
3935,Delaware,2021-06-01,497.85
3936,Florida,2021-06-01,10311.274
3937,Georgia,2021-06-01,5195.572
3938,Hawaii,2021-06-01,676.611
3939,Iowa,2021-06-01,1681.621
3940,Idaho,2021-06-01,922.941
3941,Illinois,2021-06-01,6374.986
3942,Indiana,2021-06-01,3346.692
3943,Kansas,2021-06-01,1506.197
3944,Kentucky,2021-06-01,2019.82
3945,Louisiana,2021-06-01,2065.027
3946,Massachusetts,2021-06-01,3751.275
3947,Maryland,2021-06-01,3182.015
3948,Maine,2021-06-01,692.938
3949,Michigan,2021-06-01,4768.845
3950,Minnesota,2021-06-01,3044.021
3951,Missouri,2021-06-01,3039.152
3952,Mississippi,2021-06-01,1262.657
3953,Montana,2021-06-01,545.926
3954,North Carolina,2021-06-01,4917.138
3955,North Dakota,2021-06-01,408.053
3956,Nebraska,2021-06-01,1045.858
3957,New Hampshire,2021-06-01,753.51
3958,New Jersey,2021-06-01,4698.261
3959,New Mexico,2021-06-01,941.863
3960,Nevada,2021-06-01,1501.611
3961,New York,2021-06-01,9617.457
3962,Ohio,2021-06-01,5748.415
3963,Oklahoma,2021-06-01,1868.537
3964,Oregon,2021-06-01,2143.109
3965,Pennsylvania,2021-06-01,6447.826
3966,Rhode Island,2021-06-01,577.745
3967,South Carolina,2021-06-01,2374.071
3968,South Dakota,2021-06-01,469.389
3969,Tennessee,2021-06-01,3332.995
3970,Texas,2021-06-01,14361.525
3971,Utah,2021-06-01,1686.163
3972,Virginia,2021-06-01,4318.583
3973,Vermont,2021-06-01,335.242
3974,Washington,2021-06-01,3893.915
3975,Wisconsin,2021-06-01,3112.515
3976,West Virginia,2021-06-01,774.399
3977,Wyoming,2021-06-01,288.045
3978,Alaska,2021-07-01,350.765
3979,Alabama,2021-07-01,2246.908
3980,Arkansas,2021-07-01,1330.286
3981,Arizona,2021-07-01,3517.406
3982,California,2021-07-01,19078.07
3983,Colorado,2021-07-01,3151.572
3984,Connecticut,2021-07-01,1846.097
3985,District of Columbia,2021-07-01,384.754
3986,Delaware,2021-07-01,497.009
3987,Florida,2021-07-01,10339.188
3988,Georgia,2021-07-01,5194.512
3989,Hawaii,2021-07-01,673.093
3990,Iowa,2021-07-01,1683.176
3991,Idaho,2021-07-01,924.589
3992,Illinois,2021-07-01,6377.404
3993,Indiana,2021-07-01,3341.023
3994,Kansas,2021-07-01,1505.001
3995,Kentucky,2021-07-01,2022.338
3996,Louisiana,2021-07-01,2061.289
3997,Massachusetts,2021-07-01,3750.6
3998,Maryland,2021-07-01,3176.297
3999,Maine,2021-07-01,691.944
4000,Michigan,2021-07-01,4773.185
4001,Minnesota,2021-07-01,3041.503
4002,Missouri,2021-07-01,3037.337
4003,Mississippi,2021-07-01,1261.401
4004,Montana,2021-07-01,546.283
4005,North Carolina,2021-07-01,4944.212
4006,North Dakota,2021-07-01,408.013
4007,Nebraska,2021-07-01,1046.24
4008,New Hampshire,2021-07-01,752.296
4009,New Jersey,2021-07-01,4689.232
4010,New Mexico,2021-07-01,942.607
4011,Nevada,2021-07-01,1499.502
4012,New York,2021-07-01,9603.748
4013,Ohio,2021-07-01,5744.146
4014,Oklahoma,2021-07-01,1866.863
4015,Oregon,2021-07-01,2138.081
4016,Pennsylvania,2021-07-01,6438.156
4017,Rhode Island,2021-07-01,577.421
4018,South Carolina,2021-07-01,2374.864
4019,South Dakota,2021-07-01,469.658
4020,Tennessee,2021-07-01,3335.277
4021,Texas,2021-07-01,14384.13
4022,Utah,2021-07-01,1688.937
4023,Virginia,2021-07-01,4318.194
4024,Vermont,2021-07-01,335.369
4025,Washington,2021-07-01,3898.468
4026,Wisconsin,2021-07-01,3108.625
4027,West Virginia,2021-07-01,774.242
4028,Wyoming,2021-07-01,287.357
4029,Alaska,2021-08-01,351.481
4030,Alabama,2021-08-01,2246.919
4031,Arkansas,2021-08-01,1330.255
4032,Arizona,2021-08-01,3515.955
4033,California,2021-08-01,19103.848
4034,Colorado,2021-08-01,3153.883
4035,Connecticut,2021-08-01,1863.955
4036,District of Columbia,2021-08-01,386.391
4037,Delaware,2021-08-01,496.379
4038,Florida,2021-08-01,10375.23
4039,Georgia,2021-08-01,5194.295
4040,Hawaii,2021-08-01,670.383
4041,Iowa,2021-08-01,1683.118
4042,Idaho,2021-08-01,926.352
4043,Illinois,2021-08-01,6382.608
4044,Indiana,2021-08-01,3335.263
4045,Kansas,2021-08-01,1503.074
4046,Kentucky,2021-08-01,2025.839
4047,Louisiana,2021-08-01,2058.289
4048,Massachusetts,2021-08-01,3751.424
4049,Maryland,2021-08-01,3175.701
4050,Maine,2021-08-01,691.536
4051,Michigan,2021-08-01,4779.014
4052,Minnesota,2021-08-01,3041.242
4053,Missouri,2021-08-01,3036.177
4054,Mississippi,2021-08-01,1260.453
4055,Montana,2021-08-01,546.878
4056,North Carolina,2021-08-01,4975.077
4057,North Dakota,2021-08-01,408.207
4058,Nebraska,2021-08-01,1046.772
4059,New Hampshire,2021-08-01,751.317
4060,New Jersey,2021-08-01,4688.53
4061,New Mexico,2021-08-01,943.521
4062,Nevada,2021-08-01,1497.53
4063,New York,2021-08-01,9606.711
4064,Ohio,2021-08-01,5739.198
4065,Oklahoma,2021-08-01,1864.938
4066,Oregon,2021-08-01,2135.742
4067,Pennsylvania,2021-08-01,6427.572
4068,Rhode Island,2021-08-01,577.122
4069,South Carolina,2021-08-01,2375.315
4070,South Dakota,2021-08-01,469.894
4071,Tennessee,2021-08-01,3336.208
4072,Texas,2021-08-01,14416.529
4073,Utah,2021-08-01,1691.883
4074,Virginia,2021-08-01,4319.842
4075,Vermont,2021-08-01,335.614
4076,Washington,2021-08-01,3902.582
4077,Wisconsin,2021-08-01,3103.236
4078,West Virginia,2021-08-01,774.1
4079,Wyoming,2021-08-01,286.706
4080,Alaska,2021-09-01,352.036
4081,Alabama,2021-09-01,2249.149
4082,Arkansas,2021-09-01,1331.489
4083,Arizona,2021-09-01,3515.857
4084,California,2021-09-01,19092.098
4085,Colorado,2021-09-01,3151.448
4086,Connecticut,2021-09-01,1879.673
4087,District of Columbia,2021-09-01,386.448
4088,Delaware,2021-09-01,495.781
4089,Florida,2021-09-01,10396.51
4090,Georgia,2021-09-01,5195.023
4091,Hawaii,2021-09-01,667.07
4092,Iowa,2021-09-01,1681.46
4093,Idaho,2021-09-01,928.315
4094,Illinois,2021-09-01,6388.352
4095,Indiana,2021-09-01,3331.176
4096,Kansas,2021-09-01,1500.841
4097,Kentucky,2021-09-01,2030.304
4098,Louisiana,2021-09-01,2054.982
4099,Massachusetts,2021-09-01,3750.601
4100,Maryland,2021-09-01,3167.709
4101,Maine,2021-09-01,690.517
4102,Michigan,2021-09-01,4785.077
4103,Minnesota,2021-09-01,3043.247
4104,Missouri,2021-09-01,3034.709
4105,Mississippi,2021-09-01,1260.182
4106,Montana,2021-09-01,547.95
4107,North Carolina,2021-09-01,5004.911
4108,North Dakota,2021-09-01,408.573
4109,Nebraska,2021-09-01,1047.468
4110,New Hampshire,2021-09-01,750.609
4111,New Jersey,2021-09-01,4671.24
4112,New Mexico,2021-09-01,942.304
4113,Nevada,2021-09-01,1495.613
4114,New York,2021-09-01,9586.797
4115,Ohio,2021-09-01,5733.522
4116,Oklahoma,2021-09-01,1863.824
4117,Oregon,2021-09-01,2134.991
4118,Pennsylvania,2021-09-01,6417.348
4119,Rhode Island,2021-09-01,576.047
4120,South Carolina,2021-09-01,2376.058
4121,South Dakota,2021-09-01,470.121
4122,Tennessee,2021-09-01,3337.685
4123,Texas,2021-09-01,14440.57
4124,Utah,2021-09-01,1695.359
4125,Virginia,2021-09-01,4322.146
4126,Vermont,2021-09-01,335.932
4127,Washington,2021-09-01,3904.576
4128,Wisconsin,2021-09-01,3097.429
4129,West Virginia,2021-09-01,774.126
4130,Wyoming,2021-09-01,286.184
4131,Alaska,2021-10-01,353.242
4132,Alabama,2021-10-01,2253.319
4133,Arkansas,2021-10-01,1335.219
4134,Arizona,2021-10-01,3519.583
4135,California,2021-10-01,19126.57
4136,Colorado,2021-10-01,3158.247
4137,Connecticut,2021-10-01,1898.483
4138,District of Columbia,2021-10-01,386.878
4139,Delaware,2021-10-01,496.171
4140,Florida,2021-10-01,10434.373
4141,Georgia,2021-10-01,5202.386
4142,Hawaii,2021-10-01,664.677
4143,Iowa,2021-10-01,1681.679
4144,Idaho,2021-10-01,930.956
4145,Illinois,2021-10-01,6406.269
4146,Indiana,2021-10-01,3332.716
4147,Kansas,2021-10-01,1499.679
4148,Kentucky,2021-10-01,2035.88
4149,Louisiana,2021-10-01,2055.724
4150,Massachusetts,2021-10-01,3754.363
4151,Maryland,2021-10-01,3168.988
4152,Maine,2021-10-01,690.328
4153,Michigan,2021-10-01,4794.381
4154,Minnesota,2021-10-01,3048.544
4155,Missouri,2021-10-01,3037.212
4156,Mississippi,2021-10-01,1261.514
4157,Montana,2021-10-01,549.837
4158,North Carolina,2021-10-01,5040.867
4159,North Dakota,2021-10-01,409.405
4160,Nebraska,2021-10-01,1048.684
4161,New Hampshire,2021-10-01,750.771
4162,New Jersey,2021-10-01,4668.565
4163,New Mexico,2021-10-01,944.038
4164,Nevada,2021-10-01,1496.069
4165,New York,2021-10-01,9597.109
4166,Ohio,2021-10-01,5731.713
4167,Oklahoma,2021-10-01,1865.311
4168,Oregon,2021-10-01,2139.295
4169,Pennsylvania,2021-10-01,6412.753
4170,Rhode Island,2021-10-01,575.33
4171,South Carolina,2021-10-01,2378.927
4172,South Dakota,2021-10-01,470.534
4173,Tennessee,2021-10-01,3342.417
4174,Texas,2021-10-01,14485.343
4175,Utah,2021-10-01,1700.256
4176,Virginia,2021-10-01,4330.225
4177,Vermont,2021-10-01,336.617
4178,Washington,2021-10-01,3909.222
4179,Wisconsin,2021-10-01,3094.18
4180,West Virginia,2021-10-01,774.897
4181,Wyoming,2021-10-01,285.981
4182,Alaska,2021-11-01,354.138
4183,Alabama,2021-11-01,2259.077
4184,Arkansas,2021-11-01,1340.071
4185,Arizona,2021-11-01,3526.604
4186,California,2021-11-01,19146.512
4187,Colorado,2021-11-01,3166.649
4188,Connecticut,2021-11-01,1915.922
4189,District of Columbia,2021-11-01,386.81
4190,Delaware,2021-11-01,497.135
4191,Florida,2021-11-01,10473.602
4192,Georgia,2021-11-01,5213.462
4193,Hawaii,2021-11-01,665.873
4194,Iowa,2021-11-01,1682.858
4195,Idaho,2021-11-01,934.031
4196,Illinois,2021-11-01,6427.458
4197,Indiana,2021-11-01,3339.486
4198,Kansas,2021-11-01,1499.529
4199,Kentucky,2021-11-01,2041.314
4200,Louisiana,2021-11-01,2057.673
4201,Massachusetts,2021-11-01,3757.773
4202,Maryland,2021-11-01,3169.786
4203,Maine,2021-11-01,689.493
4204,Michigan,2021-11-01,4805.185
4205,Minnesota,2021-11-01,3054.164
4206,Missouri,2021-11-01,3039.775
4207,Mississippi,2021-11-01,1263.269
4208,Montana,2021-11-01,552.267
4209,North Carolina,2021-11-01,5078.281
4210,North Dakota,2021-11-01,410.325
4211,Nebraska,2021-11-01,1050.178
4212,New Hampshire,2021-11-01,751.664
4213,New Jersey,2021-11-01,4664.712
4214,New Mexico,2021-11-01,945.892
4215,Nevada,2021-11-01,1497.617
4216,New York,2021-11-01,9608.605
4217,Ohio,2021-11-01,5732.071
4218,Oklahoma,2021-11-01,1869.284
4219,Oregon,2021-11-01,2145.309
4220,Pennsylvania,2021-11-01,6414.162
4221,Rhode Island,2021-11-01,574.426
4222,South Carolina,2021-11-01,2383.725
4223,South Dakota,2021-11-01,471.048
4224,Tennessee,2021-11-01,3349.927
4225,Texas,2021-11-01,14526.003
4226,Utah,2021-11-01,1706.237
4227,Virginia,2021-11-01,4341.173
4228,Vermont,2021-11-01,337.371
4229,Washington,2021-11-01,3914.388
4230,Wisconsin,2021-11-01,3093.411
4231,West Virginia,2021-11-01,776.175
4232,Wyoming,2021-11-01,285.992
4233,Alaska,2021-12-01,355.212
4234,Alabama,2021-12-01,2264.526
4235,Arkansas,2021-12-01,1345.73
4236,Arizona,2021-12-01,3536.177
4237,California,2021-12-01,19209.716
4238,Colorado,2021-12-01,3175.552
4239,Connecticut,2021-12-01,1935.259
4240,District of Columbia,2021-12-01,386.209
4241,Delaware,2021-12-01,498.328
4242,Florida,2021-12-01,10509.204
4243,Georgia,2021-12-01,5226.6
4244,Hawaii,2021-12-01,667.54
4245,Iowa,2021-12-01,1685.832
4246,Idaho,2021-12-01,937.327
4247,Illinois,2021-12-01,6452.871
4248,Indiana,2021-12-01,3350.466
4249,Kansas,2021-12-01,1500.813
4250,Kentucky,2021-12-01,2045.975
4251,Louisiana,2021-12-01,2061.89
4252,Massachusetts,2021-12-01,3763.439
4253,Maryland,2021-12-01,3168.569
4254,Maine,2021-12-01,689.338
4255,Michigan,2021-12-01,4818.651
4256,Minnesota,2021-12-01,3059.365
4257,Missouri,2021-12-01,3042.855
4258,Mississippi,2021-12-01,1265.422
4259,Montana,2021-12-01,554.917
4260,North Carolina,2021-12-01,5115.944
4261,North Dakota,2021-12-01,411.287
4262,Nebraska,2021-12-01,1051.875
4263,New Hampshire,2021-12-01,753.305
4264,New Jersey,2021-12-01,4674.91
4265,New Mexico,2021-12-01,947.946
4266,Nevada,2021-12-01,1500.482
4267,New York,2021-12-01,9643.606
4268,Ohio,2021-12-01,5736.256
4269,Oklahoma,2021-12-01,1875.201
4270,Oregon,2021-12-01,2153.759
4271,Pennsylvania,2021-12-01,6423.5
4272,Rhode Island,2021-12-01,574.102
4273,South Carolina,2021-12-01,2390.34
4274,South Dakota,2021-12-01,471.688
4275,Tennessee,2021-12-01,3361.315
4276,Texas,2021-12-01,14577.227
4277,Utah,2021-12-01,1712.963
4278,Virginia,2021-12-01,4355.333
4279,Vermont,2021-12-01,338.215
4280,Washington,2021-12-01,3922.918
4281,Wisconsin,2021-12-01,3094.716
4282,West Virginia,2021-12-01,777.822
4283,Wyoming,2021-12-01,286.176
4284,Alaska,2022-01-01,355.795
4285,Alabama,2022-01-01,2269.549
4286,Arkansas,2022-01-01,1351.383
4287,Arizona,2022-01-01,3547.509
4288,California,2022-01-01,19254.374
4289,Colorado,2022-01-01,3183.12
4290,Connecticut,2022-01-01,1953.858
4291,District of Columbia,2022-01-01,389.138
4292,Delaware,2022-01-01,499.825
4293,Florida,2022-01-01,10558.488
4294,Georgia,2022-01-01,5240.515
4295,Hawaii,2022-01-01,669.4
4296,Iowa,2022-01-01,1689.683
4297,Idaho,2022-01-01,940.771
4298,Illinois,2022-01-01,6474.832
4299,Indiana,2022-01-01,3362.806
4300,Kansas,2022-01-01,1503.162
4301,Kentucky,2022-01-01,2049.306
4302,Louisiana,2022-01-01,2068.669
4303,Massachusetts,2022-01-01,3772.725
4304,Maryland,2022-01-01,3176.774
4305,Maine,2022-01-01,688.985
4306,Michigan,2022-01-01,4834.211
4307,Minnesota,2022-01-01,3064.825
4308,Missouri,2022-01-01,3044.464
4309,Mississippi,2022-01-01,1267.029
4310,Montana,2022-01-01,557.375
4311,North Carolina,2022-01-01,5156.083
4312,North Dakota,2022-01-01,412.08
4313,Nebraska,2022-01-01,1053.514
4314,New Hampshire,2022-01-01,755.481
4315,New Jersey,2022-01-01,4697.367
4316,New Mexico,2022-01-01,949.647
4317,Nevada,2022-01-01,1511.821
4318,New York,2022-01-01,9660.517
4319,Ohio,2022-01-01,5743.84
4320,Oklahoma,2022-01-01,1881.995
4321,Oregon,2022-01-01,2160.609
4322,Pennsylvania,2022-01-01,6439.522
4323,Rhode Island,2022-01-01,574.68
4324,South Carolina,2022-01-01,2398.479
4325,South Dakota,2022-01-01,472.375
4326,Tennessee,2022-01-01,3374.695
4327,Texas,2022-01-01,14629.668
4328,Utah,2022-01-01,1720.18
4329,Virginia,2022-01-01,4371.563
4330,Vermont,2022-01-01,339.019
4331,Washington,2022-01-01,3933.727
4332,Wisconsin,2022-01-01,3096.977
4333,West Virginia,2022-01-01,779.86
4334,Wyoming,2022-01-01,287.331
4335,Alaska,2022-02-01,355.536
4336,Alabama,2022-02-01,2273.555
4337,Arkansas,2022-02-01,1356.01
4338,Arizona,2022-02-01,3558.566
4339,California,2022-02-01,19255.349
4340,Colorado,2022-02-01,3184.161
4341,Connecticut,2022-02-01,1949.883
4342,District of Columbia,2022-02-01,390.752
4343,Delaware,2022-02-01,500.546
4344,Florida,2022-02-01,10589.342
4345,Georgia,2022-02-01,5252.498
4346,Hawaii,2022-02-01,671.206
4347,Iowa,2022-02-01,1693.512
4348,Idaho,2022-02-01,943.93
4349,Illinois,2022-02-01,6487.111
4350,Indiana,2022-02-01,3373.518
4351,Kansas,2022-02-01,1505.801
4352,Kentucky,2022-02-01,2050.851
4353,Louisiana,2022-02-01,2073.273
4354,Massachusetts,2022-02-01,3777.769
4355,Maryland,2022-02-01,3177.003
4356,Maine,2022-02-01,687.931
4357,Michigan,2022-02-01,4847.668
4358,Minnesota,2022-02-01,3067.292
4359,Missouri,2022-02-01,3044.868
4360,Mississippi,2022-02-01,1267.85
4361,Montana,2022-02-01,559.198
4362,North Carolina,2022-02-01,5165.612
4363,North Dakota,2022-02-01,412.602
4364,Nebraska,2022-02-01,1054.848
4365,New Hampshire,2022-02-01,757.651
4366,New Jersey,2022-02-01,4709.911
4367,New Mexico,2022-02-01,948.925
4368,Nevada,2022-02-01,1522.946
4369,New York,2022-02-01,9661.992
4370,Ohio,2022-02-01,5751.648
4371,Oklahoma,2022-02-01,1887.969
4372,Oregon,2022-02-01,2163.086
4373,Pennsylvania,2022-02-01,6457.369
4374,Rhode Island,2022-02-01,575.08
4375,South Carolina,2022-02-01,2405.966
4376,South Dakota,2022-02-01,473.032
4377,Tennessee,2022-02-01,3386.646
4378,Texas,2022-02-01,14662.35
4379,Utah,2022-02-01,1727.023
4380,Virginia,2022-02-01,4386.806
4381,Vermont,2022-02-01,339.856
4382,Washington,2022-02-01,3944.953
4383,Wisconsin,2022-02-01,3097.957
4384,West Virginia,2022-02-01,781.583
4385,Wyoming,2022-02-01,288.412
4386,Alaska,2022-03-01,355.094
4387,Alabama,2022-03-01,2276.562
4388,Arkansas,2022-03-01,1359.248
4389,Arizona,2022-03-01,3568.534
4390,California,2022-03-01,19249.837
4391,Colorado,2022-03-01,3182.622
4392,Connecticut,2022-03-01,1945.258
4393,District of Columbia,2022-03-01,392.327
4394,Delaware,2022-03-01,500.895
4395,Florida,2022-03-01,10619.534
4396,Georgia,2022-03-01,5261.206
4397,Hawaii,2022-03-01,672.937
4398,Iowa,2022-03-01,1696.26
4399,Idaho,2022-03-01,946.565
4400,Illinois,2022-03-01,6492.868
4401,Indiana,2022-03-01,3382.079
4402,Kansas,2022-03-01,1508.115
4403,Kentucky,2022-03-01,2051.037
4404,Louisiana,2022-03-01,2075.753
4405,Massachusetts,2022-03-01,3780.33
4406,Maryland,2022-03-01,3176.515
4407,Maine,2022-03-01,686.739
4408,Michigan,2022-03-01,4857.31
4409,Minnesota,2022-03-01,3067.197
4410,Missouri,2022-03-01,3044.563
4411,Mississippi,2022-03-01,1267.672
4412,Montana,2022-03-01,560.358
4413,North Carolina,2022-03-01,5173.81
4414,North Dakota,2022-03-01,412.844
4415,Nebraska,2022-03-01,1055.798
4416,New Hampshire,2022-03-01,759.511
4417,New Jersey,2022-03-01,4723.29
4418,New Mexico,2022-03-01,947.237
4419,Nevada,2022-03-01,1533.485
4420,New York,2022-03-01,9665.26
4421,Ohio,2022-03-01,5758.056
4422,Oklahoma,2022-03-01,1892.576
4423,Oregon,2022-03-01,2163.284
4424,Pennsylvania,2022-03-01,6472.892
4425,Rhode Island,2022-03-01,575.588
4426,South Carolina,2022-03-01,2411.599
4427,South Dakota,2022-03-01,473.61
4428,Tennessee,2022-03-01,3394.047
4429,Texas,2022-03-01,14690.159
4430,Utah,2022-03-01,1732.912
4431,Virginia,2022-03-01,4398.701
4432,Vermont,2022-03-01,340.628
4433,Washington,2022-03-01,3955.453
4434,Wisconsin,2022-03-01,3096.865
4435,West Virginia,2022-03-01,782.655
4436,Wyoming,2022-03-01,289.367
4437,Alaska,2022-04-01,354.78
4438,Alabama,2022-04-01,2278.366
4439,Arkansas,2022-04-01,1361.554
4440,Arizona,2022-04-01,3577.18
4441,California,2022-04-01,19265.425
4442,Colorado,2022-04-01,3183.152
4443,Connecticut,2022-04-01,1941.211
4444,District of Columbia,2022-04-01,393.953
4445,Delaware,2022-04-01,500.857
4446,Florida,2022-04-01,10648.887
4447,Georgia,2022-04-01,5267.209
4448,Hawaii,2022-04-01,674.714
4449,Iowa,2022-04-01,1698.142
4450,Idaho,2022-04-01,948.704
4451,Illinois,2022-04-01,6495.594
4452,Indiana,2022-04-01,3388.59
4453,Kansas,2022-04-01,1509.698
4454,Kentucky,2022-04-01,2050.755
4455,Louisiana,2022-04-01,2077.081
4456,Massachusetts,2022-04-01,3784.185
4457,Maryland,2022-04-01,3177.623
4458,Maine,2022-04-01,686.097
4459,Michigan,2022-04-01,4862.59
4460,Minnesota,2022-04-01,3066.466
4461,Missouri,2022-04-01,3044.673
4462,Mississippi,2022-04-01,1266.921
4463,Montana,2022-04-01,561.134
4464,North Carolina,2022-04-01,5181.154
4465,North Dakota,2022-04-01,412.896
4466,Nebraska,2022-04-01,1056.395
4467,New Hampshire,2022-04-01,761.013
4468,New Jersey,2022-04-01,4742.255
4469,New Mexico,2022-04-01,946.692
4470,Nevada,2022-04-01,1543.627
4471,New York,2022-04-01,9676.884
4472,Ohio,2022-04-01,5763.749
4473,Oklahoma,2022-04-01,1895.881
4474,Oregon,2022-04-01,2163.269
4475,Pennsylvania,2022-04-01,6484.052
4476,Rhode Island,2022-04-01,576.475
4477,South Carolina,2022-04-01,2415.245
4478,South Dakota,2022-04-01,474.045
4479,Tennessee,2022-04-01,3396.491
4480,Texas,2022-04-01,14723.318
4481,Utah,2022-04-01,1737.834
4482,Virginia,2022-04-01,4408.389
4483,Vermont,2022-04-01,341.413
4484,Washington,2022-04-01,3965.087
4485,Wisconsin,2022-04-01,3094.099
4486,West Virginia,2022-04-01,782.923
4487,Wyoming,2022-04-01,290.26
4488,Alaska,2022-05-01,354.346
4489,Alabama,2022-05-01,2279.789
4490,Arkansas,2022-05-01,1362.848
4491,Arizona,2022-05-01,3584.524
4492,California,2022-05-01,19259.838
4493,Colorado,2022-05-01,3182.793
4494,Connecticut,2022-05-01,1935.533
4495,District of Columbia,2022-05-01,395.507
4496,Delaware,2022-05-01,500.638
4497,Florida,2022-05-01,10678.789
4498,Georgia,2022-05-01,5269.761
4499,Hawaii,2022-05-01,676.027
4500,Iowa,2022-05-01,1699.221
4501,Idaho,2022-05-01,950.401
4502,Illinois,2022-05-01,6493.141
4503,Indiana,2022-05-01,3393.023
4504,Kansas,2022-05-01,1510.505
4505,Kentucky,2022-05-01,2050.381
4506,Louisiana,2022-05-01,2076.524
4507,Massachusetts,2022-05-01,3786.85
4508,Maryland,2022-05-01,3178.65
4509,Maine,2022-05-01,685.157
4510,Michigan,2022-05-01,4863.799
4511,Minnesota,2022-05-01,3066.609
4512,Missouri,2022-05-01,3044.533
4513,Mississippi,2022-05-01,1265.421
4514,Montana,2022-05-01,561.786
4515,North Carolina,2022-05-01,5188.118
4516,North Dakota,2022-05-01,412.767
4517,Nebraska,2022-05-01,1056.723
4518,New Hampshire,2022-05-01,762.105
4519,New Jersey,2022-05-01,4756.383
4520,New Mexico,2022-05-01,946.212
4521,Nevada,2022-05-01,1552.977
4522,New York,2022-05-01,9678.221
4523,Ohio,2022-05-01,5768.071
4524,Oklahoma,2022-05-01,1898.185
4525,Oregon,2022-05-01,2163.194
4526,Pennsylvania,2022-05-01,6490.041
4527,Rhode Island,2022-05-01,577.2
4528,South Carolina,2022-05-01,2417.832
4529,South Dakota,2022-05-01,474.303
4530,Tennessee,2022-05-01,3395.065
4531,Texas,2022-05-01,14752.43
4532,Utah,2022-05-01,1741.971
4533,Virginia,2022-05-01,4415.209
4534,Vermont,2022-05-01,341.967
4535,Washington,2022-05-01,3970.848
4536,Wisconsin,2022-05-01,3090.583
4537,West Virginia,2022-05-01,782.471
4538,Wyoming,2022-05-01,291.101
4539,Alaska,2022-06-01,353.825
4540,Alabama,2022-06-01,2279.928
4541,Arkansas,2022-06-01,1363.699
4542,Arizona,2022-06-01,3590.702
4543,California,2022-06-01,19261.014
4544,Colorado,2022-06-01,3179.813
4545,Connecticut,2022-06-01,1928.164
4546,District of Columbia,2022-06-01,396.633
4547,Delaware,2022-06-01,500.323
4548,Florida,2022-06-01,10705.386
4549,Georgia,2022-06-01,5271.088
4550,Hawaii,2022-06-01,677.302
4551,Iowa,2022-06-01,1700.296
4552,Idaho,2022-06-01,951.66
4553,Illinois,2022-06-01,6488.543
4554,Indiana,2022-06-01,3395.306
4555,Kansas,2022-06-01,1510.65
4556,Kentucky,2022-06-01,2049.623
4557,Louisiana,2022-06-01,2074.632
4558,Massachusetts,2022-06-01,3787.614
4559,Maryland,2022-06-01,3179.879
4560,Maine,2022-06-01,683.924
4561,Michigan,2022-06-01,4862.146
4562,Minnesota,2022-06-01,3067.508
4563,Missouri,2022-06-01,3046.111
4564,Mississippi,2022-06-01,1263.739
4565,Montana,2022-06-01,562.3
4566,North Carolina,2022-06-01,5193.323
4567,North Dakota,2022-06-01,412.643
4568,Nebraska,2022-06-01,1056.791
4569,New Hampshire,2022-06-01,762.686
4570,New Jersey,2022-06-01,4772.837
4571,New Mexico,2022-06-01,945.059
4572,Nevada,2022-06-01,1561.848
4573,New York,2022-06-01,9680.247
4574,Ohio,2022-06-01,5770.525
4575,Oklahoma,2022-06-01,1899.903
4576,Oregon,2022-06-01,2163.012
4577,Pennsylvania,2022-06-01,6490.585
4578,Rhode Island,2022-06-01,577.589
4579,South Carolina,2022-06-01,2419.967
4580,South Dakota,2022-06-01,474.367
4581,Tennessee,2022-06-01,3390.967
4582,Texas,2022-06-01,14773.129
4583,Utah,2022-06-01,1745.362
4584,Virginia,2022-06-01,4421.587
4585,Vermont,2022-06-01,342.381
4586,Washington,2022-06-01,3975.735
4587,Wisconsin,2022-06-01,3087.369
4588,West Virginia,2022-06-01,781.618
4589,Wyoming,2022-06-01,291.912
4590,Alaska,2022-07-01,353.048
4591,Alabama,2022-07-01,2279.498
4592,Arkansas,2022-07-01,1364.354
4593,Arizona,2022-07-01,3595.914
4594,California,2022-07-01,19243.485
4595,Colorado,2022-07-01,3175.308
4596,Connecticut,2022-07-01,1919.657
4597,District of Columbia,2022-07-01,397.094
4598,Delaware,2022-07-01,499.999
4599,Florida,2022-07-01,10725.323
4600,Georgia,2022-07-01,5272.542
4601,Hawaii,2022-07-01,678.117
4602,Iowa,2022-07-01,1701.417
4603,Idaho,2022-07-01,952.513
4604,Illinois,2022-07-01,6482.06
4605,Indiana,2022-07-01,3395.851
4606,Kansas,2022-07-01,1510.588
4607,Kentucky,2022-07-01,2047.993
4608,Louisiana,2022-07-01,2071.904
4609,Massachusetts,2022-07-01,3785.446
4610,Maryland,2022-07-01,3178.815
4611,Maine,2022-07-01,682.43
4612,Michigan,2022-07-01,4859.926
4613,Minnesota,2022-07-01,3068.775
4614,Missouri,2022-07-01,3048.602
4615,Mississippi,2022-07-01,1261.411
4616,Montana,2022-07-01,562.596
4617,North Carolina,2022-07-01,5195.572
4618,North Dakota,2022-07-01,412.558
4619,Nebraska,2022-07-01,1056.737
4620,New Hampshire,2022-07-01,762.758
4621,New Jersey,2022-07-01,4784.248
4622,New Mexico,2022-07-01,943.238
4623,Nevada,2022-07-01,1570.192
4624,New York,2022-07-01,9671.387
4625,Ohio,2022-07-01,5770.117
4626,Oklahoma,2022-07-01,1901.613
4627,Oregon,2022-07-01,2161.284
4628,Pennsylvania,2022-07-01,6487.01
4629,Rhode Island,2022-07-01,577.466
4630,South Carolina,2022-07-01,2422.008
4631,South Dakota,2022-07-01,474.329
4632,Tennessee,2022-07-01,3384.846
4633,Texas,2022-07-01,14784.87
4634,Utah,2022-07-01,1748.173
4635,Virginia,2022-07-01,4428.655
4636,Vermont,2022-07-01,342.653
4637,Washington,2022-07-01,3978.87
4638,Wisconsin,2022-07-01,3085.046
4639,West Virginia,2022-07-01,780.766
4640,Wyoming,2022-07-01,292.661
4641,Alaska,2022-08-01,352.219
4642,Alabama,2022-08-01,2278.864
4643,Arkansas,2022-08-01,1365.064
4644,Arizona,2022-08-01,3600.726
4645,California,2022-08-01,19212.192
4646,Colorado,2022-08-01,3170.45
4647,Connecticut,2022-08-01,1911.203
4648,District of Columbia,2022-08-01,397.403
4649,Delaware,2022-08-01,499.845
4650,Florida,2022-08-01,10744.025
4651,Georgia,2022-08-01,5275.067
4652,Hawaii,2022-08-01,678.396
4653,Iowa,2022-08-01,1702.684
4654,Idaho,2022-08-01,953.146
4655,Illinois,2022-08-01,6473.833
4656,Indiana,2022-08-01,3395.451
4657,Kansas,2022-08-01,1510.904
4658,Kentucky,2022-08-01,2045.924
4659,Louisiana,2022-08-01,2069.911
4660,Massachusetts,2022-08-01,3785.403
4661,Maryland,2022-08-01,3180.955
4662,Maine,2022-08-01,681.064
4663,Michigan,2022-08-01,4860.405
4664,Minnesota,2022-08-01,3070.499
4665,Missouri,2022-08-01,3051.755
4666,Mississippi,2022-08-01,1258.634
4667,Montana,2022-08-01,562.823
4668,North Carolina,2022-08-01,5197.059
4669,North Dakota,2022-08-01,412.602
4670,Nebraska,2022-08-01,1056.708
4671,New Hampshire,2022-08-01,762.598
4672,New Jersey,2022-08-01,4795.054
4673,New Mexico,2022-08-01,941.296
4674,Nevada,2022-08-01,1578.483
4675,New York,2022-08-01,9657.851
4676,Ohio,2022-08-01,5768.252
4677,Oklahoma,2022-08-01,1904.026
4678,Oregon,2022-08-01,2158.296
4679,Pennsylvania,2022-08-01,6482.933
4680,Rhode Island,2022-08-01,577.247
4681,South Carolina,2022-08-01,2424.658
4682,South Dakota,2022-08-01,474.304
4683,Tennessee,2022-08-01,3378.037
4684,Texas,2022-08-01,14792.376
4685,Utah,2022-08-01,1750.958
4686,Virginia,2022-08-01,4437.07
4687,Vermont,2022-08-01,342.878
4688,Washington,2022-08-01,3980.907
4689,Wisconsin,2022-08-01,3083.891
4690,West Virginia,2022-08-01,780.259
4691,Wyoming,2022-08-01,293.414
4692,Alaska,2022-09-01,352.53
4693,Alabama,2022-09-01,2278.036
4694,Arkansas,2022-09-01,1365.823
4695,Arizona,2022-09-01,3605.383
4696,California,2022-09-01,19239.929
4697,Colorado,2022-09-01,3175.723
4698,Connecticut,2022-09-01,1908.099
4699,District of Columbia,2022-09-01,396.063
4700,Delaware,2022-09-01,500.45
4701,Florida,2022-09-01,10766.037
4702,Georgia,2022-09-01,5278.768
4703,Hawaii,2022-09-01,678.274
4704,Iowa,2022-09-01,1703.747
4705,Idaho,2022-09-01,953.748
4706,Illinois,2022-09-01,6469.689
4707,Indiana,2022-09-01,3394.652
4708,Kansas,2022-09-01,1511.849
4709,Kentucky,2022-09-01,2044.305
4710,Louisiana,2022-09-01,2068.004
4711,Massachusetts,2022-09-01,3780.661
4712,Maryland,2022-09-01,3174.906
4713,Maine,2022-09-01,681.898
4714,Michigan,2022-09-01,4865.6
4715,Minnesota,2022-09-01,3070.999
4716,Missouri,2022-09-01,3054.983
4717,Mississippi,2022-09-01,1255.865
4718,Montana,2022-09-01,563.159
4719,North Carolina,2022-09-01,5198.557
4720,North Dakota,2022-09-01,412.849
4721,Nebraska,2022-09-01,1056.732
4722,New Hampshire,2022-09-01,762.404
4723,New Jersey,2022-09-01,4805.077
4724,New Mexico,2022-09-01,943.439
4725,Nevada,2022-09-01,1579.569
4726,New York,2022-09-01,9675.983
4727,Ohio,2022-09-01,5767.435
4728,Oklahoma,2022-09-01,1907.47
4729,Oregon,2022-09-01,2157.724
4730,Pennsylvania,2022-09-01,6480.554
4731,Rhode Island,2022-09-01,576.489
4732,South Carolina,2022-09-01,2428.322
4733,South Dakota,2022-09-01,474.327
4734,Tennessee,2022-09-01,3371.984
4735,Texas,2022-09-01,14831.36
4736,Utah,2022-09-01,1754.195
4737,Virginia,2022-09-01,4448.652
4738,Vermont,2022-09-01,343.185
4739,Washington,2022-09-01,3982.938
4740,Wisconsin,2022-09-01,3083.592
4741,West Virginia,2022-09-01,780.15
4742,Wyoming,2022-09-01,293.311
4743,Alaska,2022-10-01,352.994
4744,Alabama,2022-10-01,2277.946
4745,Arkansas,2022-10-01,1366.959
4746,Arizona,2022-10-01,3610.729
4747,California,2022-10-01,19278.884
4748,Colorado,2022-10-01,3181.682
4749,Connecticut,2022-10-01,1905.711
4750,District of Columbia,2022-10-01,395.328
4751,Delaware,2022-10-01,501.317
4752,Florida,2022-10-01,10791.634
4753,Georgia,2022-10-01,5285.774
4754,Hawaii,2022-10-01,678.312
4755,Iowa,2022-10-01,1704.677
4756,Idaho,2022-10-01,954.584
4757,Illinois,2022-10-01,6467.26
4758,Indiana,2022-10-01,3394.837
4759,Kansas,2022-10-01,1513.66
4760,Kentucky,2022-10-01,2043.656
4761,Louisiana,2022-10-01,2068.454
4762,Massachusetts,2022-10-01,3780.536
4763,Maryland,2022-10-01,3176.986
4764,Maine,2022-10-01,683.039
4765,Michigan,2022-10-01,4876.551
4766,Minnesota,2022-10-01,3073.52
4767,Missouri,2022-10-01,3060.004
4768,Mississippi,2022-10-01,1253.447
4769,Montana,2022-10-01,563.748
4770,North Carolina,2022-10-01,5203.145
4771,North Dakota,2022-10-01,413.403
4772,Nebraska,2022-10-01,1056.915
4773,New Hampshire,2022-10-01,762.2
4774,New Jersey,2022-10-01,4816.597
4775,New Mexico,2022-10-01,945.982
4776,Nevada,2022-10-01,1581.391
4777,New York,2022-10-01,9694.389
4778,Ohio,2022-10-01,5770.192
4779,Oklahoma,2022-10-01,1912.204
4780,Oregon,2022-10-01,2156.905
4781,Pennsylvania,2022-10-01,6482.425
4782,Rhode Island,2022-10-01,575.945
4783,South Carolina,2022-10-01,2433.733
4784,South Dakota,2022-10-01,474.492
4785,Tennessee,2022-10-01,3368.261
4786,Texas,2022-10-01,14877.017
4787,Utah,2022-10-01,1758.322
4788,Virginia,2022-10-01,4464.553
4789,Vermont,2022-10-01,343.705
4790,Washington,2022-10-01,3987.242
4791,Wisconsin,2022-10-01,3084.188
4792,West Virginia,2022-10-01,780.533
4793,Wyoming,2022-10-01,293.329
4794,Alaska,2022-11-01,353.657
4795,Alabama,2022-11-01,2279.384
4796,Arkansas,2022-11-01,1368.563
4797,Arizona,2022-11-01,3617.184
4798,California,2022-11-01,19323.8
4799,Colorado,2022-11-01,3188.436
4800,Connecticut,2022-11-01,1904.095
4801,District of Columbia,2022-11-01,395.24
4802,Delaware,2022-11-01,502.434
4803,Florida,2022-11-01,10817.25
4804,Georgia,2022-11-01,5295.922
4805,Hawaii,2022-11-01,678.606
4806,Iowa,2022-11-01,1705.203
4807,Idaho,2022-11-01,955.766
4808,Illinois,2022-11-01,6467.579
4809,Indiana,2022-11-01,3397.005
4810,Kansas,2022-11-01,1516.152
4811,Kentucky,2022-11-01,2044.024
4812,Louisiana,2022-11-01,2070.18
4813,Massachusetts,2022-11-01,3780.361
4814,Maryland,2022-11-01,3177.919
4815,Maine,2022-11-01,684.33
4816,Michigan,2022-11-01,4891.602
4817,Minnesota,2022-11-01,3077.94
4818,Missouri,2022-11-01,3065.403
4819,Mississippi,2022-11-01,1251.783
4820,Montana,2022-11-01,564.662
4821,North Carolina,2022-11-01,5210.387
4822,North Dakota,2022-11-01,414.157
4823,Nebraska,2022-11-01,1057.306
4824,New Hampshire,2022-11-01,761.891
4825,New Jersey,2022-11-01,4828.801
4826,New Mexico,2022-11-01,948.765
4827,Nevada,2022-11-01,1583.956
4828,New York,2022-11-01,9714.705
4829,Ohio,2022-11-01,5776.705
4830,Oklahoma,2022-11-01,1918.202
4831,Oregon,2022-11-01,2156.122
4832,Pennsylvania,2022-11-01,6488.327
4833,Rhode Island,2022-11-01,575.46
4834,South Carolina,2022-11-01,2440.968
4835,South Dakota,2022-11-01,474.868
4836,Tennessee,2022-11-01,3367.265
4837,Texas,2022-11-01,14930.752
4838,Utah,2022-11-01,1763.337
4839,Virginia,2022-11-01,4482.886
4840,Vermont,2022-11-01,344.442
4841,Washington,2022-11-01,3993.207
4842,Wisconsin,2022-11-01,3085.98
4843,West Virginia,2022-11-01,781.38
4844,Wyoming,2022-11-01,293.472
4845,Alaska,2022-12-01,354.418
4846,Alabama,2022-12-01,2283.238
4847,Arkansas,2022-12-01,1370.647
4848,Arizona,2022-12-01,3624.945
4849,California,2022-12-01,19362.803
4850,Colorado,2022-12-01,3195.79
4851,Connecticut,2022-12-01,1903.2
4852,District of Columbia,2022-12-01,395.821
4853,Delaware,2022-12-01,503.741
4854,Florida,2022-12-01,10845.712
4855,Georgia,2022-12-01,5307.581
4856,Hawaii,2022-12-01,679.066
4857,Iowa,2022-12-01,1705.64
4858,Idaho,2022-12-01,957.444
4859,Illinois,2022-12-01,6470.63
4860,Indiana,2022-12-01,3401.649
4861,Kansas,2022-12-01,1519.062
4862,Kentucky,2022-12-01,2045.545
4863,Louisiana,2022-12-01,2073.291
4864,Massachusetts,2022-12-01,3782.639
4865,Maryland,2022-12-01,3177.531
4866,Maine,2022-12-01,685.606
4867,Michigan,2022-12-01,4909.093
4868,Minnesota,2022-12-01,3083.726
4869,Missouri,2022-12-01,3070.775
4870,Mississippi,2022-12-01,1250.757
4871,Montana,2022-12-01,565.923
4872,North Carolina,2022-12-01,5220.048
4873,North Dakota,2022-12-01,415.041
4874,Nebraska,2022-12-01,1058.07
4875,New Hampshire,2022-12-01,761.556
4876,New Jersey,2022-12-01,4840.718
4877,New Mexico,2022-12-01,951.699
4878,Nevada,2022-12-01,1587.199
4879,New York,2022-12-01,9735.97
4880,Ohio,2022-12-01,5785.975
4881,Oklahoma,2022-12-01,1925.287
4882,Oregon,2022-12-01,2155.796
4883,Pennsylvania,2022-12-01,6496.665
4884,Rhode Island,2022-12-01,575.332
4885,South Carolina,2022-12-01,2449.466
4886,South Dakota,2022-12-01,475.509
4887,Tennessee,2022-12-01,3368.561
4888,Texas,2022-12-01,14989.957
4889,Utah,2022-12-01,1769.061
4890,Virginia,2022-12-01,4500.493
4891,Vermont,2022-12-01,345.245
4892,Washington,2022-12-01,3999.464
4893,Wisconsin,2022-12-01,3089.701
4894,West Virginia,2022-12-01,782.525
4895,Wyoming,2022-12-01,293.699
4896,Alaska,2023-01-01,355.142
4897,Alabama,2023-01-01,2288.368
4898,Arkansas,2023-01-01,1373.114
4899,Arizona,2023-01-01,3633.94
4900,California,2023-01-01,19397.463
4901,Colorado,2023-01-01,3203.552
4902,Connecticut,2023-01-01,1902.677
4903,District of Columbia,2023-01-01,397.04
4904,Delaware,2023-01-01,505.119
4905,Florida,2023-01-01,10878.67
4906,Georgia,2023-01-01,5320.486
4907,Hawaii,2023-01-01,679.675
4908,Iowa,2023-01-01,1706.315
4909,Idaho,2023-01-01,959.609
4910,Illinois,2023-01-01,6476.104
4911,Indiana,2023-01-01,3408.24
4912,Kansas,2023-01-01,1521.87
4913,Kentucky,2023-01-01,2047.921
4914,Louisiana,2023-01-01,2077.267
4915,Massachusetts,2023-01-01,3787.119
4916,Maryland,2023-01-01,3180.518
4917,Maine,2023-01-01,686.848
4918,Michigan,2023-01-01,4927.651
4919,Minnesota,2023-01-01,3090.481
4920,Missouri,2023-01-01,3077.422
4921,Mississippi,2023-01-01,1250.499
4922,Montana,2023-01-01,567.491
4923,North Carolina,2023-01-01,5231.614
4924,North Dakota,2023-01-01,415.972
4925,Nebraska,2023-01-01,1059.211
4926,New Hampshire,2023-01-01,761.306
4927,New Jersey,2023-01-01,4852.074
4928,New Mexico,2023-01-01,954.84
4929,Nevada,2023-01-01,1590.787
4930,New York,2023-01-01,9758.797
4931,Ohio,2023-01-01,5797.301
4932,Oklahoma,2023-01-01,1932.92
4933,Oregon,2023-01-01,2156.816
4934,Pennsylvania,2023-01-01,6506.096
4935,Rhode Island,2023-01-01,575.611
4936,South Carolina,2023-01-01,2458.323
4937,South Dakota,2023-01-01,476.31
4938,Tennessee,2023-01-01,3372.206
4939,Texas,2023-01-01,15048.359
4940,Utah,2023-01-01,1774.958
4941,Virginia,2023-01-01,4516.542
4942,Vermont,2023-01-01,346.044
4943,Washington,2023-01-01,4005.736
4944,Wisconsin,2023-01-01,3095.519
4945,West Virginia,2023-01-01,783.744
4946,Wyoming,2023-01-01,293.931
4947,Alaska,2023-02-01,355.844
4948,Alabama,2023-02-01,2294.352
4949,Arkansas,2023-02-01,1375.674
4950,Arizona,2023-02-01,3644.062
4951,California,2023-02-01,19424.892
4952,Colorado,2023-02-01,3211.446
4953,Connecticut,2023-02-01,1902.73
4954,District of Columbia,2023-02-01,398.643
4955,Delaware,2023-02-01,506.482
4956,Florida,2023-02-01,10914.538
4957,Georgia,2023-02-01,5332.484
4958,Hawaii,2023-02-01,680.335
4959,Iowa,2023-02-01,1707.144
4960,Idaho,2023-02-01,962.161
4961,Illinois,2023-02-01,6482.109
4962,Indiana,2023-02-01,3415.237
4963,Kansas,2023-02-01,1524.254
4964,Kentucky,2023-02-01,2050.716
4965,Louisiana,2023-02-01,2080.608
4966,Massachusetts,2023-02-01,3794.157
4967,Maryland,2023-02-01,3184.023
4968,Maine,2023-02-01,688.214
4969,Michigan,2023-02-01,4946.516
4970,Minnesota,2023-02-01,3097.824
4971,Missouri,2023-02-01,3084.573
4972,Mississippi,2023-02-01,1250.513
4973,Montana,2023-02-01,569.152
4974,North Carolina,2023-02-01,5243.949
4975,North Dakota,2023-02-01,416.788
4976,Nebraska,2023-02-01,1060.708
4977,New Hampshire,2023-02-01,761.287
4978,New Jersey,2023-02-01,4862.743
4979,New Mexico,2023-02-01,958.198
4980,Nevada,2023-02-01,1594.435
4981,New York,2023-02-01,9782.303
4982,Ohio,2023-02-01,5808.648
4983,Oklahoma,2023-02-01,1940.548
4984,Oregon,2023-02-01,2159.193
4985,Pennsylvania,2023-02-01,6516.192
4986,Rhode Island,2023-02-01,576.307
4987,South Carolina,2023-02-01,2467.184
4988,South Dakota,2023-02-01,477.195
4989,Tennessee,2023-02-01,3378.48
4990,Texas,2023-02-01,15101.782
4991,Utah,2023-02-01,1780.681
4992,Virginia,2023-02-01,4529.685
4993,Vermont,2023-02-01,346.805
4994,Washington,2023-02-01,4011.538
4995,Wisconsin,2023-02-01,3103.045
4996,West Virginia,2023-02-01,784.918
4997,Wyoming,2023-02-01,294.115
4998,Alaska,2023-03-01,356.486
4999,Alabama,2023-03-01,2300.332
5000,Arkansas,2023-03-01,1378.179
5001,Arizona,2023-03-01,3654.621
5002,California,2023-03-01,19448.862
5003,Colorado,2023-03-01,3218.615
5004,Connecticut,2023-03-01,1903.379
5005,District of Columbia,2023-03-01,400.244
5006,Delaware,2023-03-01,507.776
5007,Florida,2023-03-01,10949.76
5008,Georgia,2023-03-01,5343.535
5009,Hawaii,2023-03-01,680.926
5010,Iowa,2023-03-01,1708.122
5011,Idaho,2023-03-01,964.799
5012,Illinois,2023-03-01,6487.941
5013,Indiana,2023-03-01,3420.633
5014,Kansas,2023-03-01,1525.91
5015,Kentucky,2023-03-01,2053.097
5016,Louisiana,2023-03-01,2081.696
5017,Massachusetts,2023-03-01,3798.536
5018,Maryland,2023-03-01,3187.088
5019,Maine,2023-03-01,689.724
5020,Michigan,2023-03-01,4964.872
5021,Minnesota,2023-03-01,3104.312
5022,Missouri,2023-03-01,3091.842
5023,Mississippi,2023-03-01,1250.656
5024,Montana,2023-03-01,570.488
5025,North Carolina,2023-03-01,5254.629
5026,North Dakota,2023-03-01,417.34
5027,Nebraska,2023-03-01,1062.265
5028,New Hampshire,2023-03-01,761.319
5029,New Jersey,2023-03-01,4871.773
5030,New Mexico,2023-03-01,961.385
5031,Nevada,2023-03-01,1597.845
5032,New York,2023-03-01,9805.337
5033,Ohio,2023-03-01,5818.417
5034,Oklahoma,2023-03-01,1947.532
5035,Oregon,2023-03-01,2161.57
5036,Pennsylvania,2023-03-01,6525.44
5037,Rhode Island,2023-03-01,577.073
5038,South Carolina,2023-03-01,2475.335
5039,South Dakota,2023-03-01,478.07
5040,Tennessee,2023-03-01,3385.973
5041,Texas,2023-03-01,15147.599
5042,Utah,2023-03-01,1785.924
5043,Virginia,2023-03-01,4538.781
5044,Vermont,2023-03-01,347.478
5045,Washington,2023-03-01,4016.941
5046,Wisconsin,2023-03-01,3111.094
5047,West Virginia,2023-03-01,785.975
5048,Wyoming,2023-03-01,294.197
5049,Alaska,2023-04-01,357.042
5050,Alabama,2023-04-01,2305.796
5051,Arkansas,2023-04-01,1380.619
5052,Arizona,2023-04-01,3664.855
5053,California,2023-04-01,19474.196
5054,Colorado,2023-04-01,3224.491
5055,Connecticut,2023-04-01,1904.498
5056,District of Columbia,2023-04-01,401.63
5057,Delaware,2023-04-01,508.959
5058,Florida,2023-04-01,10980.669
5059,Georgia,2023-04-01,5354.129
5060,Hawaii,2023-04-01,681.347
5061,Iowa,2023-04-01,1709.028
5062,Idaho,2023-04-01,967.231
5063,Illinois,2023-04-01,6494.207
5064,Indiana,2023-04-01,3423.803
5065,Kansas,2023-04-01,1526.818
5066,Kentucky,2023-04-01,2054.577
5067,Louisiana,2023-04-01,2080.629
5068,Massachusetts,2023-04-01,3800.038
5069,Maryland,2023-04-01,3189.021
5070,Maine,2023-04-01,691.3
5071,Michigan,2023-04-01,4982.002
5072,Minnesota,2023-04-01,3109.077
5073,Missouri,2023-04-01,3098.68
5074,Mississippi,2023-04-01,1250.752
5075,Montana,2023-04-01,571.271
5076,North Carolina,2023-04-01,5262.555
5077,North Dakota,2023-04-01,417.609
5078,Nebraska,2023-04-01,1063.624
5079,New Hampshire,2023-04-01,761.262
5080,New Jersey,2023-04-01,4878.412
5081,New Mexico,2023-04-01,964.021
5082,Nevada,2023-04-01,1600.859
5083,New York,2023-04-01,9825.999
5084,Ohio,2023-04-01,5826.255
5085,Oklahoma,2023-04-01,1953.808
5086,Oregon,2023-04-01,2163.329
5087,Pennsylvania,2023-04-01,6533.104
5088,Rhode Island,2023-04-01,577.829
5089,South Carolina,2023-04-01,2482.09
5090,South Dakota,2023-04-01,478.857
5091,Tennessee,2023-04-01,3392.731
5092,Texas,2023-04-01,15185.791
5093,Utah,2023-04-01,1790.471
5094,Virginia,2023-04-01,4543.829
5095,Vermont,2023-04-01,348.085
5096,Washington,2023-04-01,4021.858
5097,Wisconsin,2023-04-01,3118.367
5098,West Virginia,2023-04-01,786.987
5099,Wyoming,2023-04-01,294.143
5100,Alaska,2023-05-01,357.518
5101,Alabama,2023-05-01,2310.109
5102,Arkansas,2023-05-01,1382.999
5103,Arizona,2023-05-01,3674.189
5104,California,2023-05-01,19497.204
5105,Colorado,2023-05-01,3228.455
5106,Connecticut,2023-05-01,1905.95
5107,District of Columbia,2023-05-01,402.87
5108,Delaware,2023-05-01,509.958
5109,Florida,2023-05-01,11009.242
5110,Georgia,2023-05-01,5364.469
5111,Hawaii,2023-05-01,681.405
5112,Iowa,2023-05-01,1709.645
5113,Idaho,2023-05-01,969.348
5114,Illinois,2023-05-01,6501.994
5115,Indiana,2023-05-01,3424.666
5116,Kansas,2023-05-01,1527.1
5117,Kentucky,2023-05-01,2055.157
5118,Louisiana,2023-05-01,2078.863
5119,Massachusetts,2023-05-01,3806.888
5120,Maryland,2023-05-01,3195.699
5121,Maine,2023-05-01,692.821
5122,Michigan,2023-05-01,4997.528
5123,Minnesota,2023-05-01,3111.989
5124,Missouri,2023-05-01,3104.914
5125,Mississippi,2023-05-01,1250.869
5126,Montana,2023-05-01,571.532
5127,North Carolina,2023-05-01,5268.18
5128,North Dakota,2023-05-01,417.707
5129,Nebraska,2023-05-01,1064.667
5130,New Hampshire,2023-05-01,761.154
5131,New Jersey,2023-05-01,4882.307
5132,New Mexico,2023-05-01,965.856
5133,Nevada,2023-05-01,1603.677
5134,New York,2023-05-01,9842.98
5135,Ohio,2023-05-01,5832.453
5136,Oklahoma,2023-05-01,1959.533
5137,Oregon,2023-05-01,2164.413
5138,Pennsylvania,2023-05-01,6539.628
5139,Rhode Island,2023-05-01,578.723
5140,South Carolina,2023-05-01,2487.384
5141,South Dakota,2023-05-01,479.482
5142,Tennessee,2023-05-01,3397.77
5143,Texas,2023-05-01,15217.003
5144,Utah,2023-05-01,1794.284
5145,Virginia,2023-05-01,4545.851
5146,Vermont,2023-05-01,348.664
5147,Washington,2023-05-01,4025.537
5148,Wisconsin,2023-05-01,3124.173
5149,West Virginia,2023-05-01,787.999
5150,Wyoming,2023-05-01,293.965
5151,Alaska,2023-06-01,357.944
5152,Alabama,2023-06-01,2313.985
5153,Arkansas,2023-06-01,1385.367
5154,Arizona,2023-06-01,3682.825
5155,California,2023-06-01,19518.556
5156,Colorado,2023-06-01,3231.074
5157,Connecticut,2023-06-01,1907.979
5158,District of Columbia,2023-06-01,404.211
5159,Delaware,2023-06-01,510.76
5160,Florida,2023-06-01,11031.953
5161,Georgia,2023-06-01,5373.837
5162,Hawaii,2023-06-01,681.185
5163,Iowa,2023-06-01,1710.012
5164,Idaho,2023-06-01,971.413
5165,Illinois,2023-06-01,6512.541
5166,Indiana,2023-06-01,3424.446
5167,Kansas,2023-06-01,1527.209
5168,Kentucky,2023-06-01,2055.532
5169,Louisiana,2023-06-01,2077.071
5170,Massachusetts,2023-06-01,3811.789
5171,Maryland,2023-06-01,3197.822
5172,Maine,2023-06-01,694.347
5173,Michigan,2023-06-01,5011.754
5174,Minnesota,2023-06-01,3113.646
5175,Missouri,2023-06-01,3110.173
5176,Mississippi,2023-06-01,1250.936
5177,Montana,2023-06-01,571.651
5178,North Carolina,2023-06-01,5272.755
5179,North Dakota,2023-06-01,417.784
5180,Nebraska,2023-06-01,1065.528
5181,New Hampshire,2023-06-01,761.245
5182,New Jersey,2023-06-01,4884.148
5183,New Mexico,2023-06-01,967.165
5184,Nevada,2023-06-01,1606.704
5185,New York,2023-06-01,9857.028
5186,Ohio,2023-06-01,5838.462
5187,Oklahoma,2023-06-01,1965.162
5188,Oregon,2023-06-01,2165.743
5189,Pennsylvania,2023-06-01,6547.562
5190,Rhode Island,2023-06-01,579.651
5191,South Carolina,2023-06-01,2492.237
5192,South Dakota,2023-06-01,479.987
5193,Tennessee,2023-06-01,3402.132
5194,Texas,2023-06-01,15244.901
5195,Utah,2023-06-01,1797.821
5196,Virginia,2023-06-01,4546.634
5197,Vermont,2023-06-01,349.233
5198,Washington,2023-06-01,4028.298
5199,Wisconsin,2023-06-01,3128.825
5200,West Virginia,2023-06-01,788.969
5201,Wyoming,2023-06-01,293.777
5202,Alaska,2023-07-01,358.37
5203,Alabama,2023-07-01,2318.367
5204,Arkansas,2023-07-01,1387.843
5205,Arizona,2023-07-01,3690.984
5206,California,2023-07-01,19531.76
5207,Colorado,2023-07-01,3233.389
5208,Connecticut,2023-07-01,1910.338
5209,District of Columbia,2023-07-01,405.769
5210,Delaware,2023-07-01,511.389
5211,Florida,2023-07-01,11052.215
5212,Georgia,2023-07-01,5382.888
5213,Hawaii,2023-07-01,680.78
5214,Iowa,2023-07-01,1710.313
5215,Idaho,2023-07-01,973.731
5216,Illinois,2023-07-01,6526.175
5217,Indiana,2023-07-01,3424.585
5218,Kansas,2023-07-01,1527.41
5219,Kentucky,2023-07-01,2056.351
5220,Louisiana,2023-07-01,2076.816
5221,Massachusetts,2023-07-01,3819.263
5222,Maryland,2023-07-01,3199.369
5223,Maine,2023-07-01,695.822
5224,Michigan,2023-07-01,5024.238
5225,Minnesota,2023-07-01,3114.079
5226,Missouri,2023-07-01,3113.983
5227,Mississippi,2023-07-01,1250.643
5228,Montana,2023-07-01,572.044
5229,North Carolina,2023-07-01,5277.884
5230,North Dakota,2023-07-01,417.976
5231,Nebraska,2023-07-01,1066.296
5232,New Hampshire,2023-07-01,761.624
5233,New Jersey,2023-07-01,4885.306
5234,New Mexico,2023-07-01,968.281
5235,Nevada,2023-07-01,1610.161
5236,New York,2023-07-01,9869.841
5237,Ohio,2023-07-01,5845.23
5238,Oklahoma,2023-07-01,1971.059
5239,Oregon,2023-07-01,2168.477
5240,Pennsylvania,2023-07-01,6559.103
5241,Rhode Island,2023-07-01,580.924
5242,South Carolina,2023-07-01,2497.733
5243,South Dakota,2023-07-01,480.399
5244,Tennessee,2023-07-01,3407.538
5245,Texas,2023-07-01,15272.807
5246,Utah,2023-07-01,1801.357
5247,Virginia,2023-07-01,4548.081
5248,Vermont,2023-07-01,349.841
5249,Washington,2023-07-01,4030.506
5250,Wisconsin,2023-07-01,3132.664
5251,West Virginia,2023-07-01,789.859
5252,Wyoming,2023-07-01,293.633
5253,Alaska,2023-08-01,358.693
5254,Alabama,2023-08-01,2322.522
5255,Arkansas,2023-08-01,1390.261
5256,Arizona,2023-08-01,3698.145
5257,California,2023-08-01,19546.854
5258,Colorado,2023-08-01,3235.781
5259,Connecticut,2023-08-01,1912.325
5260,District of Columbia,2023-08-01,407.401
5261,Delaware,2023-08-01,511.744
5262,Florida,2023-08-01,11070.672
5263,Georgia,2023-08-01,5390.989
5264,Hawaii,2023-08-01,680.419
5265,Iowa,2023-08-01,1710.096
5266,Idaho,2023-08-01,976.205
5267,Illinois,2023-08-01,6541.323
5268,Indiana,2023-08-01,3425.609
5269,Kansas,2023-08-01,1527.689
5270,Kentucky,2023-08-01,2057.641
5271,Louisiana,2023-08-01,2078.287
5272,Massachusetts,2023-08-01,3831.242
5273,Maryland,2023-08-01,3203.608
5274,Maine,2023-08-01,697.017
5275,Michigan,2023-08-01,5033.232
5276,Minnesota,2023-08-01,3113.138
5277,Missouri,2023-08-01,3116.709
5278,Mississippi,2023-08-01,1250.444
5279,Montana,2023-08-01,572.723
5280,North Carolina,2023-08-01,5283.163
5281,North Dakota,2023-08-01,418.362
5282,Nebraska,2023-08-01,1066.957
5283,New Hampshire,2023-08-01,762.105
5284,New Jersey,2023-08-01,4885.787
5285,New Mexico,2023-08-01,969.266
5286,Nevada,2023-08-01,1613.655
5287,New York,2023-08-01,9880.115
5288,Ohio,2023-08-01,5852.11
5289,Oklahoma,2023-08-01,1976.843
5290,Oregon,2023-08-01,2171.937
5291,Pennsylvania,2023-08-01,6572.672
5292,Rhode Island,2023-08-01,582.589
5293,South Carolina,2023-08-01,2503.765
5294,South Dakota,2023-08-01,480.739
5295,Tennessee,2023-08-01,3413.68
5296,Texas,2023-08-01,15300.049
5297,Utah,2023-08-01,1804.589
5298,Virginia,2023-08-01,4550.512
5299,Vermont,2023-08-01,350.471
5300,Washington,2023-08-01,4033.087
5301,Wisconsin,2023-08-01,3135.455
5302,West Virginia,2023-08-01,790.617
5303,Wyoming,2023-08-01,293.469
5304,Alaska,2023-09-01,358.801
5305,Alabama,2023-09-01,2326.517
5306,Arkansas,2023-09-01,1392.378
5307,Arizona,2023-09-01,3704.072
5308,California,2023-09-01,19559.854
5309,Colorado,2023-09-01,3238.299
5310,Connecticut,2023-09-01,1913.825
5311,District of Columbia,2023-09-01,408.841
5312,Delaware,2023-09-01,511.775
5313,Florida,2023-09-01,11082.946
5314,Georgia,2023-09-01,5396.838
5315,Hawaii,2023-09-01,680.099
5316,Iowa,2023-09-01,1708.902
5317,Idaho,2023-09-01,978.566
5318,Illinois,2023-09-01,6555.746
5319,Indiana,2023-09-01,3427.459
5320,Kansas,2023-09-01,1528.207
5321,Kentucky,2023-09-01,2059.466
5322,Louisiana,2023-09-01,2080.671
5323,Massachusetts,2023-09-01,3841.846
5324,Maryland,2023-09-01,3203.674
5325,Maine,2023-09-01,697.875
5326,Michigan,2023-09-01,5037.89
5327,Minnesota,2023-09-01,3111.267
5328,Missouri,2023-09-01,3118.511
5329,Mississippi,2023-09-01,1250.647
5330,Montana,2023-09-01,573.494
5331,North Carolina,2023-09-01,5287.148
5332,North Dakota,2023-09-01,418.903
5333,Nebraska,2023-09-01,1067.613
5334,New Hampshire,2023-09-01,762.63
5335,New Jersey,2023-09-01,4885.37
5336,New Mexico,2023-09-01,970.135
5337,Nevada,2023-09-01,1616.788
5338,New York,2023-09-01,9887.061
5339,Ohio,2023-09-01,5858.373
5340,Oklahoma,2023-09-01,1982.064
5341,Oregon,2023-09-01,2174.84
5342,Pennsylvania,2023-09-01,6585.926
5343,Rhode Island,2023-09-01,584.402
5344,South Carolina,2023-09-01,2509.828
5345,South Dakota,2023-09-01,481.1
5346,Tennessee,2023-09-01,3418.738
5347,Texas,2023-09-01,15325.854
5348,Utah,2023-09-01,1807.318
5349,Virginia,2023-09-01,4552.761
5350,Vermont,2023-09-01,351.06
5351,Washington,2023-09-01,4035.345
5352,Wisconsin,2023-09-01,3137.09
5353,West Virginia,2023-09-01,791.264
5354,Wyoming,2023-09-01,293.25
5355,Alaska,2023-10-01,358.696
5356,Alabama,2023-10-01,2330.433
5357,Arkansas,2023-10-01,1394.182
5358,Arizona,2023-10-01,3708.62
5359,California,2023-10-01,19580.26
5360,Colorado,2023-10-01,3240.811
5361,Connecticut,2023-10-01,1915.121
5362,District of Columbia,2023-10-01,410.056
5363,Delaware,2023-10-01,511.498
5364,Florida,2023-10-01,11092.447
5365,Georgia,2023-10-01,5401.581
5366,Hawaii,2023-10-01,679.974
5367,Iowa,2023-10-01,1707.066
5368,Idaho,2023-10-01,980.698
5369,Illinois,2023-10-01,6567.691
5370,Indiana,2023-10-01,3429.273
5371,Kansas,2023-10-01,1528.968
5372,Kentucky,2023-10-01,2061.972
5373,Louisiana,2023-10-01,2083.356
5374,Massachusetts,2023-10-01,3853.557
5375,Maryland,2023-10-01,3209.295
5376,Maine,2023-10-01,698.531
5377,Michigan,2023-10-01,5039.052
5378,Minnesota,2023-10-01,3109.395
5379,Missouri,2023-10-01,3121.364
5380,Mississippi,2023-10-01,1251.224
5381,Montana,2023-10-01,574.197
5382,North Carolina,2023-10-01,5289.471
5383,North Dakota,2023-10-01,419.506
5384,Nebraska,2023-10-01,1068.23
5385,New Hampshire,2023-10-01,763.288
5386,New Jersey,2023-10-01,4884.539
5387,New Mexico,2023-10-01,971.112
5388,Nevada,2023-10-01,1619.393
5389,New York,2023-10-01,9890.984
5390,Ohio,2023-10-01,5863.83
5391,Oklahoma,2023-10-01,1986.314
5392,Oregon,2023-10-01,2176.915
5393,Pennsylvania,2023-10-01,6597.206
5394,Rhode Island,2023-10-01,586.323
5395,South Carolina,2023-10-01,2515.387
5396,South Dakota,2023-10-01,481.44
5397,Tennessee,2023-10-01,3422.157
5398,Texas,2023-10-01,15349.726
5399,Utah,2023-10-01,1809.465
5400,Virginia,2023-10-01,4554.674
5401,Vermont,2023-10-01,351.598
5402,Washington,2023-10-01,4037.664
5403,Wisconsin,2023-10-01,3137.728
5404,West Virginia,2023-10-01,791.822
5405,Wyoming,2023-10-01,292.972
5406,Alaska,2023-11-01,358.499
5407,Alabama,2023-11-01,2334.635
5408,Arkansas,2023-11-01,1395.682
5409,Arizona,2023-11-01,3711.906
5410,California,2023-11-01,19584.613
5411,Colorado,2023-11-01,3243.517
5412,Connecticut,2023-11-01,1916.544
5413,District of Columbia,2023-11-01,411.144
5414,Delaware,2023-11-01,511.012
5415,Florida,2023-11-01,11097.059
5416,Georgia,2023-11-01,5403.856
5417,Hawaii,2023-11-01,679.586
5418,Iowa,2023-11-01,1704.615
5419,Idaho,2023-11-01,982.66
5420,Illinois,2023-11-01,6576.555
5421,Indiana,2023-11-01,3430.815
5422,Kansas,2023-11-01,1529.998
5423,Kentucky,2023-11-01,2065.281
5424,Louisiana,2023-11-01,2085.381
5425,Massachusetts,2023-11-01,3863.278
5426,Maryland,2023-11-01,3213.185
5427,Maine,2023-11-01,699.18
5428,Michigan,2023-11-01,5038.68
5429,Minnesota,2023-11-01,3108.823
5430,Missouri,2023-11-01,3122.912
5431,Mississippi,2023-11-01,1251.781
5432,Montana,2023-11-01,574.714
5433,North Carolina,2023-11-01,5290.433
5434,North Dakota,2023-11-01,420.033
5435,Nebraska,2023-11-01,1068.802
5436,New Hampshire,2023-11-01,764.216
5437,New Jersey,2023-11-01,4884.646
5438,New Mexico,2023-11-01,972.235
5439,Nevada,2023-11-01,1621.615
5440,New York,2023-11-01,9892.851
5441,Ohio,2023-11-01,5868.441
5442,Oklahoma,2023-11-01,1989.402
5443,Oregon,2023-11-01,2178.691
5444,Pennsylvania,2023-11-01,6605.331
5445,Rhode Island,2023-11-01,588.163
5446,South Carolina,2023-11-01,2520.352
5447,South Dakota,2023-11-01,481.7
5448,Tennessee,2023-11-01,3424.7
5449,Texas,2023-11-01,15373.52
5450,Utah,2023-11-01,1811.183
5451,Virginia,2023-11-01,4555.397
5452,Vermont,2023-11-01,352.067
5453,Washington,2023-11-01,4037.602
5454,Wisconsin,2023-11-01,3137.886
5455,West Virginia,2023-11-01,792.205
5456,Wyoming,2023-11-01,292.675
5457,Alaska,2023-12-01,358.351
5458,Alabama,2023-12-01,2337.92
5459,Arkansas,2023-12-01,1397.187
5460,Arizona,2023-12-01,3714.194
5461,California,2023-12-01,19611.825
5462,Colorado,2023-12-01,3246.547
5463,Connecticut,2023-12-01,1918.201
5464,District of Columbia,2023-12-01,412.037
5465,Delaware,2023-12-01,510.456
5466,Florida,2023-12-01,11099.868
5467,Georgia,2023-12-01,5406.49
5468,Hawaii,2023-12-01,679.576
5469,Iowa,2023-12-01,1702.483
5470,Idaho,2023-12-01,984.466
5471,Illinois,2023-12-01,6584.716
5472,Indiana,2023-12-01,3432.596
5473,Kansas,2023-12-01,1531.298
5474,Kentucky,2023-12-01,2069.064
5475,Louisiana,2023-12-01,2086.414
5476,Massachusetts,2023-12-01,3873.465
5477,Maryland,2023-12-01,3221.161
5478,Maine,2023-12-01,699.941
5479,Michigan,2023-12-01,5038.027
5480,Minnesota,2023-12-01,3110.004
5481,Missouri,2023-12-01,3125.217
5482,Mississippi,2023-12-01,1252.984
5483,Montana,2023-12-01,575.021
5484,North Carolina,2023-12-01,5290.971
5485,North Dakota,2023-12-01,420.506
5486,Nebraska,2023-12-01,1069.301
5487,New Hampshire,2023-12-01,765.266
5488,New Jersey,2023-12-01,4885.869
5489,New Mexico,2023-12-01,973.648
5490,Nevada,2023-12-01,1623.639
5491,New York,2023-12-01,9894.409
5492,Ohio,2023-12-01,5873.379
5493,Oklahoma,2023-12-01,1991.359
5494,Oregon,2023-12-01,2180.538
5495,Pennsylvania,2023-12-01,6609.695
5496,Rhode Island,2023-12-01,589.859
5497,South Carolina,2023-12-01,2524.883
5498,South Dakota,2023-12-01,481.868
5499,Tennessee,2023-12-01,3426.837
5500,Texas,2023-12-01,15399.395
5501,Utah,2023-12-01,1812.714
5502,Virginia,2023-12-01,4555.358
5503,Vermont,2023-12-01,352.572
5504,Washington,2023-12-01,4038.763
5505,Wisconsin,2023-12-01,3137.952
5506,West Virginia,2023-12-01,792.399
5507,Wyoming,2023-12-01,292.425
5508,Alaska,2024-01-01,358.314
5509,Alabama,2024-01-01,2341.587
5510,Arkansas,2024-01-01,1398.7
5511,Arizona,2024-01-01,3715.794
5512,California,2024-01-01,19611.227
5513,Colorado,2024-01-01,3249.473
5514,Connecticut,2024-01-01,1920.171
5515,District of Columbia,2024-01-01,412.592
5516,Delaware,2024-01-01,509.953
5517,Florida,2024-01-01,11100.291
5518,Georgia,2024-01-01,5408.092
5519,Hawaii,2024-01-01,679.214
5520,Iowa,2024-01-01,1701.001
5521,Idaho,2024-01-01,986.066
5522,Illinois,2024-01-01,6592.588
5523,Indiana,2024-01-01,3435.203
5524,Kansas,2024-01-01,1532.921
5525,Kentucky,2024-01-01,2072.833
5526,Louisiana,2024-01-01,2085.788
5527,Massachusetts,2024-01-01,3881.436
5528,Maryland,2024-01-01,3225.487
5529,Maine,2024-01-01,700.831
5530,Michigan,2024-01-01,5037.855
5531,Minnesota,2024-01-01,3112.774
5532,Missouri,2024-01-01,3126.116
5533,Mississippi,2024-01-01,1254.189
5534,Montana,2024-01-01,575.231
5535,North Carolina,2024-01-01,5291.403
5536,North Dakota,2024-01-01,420.903
5537,Nebraska,2024-01-01,1069.771
5538,New Hampshire,2024-01-01,766.238
5539,New Jersey,2024-01-01,4887.577
5540,New Mexico,2024-01-01,975.151
5541,Nevada,2024-01-01,1625.601
5542,New York,2024-01-01,9894.797
5543,Ohio,2024-01-01,5878.18
5544,Oklahoma,2024-01-01,1992.262
5545,Oregon,2024-01-01,2182.307
5546,Pennsylvania,2024-01-01,6609.81
5547,Rhode Island,2024-01-01,591.198
5548,South Carolina,2024-01-01,2529.376
5549,South Dakota,2024-01-01,482.012
5550,Tennessee,2024-01-01,3428.697
5551,Texas,2024-01-01,15429.166
5552,Utah,2024-01-01,1814.243
5553,Virginia,2024-01-01,4553.867
5554,Vermont,2024-01-01,352.94
5555,Washington,2024-01-01,4037.506
5556,Wisconsin,2024-01-01,3138.074
5557,West Virginia,2024-01-01,792.451
5558,Wyoming,2024-01-01,292.25
5559,Alaska,2024-02-01,358.46
5560,Alabama,2024-02-01,2344.465
5561,Arkansas,2024-02-01,1400.714
5562,Arizona,2024-02-01,3718.051
5563,California,2024-02-01,19611.939
5564,Colorado,2024-02-01,3252.551
5565,Connecticut,2024-02-01,1922.476
5566,District of Columbia,2024-02-01,412.926
5567,Delaware,2024-02-01,509.68
5568,Florida,2024-02-01,11102.273
5569,Georgia,2024-02-01,5411.667
5570,Hawaii,2024-02-01,679.107
5571,Iowa,2024-02-01,1700.854
5572,Idaho,2024-02-01,987.762
5573,Illinois,2024-02-01,6603.199
5574,Indiana,2024-02-01,3439.531
5575,Kansas,2024-02-01,1535.158
5576,Kentucky,2024-02-01,2076.734
5577,Louisiana,2024-02-01,2084.625
5578,Massachusetts,2024-02-01,3891.422
5579,Maryland,2024-02-01,3230.773
5580,Maine,2024-02-01,701.899
5581,Michigan,2024-02-01,5040.06
5582,Minnesota,2024-02-01,3117.171
5583,Missouri,2024-02-01,3128.566
5584,Mississippi,2024-02-01,1256.504
5585,Montana,2024-02-01,575.616
5586,North Carolina,2024-02-01,5292.579
5587,North Dakota,2024-02-01,421.392
5588,Nebraska,2024-02-01,1070.453
5589,New Hampshire,2024-02-01,767.139
5590,New Jersey,2024-02-01,4890.46
5591,New Mexico,2024-02-01,976.709
5592,Nevada,2024-02-01,1628.061
5593,New York,2024-02-01,9897.589
5594,Ohio,2024-02-01,5886.425
5595,Oklahoma,2024-02-01,1992.783
5596,Oregon,2024-02-01,2184.176
5597,Pennsylvania,2024-02-01,6606.786
5598,Rhode Island,2024-02-01,592.319
5599,South Carolina,2024-02-01,2534.679
5600,South Dakota,2024-02-01,482.266
5601,Tennessee,2024-02-01,3431.341
5602,Texas,2024-02-01,15464.756
5603,Utah,2024-02-01,1816.218
5604,Virginia,2024-02-01,4552.678
5605,Vermont,2024-02-01,353.209
5606,Washington,2024-02-01,4037.206
5607,Wisconsin,2024-02-01,3138.813
5608,West Virginia,2024-02-01,792.475
5609,Wyoming,2024-02-01,292.186
5610,Alaska,2024-03-01,358.813
5611,Alabama,2024-03-01,2347.252
5612,Arkansas,2024-03-01,1403.289
5613,Arizona,2024-03-01,3721.752
5614,California,2024-03-01,19617.893
5615,Colorado,2024-03-01,3256.027
5616,Connecticut,2024-03-01,1925.045
5617,District of Columbia,2024-03-01,413.166
5618,Delaware,2024-03-01,509.669
5619,Florida,2024-03-01,11106.525
5620,Georgia,2024-03-01,5416.847
5621,Hawaii,2024-03-01,679.39
5622,Iowa,2024-03-01,1702.088
5623,Idaho,2024-03-01,989.837
5624,Illinois,2024-03-01,6616.478
5625,Indiana,2024-03-01,3445.818
5626,Kansas,2024-03-01,1538.092
5627,Kentucky,2024-03-01,2081.075
5628,Louisiana,2024-03-01,2084.166
5629,Massachusetts,2024-03-01,3900.976
5630,Maryland,2024-03-01,3234.164
5631,Maine,2024-03-01,703.155
5632,Michigan,2024-03-01,5045.007
5633,Minnesota,2024-03-01,3122.769
5634,Missouri,2024-03-01,3132.019
5635,Mississippi,2024-03-01,1259.672
5636,Montana,2024-03-01,576.35
5637,North Carolina,2024-03-01,5294.79
5638,North Dakota,2024-03-01,422.067
5639,Nebraska,2024-03-01,1071.551
5640,New Hampshire,2024-03-01,768.071
5641,New Jersey,2024-03-01,4895.118
5642,New Mexico,2024-03-01,978.138
5643,Nevada,2024-03-01,1631.187
5644,New York,2024-03-01,9904.307
5645,Ohio,2024-03-01,5897.533
5646,Oklahoma,2024-03-01,1993.556
5647,Oregon,2024-03-01,2186.324
5648,Pennsylvania,2024-03-01,6602.101
5649,Rhode Island,2024-03-01,593.238
5650,South Carolina,2024-03-01,2541.5
5651,South Dakota,2024-03-01,482.692
5652,Tennessee,2024-03-01,3436.116
5653,Texas,2024-03-01,15504.849
5654,Utah,2024-03-01,1818.781
5655,Virginia,2024-03-01,4552.21
5656,Vermont,2024-03-01,353.394
5657,Washington,2024-03-01,4038.195
5658,Wisconsin,2024-03-01,3140.139
5659,West Virginia,2024-03-01,792.466
5660,Wyoming,2024-03-01,292.234
5661,Alaska,2024-04-01,359.345
5662,Alabama,2024-04-01,2350.202
5663,Arkansas,2024-04-01,1406.254
5664,Arizona,2024-04-01,3726.761
5665,California,2024-04-01,19638.18
5666,Colorado,2024-04-01,3259.976
5667,Connecticut,2024-04-01,1927.691
5668,District of Columbia,2024-04-01,413.275
5669,Delaware,2024-04-01,509.862
5670,Florida,2024-04-01,11113.287
5671,Georgia,2024-04-01,5423.031
5672,Hawaii,2024-04-01,680.196
5673,Iowa,2024-04-01,1704.384
5674,Idaho,2024-04-01,992.304
5675,Illinois,2024-04-01,6630.564
5676,Indiana,2024-04-01,3453.887
5677,Kansas,2024-04-01,1541.458
5678,Kentucky,2024-04-01,2085.857
5679,Louisiana,2024-04-01,2084.82
5680,Massachusetts,2024-04-01,3910.936
5681,Maryland,2024-04-01,3236.735
5682,Maine,2024-04-01,704.564
5683,Michigan,2024-04-01,5051.791
5684,Minnesota,2024-04-01,3128.586
5685,Missouri,2024-04-01,3136.404
5686,Mississippi,2024-04-01,1263.512
5687,Montana,2024-04-01,577.398
5688,North Carolina,2024-04-01,5297.456
5689,North Dakota,2024-04-01,422.93
5690,Nebraska,2024-04-01,1073.087
5691,New Hampshire,2024-04-01,769.086
5692,New Jersey,2024-04-01,4900.58
5693,New Mexico,2024-04-01,979.452
5694,Nevada,2024-04-01,1634.683
5695,New York,2024-04-01,9914.778
5696,Ohio,2024-04-01,5909.763
5697,Oklahoma,2024-04-01,1994.846
5698,Oregon,2024-04-01,2188.533
5699,Pennsylvania,2024-04-01,6596.095
5700,Rhode Island,2024-04-01,593.992
5701,South Carolina,2024-04-01,2549.807
5702,South Dakota,2024-04-01,483.308
5703,Tennessee,2024-04-01,3443.236
5704,Texas,2024-04-01,15547.567
5705,Utah,2024-04-01,1821.796
5706,Virginia,2024-04-01,4552.271
5707,Vermont,2024-04-01,353.587
5708,Washington,2024-04-01,4040.906
5709,Wisconsin,2024-04-01,3141.624
5710,West Virginia,2024-04-01,792.3
5711,Wyoming,2024-04-01,292.361
5712,Alaska,2024-05-01,359.97
5713,Alabama,2024-05-01,2353.106
5714,Arkansas,2024-05-01,1409.402
5715,Arizona,2024-05-01,3732.625
5716,California,2024-05-01,19673.274
5717,Colorado,2024-05-01,3264.467
5718,Connecticut,2024-05-01,1930.318
5719,District of Columbia,2024-05-01,413.259
5720,Delaware,2024-05-01,510.213
5721,Florida,2024-05-01,11122.051
5722,Georgia,2024-05-01,5429.535
5723,Hawaii,2024-05-01,681.401
5724,Iowa,2024-05-01,1707.124
5725,Idaho,2024-05-01,994.993
5726,Illinois,2024-05-01,6643.662
5727,Indiana,2024-05-01,3463.227
5728,Kansas,2024-05-01,1544.96
5729,Kentucky,2024-05-01,2090.981
5730,Louisiana,2024-05-01,2086.574
5731,Massachusetts,2024-05-01,3920.289
5732,Maryland,2024-05-01,3240.926
5733,Maine,2024-05-01,706.07
5734,Michigan,2024-05-01,5059.075
5735,Minnesota,2024-05-01,3133.745
5736,Missouri,2024-05-01,3141.943
5737,Mississippi,2024-05-01,1268.165
5738,Montana,2024-05-01,578.566
5739,North Carolina,2024-05-01,5300.022
5740,North Dakota,2024-05-01,423.915
5741,Nebraska,2024-05-01,1074.985
5742,New Hampshire,2024-05-01,770.11
5743,New Jersey,2024-05-01,4905.629
5744,New Mexico,2024-05-01,980.744
5745,Nevada,2024-05-01,1638.289
5746,New York,2024-05-01,9927.285
5747,Ohio,2024-05-01,5922.108
5748,Oklahoma,2024-05-01,1996.551
5749,Oregon,2024-05-01,2190.845
5750,Pennsylvania,2024-05-01,6589.474
5751,Rhode Island,2024-05-01,594.534
5752,South Carolina,2024-05-01,2558.925
5753,South Dakota,2024-05-01,484.09
5754,Tennessee,2024-05-01,3451.411
5755,Texas,2024-05-01,15590.962
5756,Utah,2024-05-01,1825.022
5757,Virginia,2024-05-01,4552.841
5758,Vermont,2024-05-01,353.797
5759,Washington,2024-05-01,4044.596
5760,Wisconsin,2024-05-01,3143.322
5761,West Virginia,2024-05-01,791.963
5762,Wyoming,2024-05-01,292.521
5763,Alaska,2024-06-01,360.554
5764,Alabama,2024-06-01,2356.478
5765,Arkansas,2024-06-01,1412.275
5766,Arizona,2024-06-01,3738.461
5767,California,2024-06-01,19703.21
5768,Colorado,2024-06-01,3268.553
5769,Connecticut,2024-06-01,1932.464
5770,District of Columbia,2024-06-01,413.193
5771,Delaware,2024-06-01,510.608
5772,Florida,2024-06-01,11127.717
5773,Georgia,2024-06-01,5433.38
5774,Hawaii,2024-06-01,682.514
5775,Iowa,2024-06-01,1709.383
5776,Idaho,2024-06-01,997.43
5777,Illinois,2024-06-01,6652.901
5778,Indiana,2024-06-01,3472.328
5779,Kansas,2024-06-01,1548.236
5780,Kentucky,2024-06-01,2096.009
5781,Louisiana,2024-06-01,2088.698
5782,Massachusetts,2024-06-01,3926.808
5783,Maryland,2024-06-01,3243.03
5784,Maine,2024-06-01,707.413
5785,Michigan,2024-06-01,5065.022
5786,Minnesota,2024-06-01,3137.807
5787,Missouri,2024-06-01,3146.518
5788,Mississippi,2024-06-01,1272.868
5789,Montana,2024-06-01,579.439
5790,North Carolina,2024-06-01,5301.411
5791,North Dakota,2024-06-01,424.862
5792,Nebraska,2024-06-01,1077.036
5793,New Hampshire,2024-06-01,770.962
5794,New Jersey,2024-06-01,4908.702
5795,New Mexico,2024-06-01,981.879
5796,Nevada,2024-06-01,1641.526
5797,New York,2024-06-01,9937.299
5798,Ohio,2024-06-01,5932.666
5799,Oklahoma,2024-06-01,1998.141
5800,Oregon,2024-06-01,2192.807
5801,Pennsylvania,2024-06-01,6581.371
5802,Rhode Island,2024-06-01,594.706
5803,South Carolina,2024-06-01,2567.402
5804,South Dakota,2024-06-01,484.9
5805,Tennessee,2024-06-01,3458.781
5806,Texas,2024-06-01,15630.973
5807,Utah,2024-06-01,1827.812
5808,Virginia,2024-06-01,4553.133
5809,Vermont,2024-06-01,353.904
5810,Washington,2024-06-01,4046.264
5811,Wisconsin,2024-06-01,3144.858
5812,West Virginia,2024-06-01,791.357
5813,Wyoming,2024-06-01,292.613
5814,Alaska,2024-07-01,360.954
5815,Alabama,2024-07-01,2360.53
5816,Arkansas,2024-07-01,1414.569
5817,Arizona,2024-07-01,3743.709
5818,California,2024-07-01,19725.484
5819,Colorado,2024-07-01,3271.217
5820,Connecticut,2024-07-01,1934.186
5821,District of Columbia,2024-07-01,413.164
5822,Delaware,2024-07-01,510.948
5823,Florida,2024-07-01,11128.004
5824,Georgia,2024-07-01,5434.127
5825,Hawaii,2024-07-01,683.378
5826,Iowa,2024-07-01,1710.631
5827,Idaho,2024-07-01,999.252
5828,Illinois,2024-07-01,6657.256
5829,Indiana,2024-07-01,3479.96
5830,Kansas,2024-07-01,1551.11
5831,Kentucky,2024-07-01,2100.537
5832,Louisiana,2024-07-01,2090.335
5833,Massachusetts,2024-07-01,3930.779
5834,Maryland,2024-07-01,3245.097
5835,Maine,2024-07-01,708.382
5836,Michigan,2024-07-01,5068.756
5837,Minnesota,2024-07-01,3141.098
5838,Missouri,2024-07-01,3149.358
5839,Mississippi,2024-07-01,1277.235
5840,Montana,2024-07-01,579.661
5841,North Carolina,2024-07-01,5300.665
5842,North Dakota,2024-07-01,425.63
5843,Nebraska,2024-07-01,1078.999
5844,New Hampshire,2024-07-01,771.573
5845,New Jersey,2024-07-01,4908.756
5846,New Mexico,2024-07-01,982.694
5847,Nevada,2024-07-01,1644.095
5848,New York,2024-07-01,9942.561
5849,Ohio,2024-07-01,5941.03
5850,Oklahoma,2024-07-01,1999.324
5851,Oregon,2024-07-01,2193.934
5852,Pennsylvania,2024-07-01,6571.138
5853,Rhode Island,2024-07-01,594.565
5854,South Carolina,2024-07-01,2573.791
5855,South Dakota,2024-07-01,485.62
5856,Tennessee,2024-07-01,3464.192
5857,Texas,2024-07-01,15665.161
5858,Utah,2024-07-01,1829.745
5859,Virginia,2024-07-01,4552.811
5860,Vermont,2024-07-01,353.868
5861,Washington,2024-07-01,4045.255
5862,Wisconsin,2024-07-01,3145.758
5863,West Virginia,2024-07-01,790.414
5864,Wyoming,2024-07-01,292.583
5865,Alaska,2024-08-01,361.241
5866,Alabama,2024-08-01,2364.919
5867,Arkansas,2024-08-01,1416.51
5868,Arizona,2024-08-01,3749.144
5869,California,2024-08-01,19740.428
5870,Colorado,2024-08-01,3272.972
5871,Connecticut,2024-08-01,1936.144
5872,District of Columbia,2024-08-01,413.239
5873,Delaware,2024-08-01,511.308
5874,Florida,2024-08-01,11124.952
5875,Georgia,2024-08-01,5432.917
5876,Hawaii,2024-08-01,684.066
5877,Iowa,2024-08-01,1711.895
5878,Idaho,2024-08-01,1000.682
5879,Illinois,2024-08-01,6658.576
5880,Indiana,2024-08-01,3486.627
5881,Kansas,2024-08-01,1553.705
5882,Kentucky,2024-08-01,2104.458
5883,Louisiana,2024-08-01,2090.922
5884,Massachusetts,2024-08-01,3933.101
5885,Maryland,2024-08-01,3247.286
5886,Maine,2024-08-01,709.065
5887,Michigan,2024-08-01,5071.389
5888,Minnesota,2024-08-01,3144.358
5889,Missouri,2024-08-01,3150.836
5890,Mississippi,2024-08-01,1281.499
5891,Montana,2024-08-01,579.321
5892,North Carolina,2024-08-01,5298.793
5893,North Dakota,2024-08-01,426.197
5894,Nebraska,2024-08-01,1080.959
5895,New Hampshire,2024-08-01,772.153
5896,New Jersey,2024-08-01,4906.661
5897,New Mexico,2024-08-01,983.469
5898,Nevada,2024-08-01,1646.278
5899,New York,2024-08-01,9944.781
5900,Ohio,2024-08-01,5948.275
5901,Oklahoma,2024-08-01,2000.628
5902,Oregon,2024-08-01,2195.285
5903,Pennsylvania,2024-08-01,6560.78
5904,Rhode Island,2024-08-01,594.377
5905,South Carolina,2024-08-01,2577.914
5906,South Dakota,2024-08-01,486.273
5907,Tennessee,2024-08-01,3468.96
5908,Texas,2024-08-01,15695.87
5909,Utah,2024-08-01,1831.154
5910,Virginia,2024-08-01,4552.984
5911,Vermont,2024-08-01,353.798
5912,Washington,2024-08-01,4042.61
5913,Wisconsin,2024-08-01,3146.428
5914,West Virginia,2024-08-01,789.243
5915,Wyoming,2024-08-01,292.485
5916,Alaska,2024-09-01,361.522
5917,Alabama,2024-09-01,2369.298
5918,Arkansas,2024-09-01,1418.27
5919,Arizona,2024-09-01,3755.057
5920,California,2024-09-01,19739.738
5921,Colorado,2024-09-01,3274.045
5922,Connecticut,2024-09-01,1938.215
5923,District of Columbia,2024-09-01,413.56
5924,Delaware,2024-09-01,511.724
5925,Florida,2024-09-01,11120.132
5926,Georgia,2024-09-01,5429.124
5927,Hawaii,2024-09-01,684.509
5928,Iowa,2024-09-01,1714.009
5929,Idaho,2024-09-01,1001.939
5930,Illinois,2024-09-01,6657.532
5931,Indiana,2024-09-01,3492.639
5932,Kansas,2024-09-01,1555.966
5933,Kentucky,2024-09-01,2107.433
5934,Louisiana,2024-09-01,2090.393
5935,Massachusetts,2024-09-01,3935.22
5936,Maryland,2024-09-01,3245.137
5937,Maine,2024-09-01,709.455
5938,Michigan,2024-09-01,5073.576
5939,Minnesota,2024-09-01,3147.71
5940,Missouri,2024-09-01,3150.245
5941,Mississippi,2024-09-01,1285.448
5942,Montana,2024-09-01,578.616
5943,North Carolina,2024-09-01,5296.912
5944,North Dakota,2024-09-01,426.589
5945,Nebraska,2024-09-01,1082.969
5946,New Hampshire,2024-09-01,772.732
5947,New Jersey,2024-09-01,4903.661
5948,New Mexico,2024-09-01,984.368
5949,Nevada,2024-09-01,1648.253
5950,New York,2024-09-01,9945.041
5951,Ohio,2024-09-01,5953.993
5952,Oklahoma,2024-09-01,2002.153
5953,Oregon,2024-09-01,2197.586
5954,Pennsylvania,2024-09-01,6551.356
5955,Rhode Island,2024-09-01,594.297
5956,South Carolina,2024-09-01,2580.056
5957,South Dakota,2024-09-01,486.854
5958,Tennessee,2024-09-01,3474.605
5959,Texas,2024-09-01,15723.35
5960,Utah,2024-09-01,1832.233
5961,Virginia,2024-09-01,4553.411
5962,Vermont,2024-09-01,353.705
5963,Washington,2024-09-01,4039.037
5964,Wisconsin,2024-09-01,3146.941
5965,West Virginia,2024-09-01,787.891
5966,Wyoming,2024-09-01,292.307
5967,Alaska,2024-10-01,361.833
5968,Alabama,2024-10-01,2372.572
5969,Arkansas,2024-10-01,1419.842
5970,Arizona,2024-10-01,3761.189
5971,California,2024-10-01,19748.657
5972,Colorado,2024-10-01,3274.23
5973,Connecticut,2024-10-01,1939.945
5974,District of Columbia,2024-10-01,414.091
5975,Delaware,2024-10-01,512.133
5976,Florida,2024-10-01,11116.877
5977,Georgia,2024-10-01,5425.189
5978,Hawaii,2024-10-01,685.209
5979,Iowa,2024-10-01,1716.983
5980,Idaho,2024-10-01,1002.913
5981,Illinois,2024-10-01,6654.765
5982,Indiana,2024-10-01,3497.485
5983,Kansas,2024-10-01,1557.847
5984,Kentucky,2024-10-01,2109.114
5985,Louisiana,2024-10-01,2089.02
5986,Massachusetts,2024-10-01,3937.67
5987,Maryland,2024-10-01,3246.054
5988,Maine,2024-10-01,709.513
5989,Michigan,2024-10-01,5075.135
5990,Minnesota,2024-10-01,3150.789
5991,Missouri,2024-10-01,3151.313
5992,Mississippi,2024-10-01,1289.297
5993,Montana,2024-10-01,577.65
5994,North Carolina,2024-10-01,5294.735
5995,North Dakota,2024-10-01,426.909
5996,Nebraska,2024-10-01,1084.937
5997,New Hampshire,2024-10-01,773.196
5998,New Jersey,2024-10-01,4900.103
5999,New Mexico,2024-10-01,985.336
6000,Nevada,2024-10-01,1649.918
6001,New York,2024-10-01,9944.825
6002,Ohio,2024-10-01,5959.154
6003,Oklahoma,2024-10-01,2003.563
6004,Oregon,2024-10-01,2200.236
6005,Pennsylvania,2024-10-01,6542.45
6006,Rhode Island,2024-10-01,594.317
6007,South Carolina,2024-10-01,2580.702
6008,South Dakota,2024-10-01,487.413
6009,Tennessee,2024-10-01,3480.823
6010,Texas,2024-10-01,15745.766
6011,Utah,2024-10-01,1832.988
6012,Virginia,2024-10-01,4553.527
6013,Vermont,2024-10-01,353.576
6014,Washington,2024-10-01,4037.685
6015,Wisconsin,2024-10-01,3146.548
6016,West Virginia,2024-10-01,786.361
6017,Wyoming,2024-10-01,291.996
6018,Alaska,2024-11-01,362.242
6019,Alabama,2024-11-01,2374.942
6020,Arkansas,2024-11-01,1421.285
6021,Arizona,2024-11-01,3767.683
6022,California,2024-11-01,19754.66
6023,Colorado,2024-11-01,3273.918
6024,Connecticut,2024-11-01,1941.347
6025,District of Columbia,2024-11-01,414.64
6026,Delaware,2024-11-01,512.561
6027,Florida,2024-11-01,11115.854
6028,Georgia,2024-11-01,5421.199
6029,Hawaii,2024-11-01,686.051
6030,Iowa,2024-11-01,1720.593
6031,Idaho,2024-11-01,1003.692
6032,Illinois,2024-11-01,6650.971
6033,Indiana,2024-11-01,3501.124
6034,Kansas,2024-11-01,1559.54
6035,Kentucky,2024-11-01,2109.809
6036,Louisiana,2024-11-01,2087.21
6037,Massachusetts,2024-11-01,3939.859
6038,Maryland,2024-11-01,3246.299
6039,Maine,2024-11-01,709.331
6040,Michigan,2024-11-01,5075.936
6041,Minnesota,2024-11-01,3153.783
6042,Missouri,2024-11-01,3152.923
6043,Mississippi,2024-11-01,1292.768
6044,Montana,2024-11-01,576.707
6045,North Carolina,2024-11-01,5292.575
6046,North Dakota,2024-11-01,427.241
6047,Nebraska,2024-11-01,1086.872
6048,New Hampshire,2024-11-01,773.525
6049,New Jersey,2024-11-01,4897.135
6050,New Mexico,2024-11-01,986.202
6051,Nevada,2024-11-01,1651.499
6052,New York,2024-11-01,9946.572
6053,Ohio,2024-11-01,5963.937
6054,Oklahoma,2024-11-01,2005.073
6055,Oregon,2024-11-01,2202.614
6056,Pennsylvania,2024-11-01,6535.011
6057,Rhode Island,2024-11-01,594.365
6058,South Carolina,2024-11-01,2580.903
6059,South Dakota,2024-11-01,488.016
6060,Tennessee,2024-11-01,3487.578
6061,Texas,2024-11-01,15764.862
6062,Utah,2024-11-01,1833.714
6063,Virginia,2024-11-01,4552.686
6064,Vermont,2024-11-01,353.34
6065,Washington,2024-11-01,4037.927
6066,Wisconsin,2024-11-01,3144.871
6067,West Virginia,2024-11-01,784.869
6068,Wyoming,2024-11-01,291.57
6069,Alaska,2024-12-01,362.787
6070,Alabama,2024-12-01,2376.888
6071,Arkansas,2024-12-01,1422.853
6072,Arizona,2024-12-01,3774.525
6073,California,2024-12-01,19760.542
6074,Colorado,2024-12-01,3273.572
6075,Connecticut,2024-12-01,1942.536
6076,District of Columbia,2024-12-01,415.05
6077,Delaware,2024-12-01,513.052
6078,Florida,2024-12-01,11117.838
6079,Georgia,2024-12-01,5416.92
6080,Hawaii,2024-12-01,686.967
6081,Iowa,2024-12-01,1724.571
6082,Idaho,2024-12-01,1004.459
6083,Illinois,2024-12-01,6646.902
6084,Indiana,2024-12-01,3503.731
6085,Kansas,2024-12-01,1561.191
6086,Kentucky,2024-12-01,2110.182
6087,Louisiana,2024-12-01,2085.904
6088,Massachusetts,2024-12-01,3944.592
6089,Maryland,2024-12-01,3243.372
6090,Maine,2024-12-01,709.097
6091,Michigan,2024-12-01,5075.879
6092,Minnesota,2024-12-01,3157.318
6093,Missouri,2024-12-01,3154.798
6094,Mississippi,2024-12-01,1295.339
6095,Montana,2024-12-01,576.072
6096,North Carolina,2024-12-01,5291.164
6097,North Dakota,2024-12-01,427.648
6098,Nebraska,2024-12-01,1088.834
6099,New Hampshire,2024-12-01,773.825
6100,New Jersey,2024-12-01,4896.083
6101,New Mexico,2024-12-01,986.879
6102,Nevada,2024-12-01,1653.296
6103,New York,2024-12-01,9951.364
6104,Ohio,2024-12-01,5968.356
6105,Oklahoma,2024-12-01,2006.998
6106,Oregon,2024-12-01,2204.486
6107,Pennsylvania,2024-12-01,6530.187
6108,Rhode Island,2024-12-01,594.457
6109,South Carolina,2024-12-01,2581.78
6110,South Dakota,2024-12-01,488.659
6111,Tennessee,2024-12-01,3495.761
6112,Texas,2024-12-01,15783.877
6113,Utah,2024-12-01,1834.676
6114,Virginia,2024-12-01,4550.91
6115,Vermont,2024-12-01,352.963
6116,Washington,2024-12-01,4039.714
6117,Wisconsin,2024-12-01,3141.925
6118,West Virginia,2024-12-01,783.58
6119,Wyoming,2024-12-01,291.095
6120,Alaska,2025-01-01,363.404
6121,Alabama,2025-01-01,2378.428
6122,Arkansas,2025-01-01,1424.605
6123,Arizona,2025-01-01,3781.221
6124,California,2025-01-01,19764.218
6125,Colorado,2025-01-01,3273.054
6126,Connecticut,2025-01-01,1943.229
6127,District of Columbia,2025-01-01,415.267
6128,Delaware,2025-01-01,513.593
6129,Florida,2025-01-01,11122.059
6130,Georgia,2025-01-01,5413.52
6131,Hawaii,2025-01-01,687.691
6132,Iowa,2025-01-01,1728.75
6133,Idaho,2025-01-01,1005.274
6134,Illinois,2025-01-01,6642.057
6135,Indiana,2025-01-01,3505.623
6136,Kansas,2025-01-01,1562.875
6137,Kentucky,2025-01-01,2110.828
6138,Louisiana,2025-01-01,2085.865
6139,Massachusetts,2025-01-01,3949.077
6140,Maryland,2025-01-01,3240.31
6141,Maine,2025-01-01,708.929
6142,Michigan,2025-01-01,5074.356
6143,Minnesota,2025-01-01,3161.05
6144,Missouri,2025-01-01,3157.04
6145,Mississippi,2025-01-01,1296.727
6146,Montana,2025-01-01,575.806
6147,North Carolina,2025-01-01,5290.467
6148,North Dakota,2025-01-01,428.148
6149,Nebraska,2025-01-01,1090.809
6150,New Hampshire,2025-01-01,774.179
6151,New Jersey,2025-01-01,4896.874
6152,New Mexico,2025-01-01,987.201
6153,Nevada,2025-01-01,1655.393
6154,New York,2025-01-01,9958.025
6155,Ohio,2025-01-01,5970.79
6156,Oklahoma,2025-01-01,2009.517
6157,Oregon,2025-01-01,2206.067
6158,Pennsylvania,2025-01-01,6527.997
6159,Rhode Island,2025-01-01,594.6
6160,South Carolina,2025-01-01,2583.848
6161,South Dakota,2025-01-01,489.306
6162,Tennessee,2025-01-01,3504.751
6163,Texas,2025-01-01,15803.242
6164,Utah,2025-01-01,1835.953
6165,Virginia,2025-01-01,4548.415
6166,Vermont,2025-01-01,352.477
6167,Washington,2025-01-01,4042.117
6168,Wisconsin,2025-01-01,3137.979
6169,West Virginia,2025-01-01,782.497
6170,Wyoming,2025-01-01,290.644
6171,Alaska,2025-02-01,363.992
6172,Alabama,2025-02-01,2378.799
6173,Arkansas,2025-02-01,1426.309
6174,Arizona,2025-02-01,3786.676
6175,California,2025-02-01,19776.833
6176,Colorado,2025-02-01,3271.788
6177,Connecticut,2025-02-01,1943.157
6178,District of Columbia,2025-02-01,415.242
6179,Delaware,2025-02-01,514.112
6180,Florida,2025-02-01,11124.8
6181,Georgia,2025-02-01,5411.608
6182,Hawaii,2025-02-01,688.219
6183,Iowa,2025-02-01,1732.609
6184,Idaho,2025-02-01,1005.997
6185,Illinois,2025-02-01,6635.312
6186,Indiana,2025-02-01,3506.813
6187,Kansas,2025-02-01,1564.514
6188,Kentucky,2025-02-01,2111.807
6189,Louisiana,2025-02-01,2086.707
6190,Massachusetts,2025-02-01,3951.911
6191,Maryland,2025-02-01,3238.817
6192,Maine,2025-02-01,708.807
6193,Michigan,2025-02-01,5070.373
6194,Minnesota,2025-02-01,3164.052
6195,Missouri,2025-02-01,3159.748
6196,Mississippi,2025-02-01,1297.217
6197,Montana,2025-02-01,575.849
6198,North Carolina,2025-02-01,5290.213
6199,North Dakota,2025-02-01,428.674
6200,Nebraska,2025-02-01,1092.681
6201,New Hampshire,2025-02-01,774.517
6202,New Jersey,2025-02-01,4898.132
6203,New Mexico,2025-02-01,987.239
6204,Nevada,2025-02-01,1657.49
6205,New York,2025-02-01,9963.936
6206,Ohio,2025-02-01,5970.269
6207,Oklahoma,2025-02-01,2012.211
6208,Oregon,2025-02-01,2207.668
6209,Pennsylvania,2025-02-01,6527.115
6210,Rhode Island,2025-02-01,594.693
6211,South Carolina,2025-02-01,2586.704
6212,South Dakota,2025-02-01,489.89
6213,Tennessee,2025-02-01,3512.707
6214,Texas,2025-02-01,15820.568
6215,Utah,2025-02-01,1837.227
6216,Virginia,2025-02-01,4545.016
6217,Vermont,2025-02-01,351.9
6218,Washington,2025-02-01,4045.299
6219,Wisconsin,2025-02-01,3133.287
6220,West Virginia,2025-02-01,781.59
6221,Wyoming,2025-02-01,290.232
6222,Alaska,2025-03-01,364.434
6223,Alabama,2025-03-01,2378.342
6224,Arkansas,2025-03-01,1427.746
6225,Arizona,2025-03-01,3790.098
6226,California,2025-03-01,19783.947
6227,Colorado,2025-03-01,3269.236
6228,Connecticut,2025-03-01,1942.185
6229,District of Columbia,2025-03-01,414.897
6230,Delaware,2025-03-01,514.548
6231,Florida,2025-03-01,11121.794
6232,Georgia,2025-03-01,5409.334
6233,Hawaii,2025-03-01,688.191
6234,Iowa,2025-03-01,1735.217
6235,Idaho,2025-03-01,1006.408
6236,Illinois,2025-03-01,6624.703
6237,Indiana,2025-03-01,3507.325
6238,Kansas,2025-03-01,1566.037
6239,Kentucky,2025-03-01,2112.671
6240,Louisiana,2025-03-01,2087.357
6241,Massachusetts,2025-03-01,3952.593
6242,Maryland,2025-03-01,3235.825
6243,Maine,2025-03-01,708.694
6244,Michigan,2025-03-01,5063.179
6245,Minnesota,2025-03-01,3165.998
6246,Missouri,2025-03-01,3161.383
6247,Mississippi,2025-03-01,1296.5
6248,Montana,2025-03-01,576.124
6249,North Carolina,2025-03-01,5290.074
6250,North Dakota,2025-03-01,429.102
6251,Nebraska,2025-03-01,1094.366
6252,New Hampshire,2025-03-01,774.779
6253,New Jersey,2025-03-01,4898.44
6254,New Mexico,2025-03-01,986.996
6255,Nevada,2025-03-01,1659.14
6256,New York,2025-03-01,9966.391
6257,Ohio,2025-03-01,5966.66
6258,Oklahoma,2025-03-01,2014.439
6259,Oregon,2025-03-01,2209.519
6260,Pennsylvania,2025-03-01,6525.771
6261,Rhode Island,2025-03-01,594.638
6262,South Carolina,2025-03-01,2589.659
6263,South Dakota,2025-03-01,490.373
6264,Tennessee,2025-03-01,3518.464
6265,Texas,2025-03-01,15834.371
6266,Utah,2025-03-01,1837.999
6267,Virginia,2025-03-01,4540.405
6268,Vermont,2025-03-01,351.166
6269,Washington,2025-03-01,4047.126
6270,Wisconsin,2025-03-01,3128.043
6271,West Virginia,2025-03-01,780.816
6272,Wyoming,2025-03-01,289.805
6273,Alaska,2025-04-01,364.68
6274,Alabama,2025-04-01,2377.299
6275,Arkansas,2025-04-01,1429.05
6276,Arizona,2025-04-01,3792.2
6277,California,2025-04-01,19792.412
6278,Colorado,2025-04-01,3265.416
6279,Connecticut,2025-04-01,1940.412
6280,District of Columbia,2025-04-01,414.252
6281,Delaware,2025-04-01,514.928
6282,Florida,2025-04-01,11112.016
6283,Georgia,2025-04-01,5407.544
6284,Hawaii,2025-04-01,687.779
6285,Iowa,2025-04-01,1736.357
6286,Idaho,2025-04-01,1006.555
6287,Illinois,2025-04-01,6610.845
6288,Indiana,2025-04-01,3507.483
6289,Kansas,2025-04-01,1567.609
6290,Kentucky,2025-04-01,2113.284
6291,Louisiana,2025-04-01,2087.432
6292,Massachusetts,2025-04-01,3951.418
6293,Maryland,2025-04-01,3233.05
6294,Maine,2025-04-01,708.568
6295,Michigan,2025-04-01,5053.176
6296,Minnesota,2025-04-01,3167.062
6297,Missouri,2025-04-01,3161.876
6298,Mississippi,2025-04-01,1295.155
6299,Montana,2025-04-01,576.503
6300,North Carolina,2025-04-01,5289.955
6301,North Dakota,2025-04-01,429.401
6302,Nebraska,2025-04-01,1095.866
6303,New Hampshire,2025-04-01,774.917
6304,New Jersey,2025-04-01,4897.988
6305,New Mexico,2025-04-01,986.389
6306,Nevada,2025-04-01,1660.384
6307,New York,2025-04-01,9966.421
6308,Ohio,2025-04-01,5961.335
6309,Oklahoma,2025-04-01,2016.136
6310,Oregon,2025-04-01,2211.46
6311,Pennsylvania,2025-04-01,6523.912
6312,Rhode Island,2025-04-01,594.507
6313,South Carolina,2025-04-01,2592.395
6314,South Dakota,2025-04-01,490.782
6315,Tennessee,2025-04-01,3522.012
6316,Texas,2025-04-01,15845.628
6317,Utah,2025-04-01,1838.168
6318,Virginia,2025-04-01,4535.111
6319,Vermont,2025-04-01,350.363
6320,Washington,2025-04-01,4047.911
6321,Wisconsin,2025-04-01,3122.374
6322,West Virginia,2025-04-01,780.258
6323,Wyoming,2025-04-01,289.328
6324,Alaska,2025-05-01,364.733
6325,Alabama,2025-05-01,2375.367
6326,Arkansas,2025-05-01,1430.261
6327,Arizona,2025-05-01,3794.357
6328,California,2025-05-01,19810.355
6329,Colorado,2025-05-01,3261.371
6330,Connecticut,2025-05-01,1938.12
6331,District of Columbia,2025-05-01,413.222
6332,Delaware,2025-05-01,515.273
6333,Florida,2025-05-01,11097.235
6334,Georgia,2025-05-01,5407.664
6335,Hawaii,2025-05-01,687.381
6336,Iowa,2025-05-01,1736.268
6337,Idaho,2025-05-01,1006.605
6338,Illinois,2025-05-01,6595.687
6339,Indiana,2025-05-01,3508.068
6340,Kansas,2025-05-01,1569.404
6341,Kentucky,2025-05-01,2113.717
6342,Louisiana,2025-05-01,2086.561
6343,Massachusetts,2025-05-01,3949.636
6344,Maryland,2025-05-01,3234.236
6345,Maine,2025-05-01,708.353
6346,Michigan,2025-05-01,5041.83
6347,Minnesota,2025-05-01,3168.185
6348,Missouri,2025-05-01,3162.368
6349,Mississippi,2025-05-01,1294.436
6350,Montana,2025-05-01,576.836
6351,North Carolina,2025-05-01,5289.914
6352,North Dakota,2025-05-01,429.604
6353,Nebraska,2025-05-01,1097.161
6354,New Hampshire,2025-05-01,774.909
6355,New Jersey,2025-05-01,4897.944
6356,New Mexico,2025-05-01,985.461
6357,Nevada,2025-05-01,1661.117
6358,New York,2025-05-01,9966.598
6359,Ohio,2025-05-01,5954.968
6360,Oklahoma,2025-05-01,2017.934
6361,Oregon,2025-05-01,2213.343
6362,Pennsylvania,2025-05-01,6521.592
6363,Rhode Island,2025-05-01,594.412
6364,South Carolina,2025-05-01,2594.54
6365,South Dakota,2025-05-01,491.216
6366,Tennessee,2025-05-01,3524.62
6367,Texas,2025-05-01,15858.126
6368,Utah,2025-05-01,1837.84
6369,Virginia,2025-05-01,4529.699
6370,Vermont,2025-05-01,349.68
6371,Washington,2025-05-01,4048.701
6372,Wisconsin,2025-05-01,3115.7
6373,West Virginia,2025-05-01,779.991
6374,Wyoming,2025-05-01,288.794
6375,Alaska,2025-06-01,364.769
6376,Alabama,2025-06-01,2374.605
6377,Arkansas,2025-06-01,1431.816
6378,Arizona,2025-06-01,3797.619
6379,California,2025-06-01,19818.339
6380,Colorado,2025-06-01,3258.203
6381,Connecticut,2025-06-01,1935.981
6382,District of Columbia,2025-06-01,411.85
6383,Delaware,2025-06-01,515.621
6384,Florida,2025-06-01,11082.777
6385,Georgia,2025-06-01,5408.413
6386,Hawaii,2025-06-01,686.897
6387,Iowa,2025-06-01,1735.617
6388,Idaho,2025-06-01,1006.77
6389,Illinois,2025-06-01,6580.997
6390,Indiana,2025-06-01,3509.583
6391,Kansas,2025-06-01,1571.473
6392,Kentucky,2025-06-01,2114.206
6393,Louisiana,2025-06-01,2085.577
6394,Massachusetts,2025-06-01,3948.218
6395,Maryland,2025-06-01,3233.598
6396,Maine,2025-06-01,708.146
6397,Michigan,2025-06-01,5031.033
6398,Minnesota,2025-06-01,3170.28
6399,Missouri,2025-06-01,3162.002
6400,Mississippi,2025-06-01,1294.097
6401,Montana,2025-06-01,577.151
6402,North Carolina,2025-06-01,5290.942
6403,North Dakota,2025-06-01,429.864
6404,Nebraska,2025-06-01,1098.372
6405,New Hampshire,2025-06-01,774.903
6406,New Jersey,2025-06-01,4899.596
6407,New Mexico,2025-06-01,984.485
6408,Nevada,2025-06-01,1662.107
6409,New York,2025-06-01,9970.634
6410,Ohio,2025-06-01,5947.621
6411,Oklahoma,2025-06-01,2020.199
6412,Oregon,2025-06-01,2215.494
6413,Pennsylvania,2025-06-01,6521.09
6414,Rhode Island,2025-06-01,594.381
6415,South Carolina,2025-06-01,2597.055
6416,South Dakota,2025-06-01,491.756
6417,Tennessee,2025-06-01,3527.455
6418,Texas,2025-06-01,15875.182
6419,Utah,2025-06-01,1837.615
6420,Virginia,2025-06-01,4524.672
6421,Vermont,2025-06-01,349.178
6422,Washington,2025-06-01,4048.655
6423,Wisconsin,2025-06-01,3108.912
6424,West Virginia,2025-06-01,780.168
6425,Wyoming,2025-06-01,288.285
6426,Alaska,2025-07-01,365.105
6427,Alabama,2025-07-01,2375.655
6428,Arkansas,2025-07-01,1434.815
6429,Arizona,2025-07-01,3802.368
6430,California,2025-07-01,19836.296
6431,Colorado,2025-07-01,3255.953
6432,Connecticut,2025-07-01,1934.347
6433,District of Columbia,2025-07-01,410.461
6434,Delaware,2025-07-01,516.023
6435,Florida,2025-07-01,11076.857
6436,Georgia,2025-07-01,5413.58
6437,Hawaii,2025-07-01,686.826
6438,Iowa,2025-07-01,1735.819
6439,Idaho,2025-07-01,1007.286
6440,Illinois,2025-07-01,6568.38
6441,Indiana,2025-07-01,3510.853
6442,Kansas,2025-07-01,1574.003
6443,Kentucky,2025-07-01,2115.132
6444,Louisiana,2025-07-01,2087.188
6445,Massachusetts,2025-07-01,3946.177
6446,Maryland,2025-07-01,3233.639
6447,Maine,2025-07-01,708.211
6448,Michigan,2025-07-01,5020.617
6449,Minnesota,2025-07-01,3173.356
6450,Missouri,2025-07-01,3163.431
6451,Mississippi,2025-07-01,1294.461
6452,Montana,2025-07-01,577.577
6453,North Carolina,2025-07-01,5294.737
6454,North Dakota,2025-07-01,430.49
6455,Nebraska,2025-07-01,1099.878
6456,New Hampshire,2025-07-01,775.092
6457,New Jersey,2025-07-01,4903.658
6458,New Mexico,2025-07-01,983.892
6459,Nevada,2025-07-01,1665.487
6460,New York,2025-07-01,9986.38
6461,Ohio,2025-07-01,5941.374
6462,Oklahoma,2025-07-01,2022.048
6463,Oregon,2025-07-01,2217.91
6464,Pennsylvania,2025-07-01,6526.708
6465,Rhode Island,2025-07-01,594.146
6466,South Carolina,2025-07-01,2602.867
6467,South Dakota,2025-07-01,492.428
6468,Tennessee,2025-07-01,3531.436
6469,Texas,2025-07-01,15897.795
6470,Utah,2025-07-01,1838.332
6471,Virginia,2025-07-01,4520.733
6472,Vermont,2025-07-01,348.673
6473,Washington,2025-07-01,4050.631
6474,Wisconsin,2025-07-01,3104.739
6475,West Virginia,2025-07-01,780.875
6476,Wyoming,2025-07-01,287.945
6477,Alaska,2025-08-01,365.769
6478,Alabama,2025-08-01,2378.765
6479,Arkansas,2025-08-01,1438.959
6480,Arizona,2025-08-01,3807.59
6481,California,2025-08-01,19850.185
6482,Colorado,2025-08-01,3254.443
6483,Connecticut,2025-08-01,1933.239
6484,District of Columbia,2025-08-01,409.378
6485,Delaware,2025-08-01,516.415
6486,Florida,2025-08-01,11080.81
6487,Georgia,2025-08-01,5421.66
6488,Hawaii,2025-08-01,687.027
6489,Iowa,2025-08-01,1737.046
6490,Idaho,2025-08-01,1008.027
6491,Illinois,2025-08-01,6559.231
6492,Indiana,2025-08-01,3510.718
6493,Kansas,2025-08-01,1576.65
6494,Kentucky,2025-08-01,2116.407
6495,Louisiana,2025-08-01,2091.807
6496,Massachusetts,2025-08-01,3943.0
6497,Maryland,2025-08-01,3231.872
6498,Maine,2025-08-01,708.528
6499,Michigan,2025-08-01,5011.265
6500,Minnesota,2025-08-01,3176.798
6501,Missouri,2025-08-01,3166.12
6502,Mississippi,2025-08-01,1294.995
6503,Montana,2025-08-01,578.036
6504,North Carolina,2025-08-01,5300.672
6505,North Dakota,2025-08-01,431.457
6506,Nebraska,2025-08-01,1101.54
6507,New Hampshire,2025-08-01,775.433
6508,New Jersey,2025-08-01,4909.106
6509,New Mexico,2025-08-01,983.709
6510,Nevada,2025-08-01,1671.237
6511,New York,2025-08-01,10012.631
6512,Ohio,2025-08-01,5936.935
6513,Oklahoma,2025-08-01,2022.719
6514,Oregon,2025-08-01,2219.738
6515,Pennsylvania,2025-08-01,6537.899
6516,Rhode Island,2025-08-01,593.565
6517,South Carolina,2025-08-01,2611.841
6518,South Dakota,2025-08-01,493.112
6519,Tennessee,2025-08-01,3536.188
6520,Texas,2025-08-01,15921.704
6521,Utah,2025-08-01,1839.933
6522,Virginia,2025-08-01,4517.843
6523,Vermont,2025-08-01,348.063
6524,Washington,2025-08-01,4053.622
6525,Wisconsin,2025-08-01,3104.218
6526,West Virginia,2025-08-01,781.869
6527,Wyoming,2025-08-01,287.825
6528,Alaska,2025-09-01,366.639
6529,Alabama,2025-09-01,2383.172
6530,Arkansas,2025-09-01,1443.627
6531,Arizona,2025-09-01,3812.476
6532,California,2025-09-01,19856.618
6533,Colorado,2025-09-01,3253.988
6534,Connecticut,2025-09-01,1933.063
6535,District of Columbia,2025-09-01,408.743
6536,Delaware,2025-09-01,516.798
6537,Florida,2025-09-01,11093.357
6538,Georgia,2025-09-01,5430.828
6539,Hawaii,2025-09-01,687.361
6540,Iowa,2025-09-01,1739.237
6541,Idaho,2025-09-01,1008.929
6542,Illinois,2025-09-01,6555.136
6543,Indiana,2025-09-01,3509.507
6544,Kansas,2025-09-01,1579.116
6545,Kentucky,2025-09-01,2118.09
6546,Louisiana,2025-09-01,2098.614
6547,Massachusetts,2025-09-01,3939.694
6548,Maryland,2025-09-01,3227.159
6549,Maine,2025-09-01,709.123
6550,Michigan,2025-09-01,5004.12
6551,Minnesota,2025-09-01,3180.407
6552,Missouri,2025-09-01,3169.132
6553,Mississippi,2025-09-01,1295.547
6554,Montana,2025-09-01,578.57
6555,North Carolina,2025-09-01,5308.05
6556,North Dakota,2025-09-01,432.619
6557,Nebraska,2025-09-01,1103.17
6558,New Hampshire,2025-09-01,775.952
6559,New Jersey,2025-09-01,4915.086
6560,New Mexico,2025-09-01,983.988
6561,Nevada,2025-09-01,1678.448
6562,New York,2025-09-01,10044.581
6563,Ohio,2025-09-01,5935.238
6564,Oklahoma,2025-09-01,2022.471
6565,Oregon,2025-09-01,2221.014
6566,Pennsylvania,2025-09-01,6552.836
6567,Rhode Island,2025-09-01,592.799
6568,South Carolina,2025-09-01,2622.603
6569,South Dakota,2025-09-01,493.705
6570,Tennessee,2025-09-01,3541.397
6571,Texas,2025-09-01,15944.844
6572,Utah,2025-09-01,1842.268
6573,Virginia,2025-09-01,4516.628
6574,Vermont,2025-09-01,347.408
6575,Washington,2025-09-01,4056.992
6576,Wisconsin,2025-09-01,3107.251
6577,West Virginia,2025-09-01,782.955
6578,Wyoming,2025-09-01,287.963
6579,Alaska,2025-10-01,367.174
6580,Alabama,2025-10-01,2385.522
6581,Arkansas,2025-10-01,1446.23
6582,Arizona,2025-10-01,3814.082
6583,California,2025-10-01,19867.709
6584,Colorado,2025-10-01,3254.009
6585,Connecticut,2025-10-01,1933.41
6586,District of Columbia,2025-10-01,408.83
6587,Delaware,2025-10-01,516.957
6588,Florida,2025-10-01,11104.925
6589,Georgia,2025-10-01,5436.447
6590,Hawaii,2025-10-01,687.702
6591,Iowa,2025-10-01,1741.328
6592,Idaho,2025-10-01,1009.466
6593,Illinois,2025-10-01,6556.404
6594,Indiana,2025-10-01,3507.99
6595,Kansas,2025-10-01,1580.115
6596,Kentucky,2025-10-01,2119.091
6597,Louisiana,2025-10-01,2103.348
6598,Massachusetts,2025-10-01,3937.642
6599,Maryland,2025-10-01,3224.926
6600,Maine,2025-10-01,709.612
6601,Michigan,2025-10-01,5001.519
6602,Minnesota,2025-10-01,3181.66
6603,Missouri,2025-10-01,3172.454
6604,Mississippi,2025-10-01,1295.789
6605,Montana,2025-10-01,578.918
6606,North Carolina,2025-10-01,5312.548
6607,North Dakota,2025-10-01,433.306
6608,Nebraska,2025-10-01,1103.988
6609,New Hampshire,2025-10-01,776.33
6610,New Jersey,2025-10-01,4917.491
6611,New Mexico,2025-10-01,984.544
6612,Nevada,2025-10-01,1682.876
6613,New York,2025-10-01,10062.841
6614,Ohio,2025-10-01,5936.082
6615,Oklahoma,2025-10-01,2021.456
6616,Oregon,2025-10-01,2221.378
6617,Pennsylvania,2025-10-01,6562.061
6618,Rhode Island,2025-10-01,592.291
6619,South Carolina,2025-10-01,2628.846
6620,South Dakota,2025-10-01,493.893
6621,Tennessee,2025-10-01,3543.93
6622,Texas,2025-10-01,15953.482
6623,Utah,2025-10-01,1843.78
6624,Virginia,2025-10-01,4517.605
6625,Vermont,2025-10-01,347.048
6626,Washington,2025-10-01,4059.9
6627,Wisconsin,2025-10-01,3111.348
6628,West Virginia,2025-10-01,783.413
6629,Wyoming,2025-10-01,288.205
6630,Alaska,2025-11-01,367.709
6631,Alabama,2025-11-01,2387.873
6632,Arkansas,2025-11-01,1448.832
6633,Arizona,2025-11-01,3815.687
6634,California,2025-11-01,19878.8
6635,Colorado,2025-11-01,3254.03
6636,Connecticut,2025-11-01,1933.758
6637,District of Columbia,2025-11-01,408.918
6638,Delaware,2025-11-01,517.116
6639,Florida,2025-11-01,11116.493
6640,Georgia,2025-11-01,5442.066
6641,Hawaii,2025-11-01,688.042
6642,Iowa,2025-11-01,1743.419
6643,Idaho,2025-11-01,1010.002
6644,Illinois,2025-11-01,6557.672
6645,Indiana,2025-11-01,3506.474
6646,Kansas,2025-11-01,1581.114
6647,Kentucky,2025-11-01,2120.091
6648,Louisiana,2025-11-01,2108.081
6649,Massachusetts,2025-11-01,3935.591
6650,Maryland,2025-11-01,3222.693
6651,Maine,2025-11-01,710.1
6652,Michigan,2025-11-01,4998.918
6653,Minnesota,2025-11-01,3182.913
6654,Missouri,2025-11-01,3175.775
6655,Mississippi,2025-11-01,1296.031
6656,Montana,2025-11-01,579.266
6657,North Carolina,2025-11-01,5317.047
6658,North Dakota,2025-11-01,433.994
6659,Nebraska,2025-11-01,1104.807
6660,New Hampshire,2025-11-01,776.708
6661,New Jersey,2025-11-01,4919.896
6662,New Mexico,2025-11-01,985.1
6663,Nevada,2025-11-01,1687.305
6664,New York,2025-11-01,10081.101
6665,Ohio,2025-11-01,5936.926
6666,Oklahoma,2025-11-01,2020.442
6667,Oregon,2025-11-01,2221.743
6668,Pennsylvania,2025-11-01,6571.286
6669,Rhode Island,2025-11-01,591.783
6670,South Carolina,2025-11-01,2635.089
6671,South Dakota,2025-11-01,494.081
6672,Tennessee,2025-11-01,3546.463
6673,Texas,2025-11-01,15962.121
6674,Utah,2025-11-01,1845.293
6675,Virginia,2025-11-01,4518.582
6676,Vermont,2025-11-01,346.688
6677,Washington,2025-11-01,4062.809
6678,Wisconsin,2025-11-01,3115.444
6679,West Virginia,2025-11-01,783.871
6680,Wyoming,2025-11-01,288.447
6681,Alaska,2025-12-01,367.671
6682,Alabama,2025-12-01,2387.81
6683,Arkansas,2025-12-01,1448.666
6684,Arizona,2025-12-01,3814.917
6685,California,2025-12-01,19878.043
6686,Colorado,2025-12-01,3254.073
6687,Connecticut,2025-12-01,1933.851
6688,District of Columbia,2025-12-01,409.14
6689,Delaware,2025-12-01,517.069
6690,Florida,2025-12-01,11117.284
6691,Georgia,2025-12-01,5441.402
6692,Hawaii,2025-12-01,688.037
6693,Iowa,2025-12-01,1743.797
6694,Idaho,2025-12-01,1009.937
6695,Illinois,2025-12-01,6559.867
6696,Indiana,2025-12-01,3506.135
6697,Kansas,2025-12-01,1580.822
6698,Kentucky,2025-12-01,2119.991
6699,Louisiana,2025-12-01,2108.05
6700,Massachusetts,2025-12-01,3935.586
6701,Maryland,2025-12-01,3221.708
6702,Maine,2025-12-01,710.128
6703,Michigan,2025-12-01,4999.837
6704,Minnesota,2025-12-01,3182.266
6705,Missouri,2025-12-01,3175.358
6706,Mississippi,2025-12-01,1295.784
6707,Montana,2025-12-01,579.238
6708,North Carolina,2025-12-01,5316.66
6709,North Dakota,2025-12-01,433.968
6710,Nebraska,2025-12-01,1104.681
6711,New Hampshire,2025-12-01,776.712
6712,New Jersey,2025-12-01,4919.038
6713,New Mexico,2025-12-01,985.342
6714,Nevada,2025-12-01,1687.017
6715,New York,2025-12-01,10080.281
6716,Ohio,2025-12-01,5937.5
6717,Oklahoma,2025-12-01,2020.051
6718,Oregon,2025-12-01,2221.552
6719,Pennsylvania,2025-12-01,6570.655
6720,Rhode Island,2025-12-01,591.788
6721,South Carolina,2025-12-01,2634.542
6722,South Dakota,2025-12-01,493.994
6723,Tennessee,2025-12-01,3545.878
6724,Texas,2025-12-01,15958.627
6725,Utah,2025-12-01,1845.208
6726,Virginia,2025-12-01,4519.825
6727,Vermont,2025-12-01,346.776
6728,Washington,2025-12-01,4062.73
6729,Wisconsin,2025-12-01,3116.196
6730,West Virginia,2025-12-01,783.736
6731,Wyoming,2025-12-01,288.499
6732,Alaska,2026-01-01,368.676
6733,Alabama,2026-01-01,2387.63
6734,Arkansas,2026-01-01,1451.314
6735,Arizona,2026-01-01,3814.212
6736,California,2026-01-01,19861.662
6737,Colorado,2026-01-01,3248.79
6738,Connecticut,2026-01-01,1931.253
6739,District of Columbia,2026-01-01,407.975
6740,Delaware,2026-01-01,516.219
6741,Florida,2026-01-01,11123.76
6742,Georgia,2026-01-01,5445.643
6743,Hawaii,2026-01-01,688.022
6744,Iowa,2026-01-01,1743.617
6745,Idaho,2026-01-01,1009.819
6746,Illinois,2026-01-01,6560.516
6747,Indiana,2026-01-01,3503.591
6748,Kansas,2026-01-01,1579.509
6749,Kentucky,2026-01-01,2114.539
6750,Louisiana,2026-01-01,2112.82
6751,Massachusetts,2026-01-01,3926.744
6752,Maryland,2026-01-01,3214.795
6753,Maine,2026-01-01,709.117
6754,Michigan,2026-01-01,4992.846
6755,Minnesota,2026-01-01,3177.776
6756,Missouri,2026-01-01,3177.918
6757,Mississippi,2026-01-01,1293.479
6758,Montana,2026-01-01,579.463
6759,North Carolina,2026-01-01,5313.331
6760,North Dakota,2026-01-01,434.885
6761,Nebraska,2026-01-01,1104.514
6762,New Hampshire,2026-01-01,777.396
6763,New Jersey,2026-01-01,4918.046
6764,New Mexico,2026-01-01,985.17
6765,Nevada,2026-01-01,1694.2
6766,New York,2026-01-01,10104.607
6767,Ohio,2026-01-01,5932.407
6768,Oklahoma,2026-01-01,2018.658
6769,Oregon,2026-01-01,2218.136
6770,Pennsylvania,2026-01-01,6582.9
6771,Rhode Island,2026-01-01,590.98
6772,South Carolina,2026-01-01,2646.468
6773,South Dakota,2026-01-01,493.467
6774,Tennessee,2026-01-01,3541.853
6775,Texas,2026-01-01,15955.231
6776,Utah,2026-01-01,1844.105
6777,Virginia,2026-01-01,4518.567
6778,Vermont,2026-01-01,345.43
6779,Washington,2026-01-01,4065.082
6780,Wisconsin,2026-01-01,3121.154
6781,West Virginia,2026-01-01,782.645
6782,Wyoming,2026-01-01,288.454
6783,Alaska,2026-02-01,369.379
6784,Alabama,2026-02-01,2386.304
6785,Arkansas,2026-02-01,1454.559
6786,Arizona,2026-02-01,3800.676
6787,California,2026-02-01,19826.577
6788,Colorado,2026-02-01,3238.456
6789,Connecticut,2026-02-01,1929.141
6790,District of Columbia,2026-02-01,406.902
6791,Delaware,2026-02-01,514.718
6792,Florida,2026-02-01,11141.202
6793,Georgia,2026-02-01,5451.101
6794,Hawaii,2026-02-01,687.83
6795,Iowa,2026-02-01,1741.535
6796,Idaho,2026-02-01,1008.136
6797,Illinois,2026-02-01,6570.062
6798,Indiana,2026-02-01,3498.263
6799,Kansas,2026-02-01,1578.265
6800,Kentucky,2026-02-01,2108.665
6801,Louisiana,2026-02-01,2117.818
6802,Massachusetts,2026-02-01,3915.271
6803,Maryland,2026-02-01,3211.231
6804,Maine,2026-02-01,708.316
6805,Michigan,2026-02-01,4983.743
6806,Minnesota,2026-02-01,3169.201
6807,Missouri,2026-02-01,3177.115
6808,Mississippi,2026-02-01,1292.634
6809,Montana,2026-02-01,578.837
6810,North Carolina,2026-02-01,5311.68
6811,North Dakota,2026-02-01,435.642
6812,Nebraska,2026-02-01,1104.314
6813,New Hampshire,2026-02-01,777.213
6814,New Jersey,2026-02-01,4912.673
6815,New Mexico,2026-02-01,983.967
6816,Nevada,2026-02-01,1698.029
6817,New York,2026-02-01,10118.757
6818,Ohio,2026-02-01,5929.736
6819,Oklahoma,2026-02-01,2014.158
6820,Oregon,2026-02-01,2214.22
6821,Pennsylvania,2026-02-01,6587.586
6822,Rhode Island,2026-02-01,588.904
6823,South Carolina,2026-02-01,2658.086
6824,South Dakota,2026-02-01,492.816
6825,Tennessee,2026-02-01,3532.59
6826,Texas,2026-02-01,15941.826
6827,Utah,2026-02-01,1840.984
6828,Virginia,2026-02-01,4513.203
6829,Vermont,2026-02-01,344.047
6830,Washington,2026-02-01,4066.446
6831,Wisconsin,2026-02-01,3126.595
6832,West Virginia,2026-02-01,782.052
6833,Wyoming,2026-02-01,288.501
