"REF_DATE","GEO","DGUID","Estimates","UOM","UOM_ID","SCALAR_FACTOR","SCALAR_ID","VECTOR","COORDINATE","VALUE","STATUS","SYMBOL","TERMINATED","DECIMALS"
"2015","Canada","2016A000011124","Household income","Dollars","81","millions","6","v62790675","1.1","1689159","","","","0"
"2016","Canada","2016A000011124","Household income","Dollars","81","millions","6","v62790675","1.1","1704299","","","","0"
"2017","Canada","2016A000011124","Household income","Dollars","81","millions","6","v62790675","1.1","1779954","","","","0"
"2018","Canada","2016A000011124","Household income","Dollars","81","millions","6","v62790675","1.1","1854265","","","","0"
"2019","Canada","2016A000011124","Household income","Dollars","81","millions","6","v62790675","1.1","1940290","","","","0"
"2020","Canada","2016A000011124","Household income","Dollars","81","millions","6","v62790675","1.1","2044798","","","","0"
"2021","Canada","2016A000011124","Household income","Dollars","81","millions","6","v62790675","1.1","2140562","","","","0"
"2022","Canada","2016A000011124","Household income","Dollars","81","millions","6","v62790675","1.1","2272482","","","","0"
"2023","Canada","2016A000011124","Household income","Dollars","81","millions","6","v62790675","1.1","2456748","","","","0"
"2024","Canada","2016A000011124","Household income","Dollars","81","millions","6","v62790675","1.1","2645258","","","","0"
"2015","Canada","2016A000011124","Compensation of employees","Dollars","81","millions","6","v62790676","1.2","1024743","","","","0"
"2016","Canada","2016A000011124","Compensation of employees","Dollars","81","millions","6","v62790676","1.2","1024142","","","","0"
"2017","Canada","2016A000011124","Compensation of employees","Dollars","81","millions","6","v62790676","1.2","1066523","","","","0"
"2018","Canada","2016A000011124","Compensation of employees","Dollars","81","millions","6","v62790676","1.2","1122304","","","","0"
"2019","Canada","2016A000011124","Compensation of employees","Dollars","81","millions","6","v62790676","1.2","1168596","","","","0"
"2020","Canada","2016A000011124","Compensation of employees","Dollars","81","millions","6","v62790676","1.2","1155843","","","","0"
"2021","Canada","2016A000011124","Compensation of employees","Dollars","81","millions","6","v62790676","1.2","1264002","","","","0"
"2022","Canada","2016A000011124","Compensation of employees","Dollars","81","millions","6","v62790676","1.2","1378529","","","","0"
"2023","Canada","2016A000011124","Compensation of employees","Dollars","81","millions","6","v62790676","1.2","1466919","","","","0"
"2024","Canada","2016A000011124","Compensation of employees","Dollars","81","millions","6","v62790676","1.2","1552649","","","","0"
"2015","Canada","2016A000011124","Net mixed income","Dollars","81","millions","6","v62790677","1.3","177997","","","","0"
"2016","Canada","2016A000011124","Net mixed income","Dollars","81","millions","6","v62790677","1.3","183577","","","","0"
"2017","Canada","2016A000011124","Net mixed income","Dollars","81","millions","6","v62790677","1.3","190324","","","","0"
"2018","Canada","2016A000011124","Net mixed income","Dollars","81","millions","6","v62790677","1.3","195617","","","","0"
"2019","Canada","2016A000011124","Net mixed income","Dollars","81","millions","6","v62790677","1.3","208000","","","","0"
"2020","Canada","2016A000011124","Net mixed income","Dollars","81","millions","6","v62790677","1.3","207304","","","","0"
"2021","Canada","2016A000011124","Net mixed income","Dollars","81","millions","6","v62790677","1.3","212760","","","","0"
"2022","Canada","2016A000011124","Net mixed income","Dollars","81","millions","6","v62790677","1.3","224841","","","","0"
"2023","Canada","2016A000011124","Net mixed income","Dollars","81","millions","6","v62790677","1.3","250843","","","","0"
"2024","Canada","2016A000011124","Net mixed income","Dollars","81","millions","6","v62790677","1.3","282423","","","","0"
"2015","Canada","2016A000011124","Property income received","Dollars","81","millions","6","v62790678","1.4","198219","","","","0"
"2016","Canada","2016A000011124","Property income received","Dollars","81","millions","6","v62790678","1.4","189503","","","","0"
"2017","Canada","2016A000011124","Property income received","Dollars","81","millions","6","v62790678","1.4","202189","","","","0"
"2018","Canada","2016A000011124","Property income received","Dollars","81","millions","6","v62790678","1.4","202278","","","","0"
"2019","Canada","2016A000011124","Property income received","Dollars","81","millions","6","v62790678","1.4","217587","","","","0"
"2020","Canada","2016A000011124","Property income received","Dollars","81","millions","6","v62790678","1.4","212699","","","","0"
"2021","Canada","2016A000011124","Property income received","Dollars","81","millions","6","v62790678","1.4","221361","","","","0"
"2022","Canada","2016A000011124","Property income received","Dollars","81","millions","6","v62790678","1.4","246588","","","","0"
"2023","Canada","2016A000011124","Property income received","Dollars","81","millions","6","v62790678","1.4","298838","","","","0"
"2024","Canada","2016A000011124","Property income received","Dollars","81","millions","6","v62790678","1.4","336506","","","","0"
"2015","Canada","2016A000011124","Current transfers received","Dollars","81","millions","6","v62790679","1.5","288200","","","","0"
"2016","Canada","2016A000011124","Current transfers received","Dollars","81","millions","6","v62790679","1.5","307077","","","","0"
"2017","Canada","2016A000011124","Current transfers received","Dollars","81","millions","6","v62790679","1.5","320918","","","","0"
"2018","Canada","2016A000011124","Current transfers received","Dollars","81","millions","6","v62790679","1.5","334066","","","","0"
"2019","Canada","2016A000011124","Current transfers received","Dollars","81","millions","6","v62790679","1.5","346107","","","","0"
"2020","Canada","2016A000011124","Current transfers received","Dollars","81","millions","6","v62790679","1.5","468952","","","","0"
"2021","Canada","2016A000011124","Current transfers received","Dollars","81","millions","6","v62790679","1.5","442439","","","","0"
"2022","Canada","2016A000011124","Current transfers received","Dollars","81","millions","6","v62790679","1.5","422524","","","","0"
"2023","Canada","2016A000011124","Current transfers received","Dollars","81","millions","6","v62790679","1.5","440148","","","","0"
"2024","Canada","2016A000011124","Current transfers received","Dollars","81","millions","6","v62790679","1.5","473680","","","","0"
"2015","Canada","2016A000011124","Household outlays","Dollars","81","millions","6","v62790680","1.6","1681358","","","","0"
"2016","Canada","2016A000011124","Household outlays","Dollars","81","millions","6","v62790680","1.6","1725209","","","","0"
"2017","Canada","2016A000011124","Household outlays","Dollars","81","millions","6","v62790680","1.6","1799740","","","","0"
"2018","Canada","2016A000011124","Household outlays","Dollars","81","millions","6","v62790680","1.6","1889793","","","","0"
"2019","Canada","2016A000011124","Household outlays","Dollars","81","millions","6","v62790680","1.6","1960744","","","","0"
"2020","Canada","2016A000011124","Household outlays","Dollars","81","millions","6","v62790680","1.6","1883133","","","","0"
"2021","Canada","2016A000011124","Household outlays","Dollars","81","millions","6","v62790680","1.6","2045643","","","","0"
"2022","Canada","2016A000011124","Household outlays","Dollars","81","millions","6","v62790680","1.6","2281524","","","","0"
"2023","Canada","2016A000011124","Household outlays","Dollars","81","millions","6","v62790680","1.6","2462951","","","","0"
"2024","Canada","2016A000011124","Household outlays","Dollars","81","millions","6","v62790680","1.6","2607650","","","","0"
"2015","Canada","2016A000011124","Property income paid","Dollars","81","millions","6","v62790681","1.7","56034","","","","0"
"2016","Canada","2016A000011124","Property income paid","Dollars","81","millions","6","v62790681","1.7","56405","","","","0"
"2017","Canada","2016A000011124","Property income paid","Dollars","81","millions","6","v62790681","1.7","60186","","","","0"
"2018","Canada","2016A000011124","Property income paid","Dollars","81","millions","6","v62790681","1.7","70213","","","","0"
"2019","Canada","2016A000011124","Property income paid","Dollars","81","millions","6","v62790681","1.7","79808","","","","0"
"2020","Canada","2016A000011124","Property income paid","Dollars","81","millions","6","v62790681","1.7","73097","","","","0"
"2021","Canada","2016A000011124","Property income paid","Dollars","81","millions","6","v62790681","1.7","66808","","","","0"
"2022","Canada","2016A000011124","Property income paid","Dollars","81","millions","6","v62790681","1.7","84211","","","","0"
"2023","Canada","2016A000011124","Property income paid","Dollars","81","millions","6","v62790681","1.7","131481","","","","0"
"2024","Canada","2016A000011124","Property income paid","Dollars","81","millions","6","v62790681","1.7","146215","","","","0"
"2015","Canada","2016A000011124","Current transfers paid","Dollars","81","millions","6","v62790682","1.8","503245","","","","0"
"2016","Canada","2016A000011124","Current transfers paid","Dollars","81","millions","6","v62790682","1.8","515136","","","","0"
"2017","Canada","2016A000011124","Current transfers paid","Dollars","81","millions","6","v62790682","1.8","530401","","","","0"
"2018","Canada","2016A000011124","Current transfers paid","Dollars","81","millions","6","v62790682","1.8","559134","","","","0"
"2019","Canada","2016A000011124","Current transfers paid","Dollars","81","millions","6","v62790682","1.8","580120","","","","0"
"2020","Canada","2016A000011124","Current transfers paid","Dollars","81","millions","6","v62790682","1.8","584040","","","","0"
"2021","Canada","2016A000011124","Current transfers paid","Dollars","81","millions","6","v62790682","1.8","642478","","","","0"
"2022","Canada","2016A000011124","Current transfers paid","Dollars","81","millions","6","v62790682","1.8","685931","","","","0"
"2023","Canada","2016A000011124","Current transfers paid","Dollars","81","millions","6","v62790682","1.8","729198","","","","0"
"2024","Canada","2016A000011124","Current transfers paid","Dollars","81","millions","6","v62790682","1.8","780465","","","","0"
"2015","Canada","2016A000011124","Household final consumption expenditure","Dollars","81","millions","6","v62790683","1.9","1122079","","","","0"
"2016","Canada","2016A000011124","Household final consumption expenditure","Dollars","81","millions","6","v62790683","1.9","1153668","","","","0"
"2017","Canada","2016A000011124","Household final consumption expenditure","Dollars","81","millions","6","v62790683","1.9","1209153","","","","0"
"2018","Canada","2016A000011124","Household final consumption expenditure","Dollars","81","millions","6","v62790683","1.9","1260446","","","","0"
"2019","Canada","2016A000011124","Household final consumption expenditure","Dollars","81","millions","6","v62790683","1.9","1300816","","","","0"
"2020","Canada","2016A000011124","Household final consumption expenditure","Dollars","81","millions","6","v62790683","1.9","1225996","","","","0"
"2021","Canada","2016A000011124","Household final consumption expenditure","Dollars","81","millions","6","v62790683","1.9","1336357","","","","0"
"2022","Canada","2016A000011124","Household final consumption expenditure","Dollars","81","millions","6","v62790683","1.9","1511382","","","","0"
"2023","Canada","2016A000011124","Household final consumption expenditure","Dollars","81","millions","6","v62790683","1.9","1602272","","","","0"
"2024","Canada","2016A000011124","Household final consumption expenditure","Dollars","81","millions","6","v62790683","1.9","1680970","","","","0"
"2015","Canada","2016A000011124","Interest paid","Dollars","81","millions","6","v62790684","1.10","77328","","","","0"
"2016","Canada","2016A000011124","Interest paid","Dollars","81","millions","6","v62790684","1.10","78363","","","","0"
"2017","Canada","2016A000011124","Interest paid","Dollars","81","millions","6","v62790684","1.10","82350","","","","0"
"2018","Canada","2016A000011124","Interest paid","Dollars","81","millions","6","v62790684","1.10","93016","","","","0"
"2019","Canada","2016A000011124","Interest paid","Dollars","81","millions","6","v62790684","1.10","102721","","","","0"
"2020","Canada","2016A000011124","Interest paid","Dollars","81","millions","6","v62790684","1.10","96909","","","","0"
"2021","Canada","2016A000011124","Interest paid","Dollars","81","millions","6","v62790684","1.10","91636","","","","0"
"2022","Canada","2016A000011124","Interest paid","Dollars","81","millions","6","v62790684","1.10","110595","","","","0"
"2023","Canada","2016A000011124","Interest paid","Dollars","81","millions","6","v62790684","1.10","157860","","","","0"
"2024","Canada","2016A000011124","Interest paid","Dollars","81","millions","6","v62790684","1.10","173050","","","","0"
"2015","Canada","2016A000011124","Mortgage interest paid","Dollars","81","millions","6","v62790685","1.11","40244","","","","0"
"2016","Canada","2016A000011124","Mortgage interest paid","Dollars","81","millions","6","v62790685","1.11","40107","","","","0"
"2017","Canada","2016A000011124","Mortgage interest paid","Dollars","81","millions","6","v62790685","1.11","41807","","","","0"
"2018","Canada","2016A000011124","Mortgage interest paid","Dollars","81","millions","6","v62790685","1.11","47605","","","","0"
"2019","Canada","2016A000011124","Mortgage interest paid","Dollars","81","millions","6","v62790685","1.11","53807","","","","0"
"2020","Canada","2016A000011124","Mortgage interest paid","Dollars","81","millions","6","v62790685","1.11","52431","","","","0"
"2021","Canada","2016A000011124","Mortgage interest paid","Dollars","81","millions","6","v62790685","1.11","50550","","","","0"
"2022","Canada","2016A000011124","Mortgage interest paid","Dollars","81","millions","6","v62790685","1.11","62326","","","","0"
"2023","Canada","2016A000011124","Mortgage interest paid","Dollars","81","millions","6","v62790685","1.11","93078","","","","0"
"2024","Canada","2016A000011124","Mortgage interest paid","Dollars","81","millions","6","v62790685","1.11","102201","","","","0"
"2015","Canada","2016A000011124","Non-mortgage interest paid","Dollars","81","millions","6","v62790686","1.12","37084","","","","0"
"2016","Canada","2016A000011124","Non-mortgage interest paid","Dollars","81","millions","6","v62790686","1.12","38256","","","","0"
"2017","Canada","2016A000011124","Non-mortgage interest paid","Dollars","81","millions","6","v62790686","1.12","40543","","","","0"
"2018","Canada","2016A000011124","Non-mortgage interest paid","Dollars","81","millions","6","v62790686","1.12","45411","","","","0"
"2019","Canada","2016A000011124","Non-mortgage interest paid","Dollars","81","millions","6","v62790686","1.12","48914","","","","0"
"2020","Canada","2016A000011124","Non-mortgage interest paid","Dollars","81","millions","6","v62790686","1.12","44478","","","","0"
"2021","Canada","2016A000011124","Non-mortgage interest paid","Dollars","81","millions","6","v62790686","1.12","41086","","","","0"
"2022","Canada","2016A000011124","Non-mortgage interest paid","Dollars","81","millions","6","v62790686","1.12","48269","","","","0"
"2023","Canada","2016A000011124","Non-mortgage interest paid","Dollars","81","millions","6","v62790686","1.12","64782","","","","0"
"2024","Canada","2016A000011124","Non-mortgage interest paid","Dollars","81","millions","6","v62790686","1.12","70849","","","","0"
"2015","Canada","2016A000011124","Divided by: household disposable income","Dollars","81","millions","6","v62790687","1.13","1207208","","","","0"
"2016","Canada","2016A000011124","Divided by: household disposable income","Dollars","81","millions","6","v62790687","1.13","1211121","","","","0"
"2017","Canada","2016A000011124","Divided by: household disposable income","Dollars","81","millions","6","v62790687","1.13","1271717","","","","0"
"2018","Canada","2016A000011124","Divided by: household disposable income","Dollars","81","millions","6","v62790687","1.13","1317934","","","","0"
"2019","Canada","2016A000011124","Divided by: household disposable income","Dollars","81","millions","6","v62790687","1.13","1383083","","","","0"
"2020","Canada","2016A000011124","Divided by: household disposable income","Dollars","81","millions","6","v62790687","1.13","1484570","","","","0"
"2021","Canada","2016A000011124","Divided by: household disposable income","Dollars","81","millions","6","v62790687","1.13","1522912","","","","0"
"2022","Canada","2016A000011124","Divided by: household disposable income","Dollars","81","millions","6","v62790687","1.13","1612935","","","","0"
"2023","Canada","2016A000011124","Divided by: household disposable income","Dollars","81","millions","6","v62790687","1.13","1753929","","","","0"
"2024","Canada","2016A000011124","Divided by: household disposable income","Dollars","81","millions","6","v62790687","1.13","1891628","","","","0"
"2015","Canada","2016A000011124","Equals: debt service ratio, interest only","Ratio","272","units","0","v62790688","1.14","6.41","","","","2"
"2016","Canada","2016A000011124","Equals: debt service ratio, interest only","Ratio","272","units","0","v62790688","1.14","6.47","","","","2"
"2017","Canada","2016A000011124","Equals: debt service ratio, interest only","Ratio","272","units","0","v62790688","1.14","6.48","","","","2"
"2018","Canada","2016A000011124","Equals: debt service ratio, interest only","Ratio","272","units","0","v62790688","1.14","7.06","","","","2"
"2019","Canada","2016A000011124","Equals: debt service ratio, interest only","Ratio","272","units","0","v62790688","1.14","7.43","","","","2"
"2020","Canada","2016A000011124","Equals: debt service ratio, interest only","Ratio","272","units","0","v62790688","1.14","6.53","","","","2"
"2021","Canada","2016A000011124","Equals: debt service ratio, interest only","Ratio","272","units","0","v62790688","1.14","6.02","","","","2"
"2022","Canada","2016A000011124","Equals: debt service ratio, interest only","Ratio","272","units","0","v62790688","1.14","6.86","","","","2"
"2023","Canada","2016A000011124","Equals: debt service ratio, interest only","Ratio","272","units","0","v62790688","1.14","9.00","","","","2"
"2024","Canada","2016A000011124","Equals: debt service ratio, interest only","Ratio","272","units","0","v62790688","1.14","9.15","","","","2"
"2015","Newfoundland and Labrador","2016A000210","Household income","Dollars","81","millions","6","v62790689","2.1","25282","","","","0"
"2016","Newfoundland and Labrador","2016A000210","Household income","Dollars","81","millions","6","v62790689","2.1","25360","","","","0"
"2017","Newfoundland and Labrador","2016A000210","Household income","Dollars","81","millions","6","v62790689","2.1","25569","","","","0"
"2018","Newfoundland and Labrador","2016A000210","Household income","Dollars","81","millions","6","v62790689","2.1","25820","","","","0"
"2019","Newfoundland and Labrador","2016A000210","Household income","Dollars","81","millions","6","v62790689","2.1","26142","","","","0"
"2020","Newfoundland and Labrador","2016A000210","Household income","Dollars","81","millions","6","v62790689","2.1","26914","","","","0"
"2021","Newfoundland and Labrador","2016A000210","Household income","Dollars","81","millions","6","v62790689","2.1","28443","","","","0"
"2022","Newfoundland and Labrador","2016A000210","Household income","Dollars","81","millions","6","v62790689","2.1","29148","","","","0"
"2023","Newfoundland and Labrador","2016A000210","Household income","Dollars","81","millions","6","v62790689","2.1","31302","","","","0"
"2024","Newfoundland and Labrador","2016A000210","Household income","Dollars","81","millions","6","v62790689","2.1","33378","","","","0"
"2015","Newfoundland and Labrador","2016A000210","Compensation of employees","Dollars","81","millions","6","v62790690","2.2","15561","","","","0"
"2016","Newfoundland and Labrador","2016A000210","Compensation of employees","Dollars","81","millions","6","v62790690","2.2","15117","","","","0"
"2017","Newfoundland and Labrador","2016A000210","Compensation of employees","Dollars","81","millions","6","v62790690","2.2","14940","","","","0"
"2018","Newfoundland and Labrador","2016A000210","Compensation of employees","Dollars","81","millions","6","v62790690","2.2","15005","","","","0"
"2019","Newfoundland and Labrador","2016A000210","Compensation of employees","Dollars","81","millions","6","v62790690","2.2","15172","","","","0"
"2020","Newfoundland and Labrador","2016A000210","Compensation of employees","Dollars","81","millions","6","v62790690","2.2","14342","","","","0"
"2021","Newfoundland and Labrador","2016A000210","Compensation of employees","Dollars","81","millions","6","v62790690","2.2","15763","","","","0"
"2022","Newfoundland and Labrador","2016A000210","Compensation of employees","Dollars","81","millions","6","v62790690","2.2","16575","","","","0"
"2023","Newfoundland and Labrador","2016A000210","Compensation of employees","Dollars","81","millions","6","v62790690","2.2","17806","","","","0"
"2024","Newfoundland and Labrador","2016A000210","Compensation of employees","Dollars","81","millions","6","v62790690","2.2","18803","","","","0"
"2015","Newfoundland and Labrador","2016A000210","Net mixed income","Dollars","81","millions","6","v62790691","2.3","2389","","","","0"
"2016","Newfoundland and Labrador","2016A000210","Net mixed income","Dollars","81","millions","6","v62790691","2.3","2465","","","","0"
"2017","Newfoundland and Labrador","2016A000210","Net mixed income","Dollars","81","millions","6","v62790691","2.3","2425","","","","0"
"2018","Newfoundland and Labrador","2016A000210","Net mixed income","Dollars","81","millions","6","v62790691","2.3","2417","","","","0"
"2019","Newfoundland and Labrador","2016A000210","Net mixed income","Dollars","81","millions","6","v62790691","2.3","2437","","","","0"
"2020","Newfoundland and Labrador","2016A000210","Net mixed income","Dollars","81","millions","6","v62790691","2.3","2425","","","","0"
"2021","Newfoundland and Labrador","2016A000210","Net mixed income","Dollars","81","millions","6","v62790691","2.3","2633","","","","0"
"2022","Newfoundland and Labrador","2016A000210","Net mixed income","Dollars","81","millions","6","v62790691","2.3","2705","","","","0"
"2023","Newfoundland and Labrador","2016A000210","Net mixed income","Dollars","81","millions","6","v62790691","2.3","2840","","","","0"
"2024","Newfoundland and Labrador","2016A000210","Net mixed income","Dollars","81","millions","6","v62790691","2.3","3204","","","","0"
"2015","Newfoundland and Labrador","2016A000210","Property income received","Dollars","81","millions","6","v62790692","2.4","1670","","","","0"
"2016","Newfoundland and Labrador","2016A000210","Property income received","Dollars","81","millions","6","v62790692","2.4","1612","","","","0"
"2017","Newfoundland and Labrador","2016A000210","Property income received","Dollars","81","millions","6","v62790692","2.4","1670","","","","0"
"2018","Newfoundland and Labrador","2016A000210","Property income received","Dollars","81","millions","6","v62790692","2.4","1621","","","","0"
"2019","Newfoundland and Labrador","2016A000210","Property income received","Dollars","81","millions","6","v62790692","2.4","1673","","","","0"
"2020","Newfoundland and Labrador","2016A000210","Property income received","Dollars","81","millions","6","v62790692","2.4","1629","","","","0"
"2021","Newfoundland and Labrador","2016A000210","Property income received","Dollars","81","millions","6","v62790692","2.4","1713","","","","0"
"2022","Newfoundland and Labrador","2016A000210","Property income received","Dollars","81","millions","6","v62790692","2.4","1804","","","","0"
"2023","Newfoundland and Labrador","2016A000210","Property income received","Dollars","81","millions","6","v62790692","2.4","2140","","","","0"
"2024","Newfoundland and Labrador","2016A000210","Property income received","Dollars","81","millions","6","v62790692","2.4","2453","","","","0"
"2015","Newfoundland and Labrador","2016A000210","Current transfers received","Dollars","81","millions","6","v62790693","2.5","5663","","","","0"
"2016","Newfoundland and Labrador","2016A000210","Current transfers received","Dollars","81","millions","6","v62790693","2.5","6166","","","","0"
"2017","Newfoundland and Labrador","2016A000210","Current transfers received","Dollars","81","millions","6","v62790693","2.5","6534","","","","0"
"2018","Newfoundland and Labrador","2016A000210","Current transfers received","Dollars","81","millions","6","v62790693","2.5","6777","","","","0"
"2019","Newfoundland and Labrador","2016A000210","Current transfers received","Dollars","81","millions","6","v62790693","2.5","6860","","","","0"
"2020","Newfoundland and Labrador","2016A000210","Current transfers received","Dollars","81","millions","6","v62790693","2.5","8518","","","","0"
"2021","Newfoundland and Labrador","2016A000210","Current transfers received","Dollars","81","millions","6","v62790693","2.5","8334","","","","0"
"2022","Newfoundland and Labrador","2016A000210","Current transfers received","Dollars","81","millions","6","v62790693","2.5","8064","","","","0"
"2023","Newfoundland and Labrador","2016A000210","Current transfers received","Dollars","81","millions","6","v62790693","2.5","8516","","","","0"
"2024","Newfoundland and Labrador","2016A000210","Current transfers received","Dollars","81","millions","6","v62790693","2.5","8917","","","","0"
"2015","Newfoundland and Labrador","2016A000210","Household outlays","Dollars","81","millions","6","v62790694","2.6","24649","","","","0"
"2016","Newfoundland and Labrador","2016A000210","Household outlays","Dollars","81","millions","6","v62790694","2.6","25312","","","","0"
"2017","Newfoundland and Labrador","2016A000210","Household outlays","Dollars","81","millions","6","v62790694","2.6","25824","","","","0"
"2018","Newfoundland and Labrador","2016A000210","Household outlays","Dollars","81","millions","6","v62790694","2.6","25983","","","","0"
"2019","Newfoundland and Labrador","2016A000210","Household outlays","Dollars","81","millions","6","v62790694","2.6","26370","","","","0"
"2020","Newfoundland and Labrador","2016A000210","Household outlays","Dollars","81","millions","6","v62790694","2.6","25185","","","","0"
"2021","Newfoundland and Labrador","2016A000210","Household outlays","Dollars","81","millions","6","v62790694","2.6","27122","","","","0"
"2022","Newfoundland and Labrador","2016A000210","Household outlays","Dollars","81","millions","6","v62790694","2.6","29244","","","","0"
"2023","Newfoundland and Labrador","2016A000210","Household outlays","Dollars","81","millions","6","v62790694","2.6","31514","","","","0"
"2024","Newfoundland and Labrador","2016A000210","Household outlays","Dollars","81","millions","6","v62790694","2.6","33088","","","","0"
"2015","Newfoundland and Labrador","2016A000210","Property income paid","Dollars","81","millions","6","v62790695","2.7","628","","","","0"
"2016","Newfoundland and Labrador","2016A000210","Property income paid","Dollars","81","millions","6","v62790695","2.7","628","","","","0"
"2017","Newfoundland and Labrador","2016A000210","Property income paid","Dollars","81","millions","6","v62790695","2.7","655","","","","0"
"2018","Newfoundland and Labrador","2016A000210","Property income paid","Dollars","81","millions","6","v62790695","2.7","733","","","","0"
"2019","Newfoundland and Labrador","2016A000210","Property income paid","Dollars","81","millions","6","v62790695","2.7","813","","","","0"
"2020","Newfoundland and Labrador","2016A000210","Property income paid","Dollars","81","millions","6","v62790695","2.7","703","","","","0"
"2021","Newfoundland and Labrador","2016A000210","Property income paid","Dollars","81","millions","6","v62790695","2.7","596","","","","0"
"2022","Newfoundland and Labrador","2016A000210","Property income paid","Dollars","81","millions","6","v62790695","2.7","710","","","","0"
"2023","Newfoundland and Labrador","2016A000210","Property income paid","Dollars","81","millions","6","v62790695","2.7","1072","","","","0"
"2024","Newfoundland and Labrador","2016A000210","Property income paid","Dollars","81","millions","6","v62790695","2.7","1122","","","","0"
"2015","Newfoundland and Labrador","2016A000210","Current transfers paid","Dollars","81","millions","6","v62790696","2.8","7669","","","","0"
"2016","Newfoundland and Labrador","2016A000210","Current transfers paid","Dollars","81","millions","6","v62790696","2.8","8031","","","","0"
"2017","Newfoundland and Labrador","2016A000210","Current transfers paid","Dollars","81","millions","6","v62790696","2.8","8051","","","","0"
"2018","Newfoundland and Labrador","2016A000210","Current transfers paid","Dollars","81","millions","6","v62790696","2.8","7945","","","","0"
"2019","Newfoundland and Labrador","2016A000210","Current transfers paid","Dollars","81","millions","6","v62790696","2.8","7881","","","","0"
"2020","Newfoundland and Labrador","2016A000210","Current transfers paid","Dollars","81","millions","6","v62790696","2.8","7557","","","","0"
"2021","Newfoundland and Labrador","2016A000210","Current transfers paid","Dollars","81","millions","6","v62790696","2.8","8088","","","","0"
"2022","Newfoundland and Labrador","2016A000210","Current transfers paid","Dollars","81","millions","6","v62790696","2.8","8696","","","","0"
"2023","Newfoundland and Labrador","2016A000210","Current transfers paid","Dollars","81","millions","6","v62790696","2.8","9047","","","","0"
"2024","Newfoundland and Labrador","2016A000210","Current transfers paid","Dollars","81","millions","6","v62790696","2.8","9618","","","","0"
"2015","Newfoundland and Labrador","2016A000210","Household final consumption expenditure","Dollars","81","millions","6","v62790697","2.9","16352","","","","0"
"2016","Newfoundland and Labrador","2016A000210","Household final consumption expenditure","Dollars","81","millions","6","v62790697","2.9","16653","","","","0"
"2017","Newfoundland and Labrador","2016A000210","Household final consumption expenditure","Dollars","81","millions","6","v62790697","2.9","17118","","","","0"
"2018","Newfoundland and Labrador","2016A000210","Household final consumption expenditure","Dollars","81","millions","6","v62790697","2.9","17305","","","","0"
"2019","Newfoundland and Labrador","2016A000210","Household final consumption expenditure","Dollars","81","millions","6","v62790697","2.9","17676","","","","0"
"2020","Newfoundland and Labrador","2016A000210","Household final consumption expenditure","Dollars","81","millions","6","v62790697","2.9","16925","","","","0"
"2021","Newfoundland and Labrador","2016A000210","Household final consumption expenditure","Dollars","81","millions","6","v62790697","2.9","18438","","","","0"
"2022","Newfoundland and Labrador","2016A000210","Household final consumption expenditure","Dollars","81","millions","6","v62790697","2.9","19838","","","","0"
"2023","Newfoundland and Labrador","2016A000210","Household final consumption expenditure","Dollars","81","millions","6","v62790697","2.9","21395","","","","0"
"2024","Newfoundland and Labrador","2016A000210","Household final consumption expenditure","Dollars","81","millions","6","v62790697","2.9","22348","","","","0"
"2015","Newfoundland and Labrador","2016A000210","Interest paid","Dollars","81","millions","6","v62790698","2.10","889","","","","0"
"2016","Newfoundland and Labrador","2016A000210","Interest paid","Dollars","81","millions","6","v62790698","2.10","900","","","","0"
"2017","Newfoundland and Labrador","2016A000210","Interest paid","Dollars","81","millions","6","v62790698","2.10","922","","","","0"
"2018","Newfoundland and Labrador","2016A000210","Interest paid","Dollars","81","millions","6","v62790698","2.10","1000","","","","0"
"2019","Newfoundland and Labrador","2016A000210","Interest paid","Dollars","81","millions","6","v62790698","2.10","1079","","","","0"
"2020","Newfoundland and Labrador","2016A000210","Interest paid","Dollars","81","millions","6","v62790698","2.10","973","","","","0"
"2021","Newfoundland and Labrador","2016A000210","Interest paid","Dollars","81","millions","6","v62790698","2.10","861","","","","0"
"2022","Newfoundland and Labrador","2016A000210","Interest paid","Dollars","81","millions","6","v62790698","2.10","983","","","","0"
"2023","Newfoundland and Labrador","2016A000210","Interest paid","Dollars","81","millions","6","v62790698","2.10","1344","","","","0"
"2024","Newfoundland and Labrador","2016A000210","Interest paid","Dollars","81","millions","6","v62790698","2.10","1368","","","","0"
"2015","Newfoundland and Labrador","2016A000210","Mortgage interest paid","Dollars","81","millions","6","v62790699","2.11","423","","","","0"
"2016","Newfoundland and Labrador","2016A000210","Mortgage interest paid","Dollars","81","millions","6","v62790699","2.11","414","","","","0"
"2017","Newfoundland and Labrador","2016A000210","Mortgage interest paid","Dollars","81","millions","6","v62790699","2.11","412","","","","0"
"2018","Newfoundland and Labrador","2016A000210","Mortgage interest paid","Dollars","81","millions","6","v62790699","2.11","453","","","","0"
"2019","Newfoundland and Labrador","2016A000210","Mortgage interest paid","Dollars","81","millions","6","v62790699","2.11","495","","","","0"
"2020","Newfoundland and Labrador","2016A000210","Mortgage interest paid","Dollars","81","millions","6","v62790699","2.11","450","","","","0"
"2021","Newfoundland and Labrador","2016A000210","Mortgage interest paid","Dollars","81","millions","6","v62790699","2.11","395","","","","0"
"2022","Newfoundland and Labrador","2016A000210","Mortgage interest paid","Dollars","81","millions","6","v62790699","2.11","455","","","","0"
"2023","Newfoundland and Labrador","2016A000210","Mortgage interest paid","Dollars","81","millions","6","v62790699","2.11","651","","","","0"
"2024","Newfoundland and Labrador","2016A000210","Mortgage interest paid","Dollars","81","millions","6","v62790699","2.11","723","","","","0"
"2015","Newfoundland and Labrador","2016A000210","Non-mortgage interest paid","Dollars","81","millions","6","v62790700","2.12","466","","","","0"
"2016","Newfoundland and Labrador","2016A000210","Non-mortgage interest paid","Dollars","81","millions","6","v62790700","2.12","486","","","","0"
"2017","Newfoundland and Labrador","2016A000210","Non-mortgage interest paid","Dollars","81","millions","6","v62790700","2.12","510","","","","0"
"2018","Newfoundland and Labrador","2016A000210","Non-mortgage interest paid","Dollars","81","millions","6","v62790700","2.12","547","","","","0"
"2019","Newfoundland and Labrador","2016A000210","Non-mortgage interest paid","Dollars","81","millions","6","v62790700","2.12","584","","","","0"
"2020","Newfoundland and Labrador","2016A000210","Non-mortgage interest paid","Dollars","81","millions","6","v62790700","2.12","523","","","","0"
"2021","Newfoundland and Labrador","2016A000210","Non-mortgage interest paid","Dollars","81","millions","6","v62790700","2.12","466","","","","0"
"2022","Newfoundland and Labrador","2016A000210","Non-mortgage interest paid","Dollars","81","millions","6","v62790700","2.12","528","","","","0"
"2023","Newfoundland and Labrador","2016A000210","Non-mortgage interest paid","Dollars","81","millions","6","v62790700","2.12","693","","","","0"
"2024","Newfoundland and Labrador","2016A000210","Non-mortgage interest paid","Dollars","81","millions","6","v62790700","2.12","645","","","","0"
"2015","Newfoundland and Labrador","2016A000210","Divided by: household disposable income","Dollars","81","millions","6","v62790701","2.13","17874","","","","0"
"2016","Newfoundland and Labrador","2016A000210","Divided by: household disposable income","Dollars","81","millions","6","v62790701","2.13","17601","","","","0"
"2017","Newfoundland and Labrador","2016A000210","Divided by: household disposable income","Dollars","81","millions","6","v62790701","2.13","17785","","","","0"
"2018","Newfoundland and Labrador","2016A000210","Divided by: household disposable income","Dollars","81","millions","6","v62790701","2.13","18142","","","","0"
"2019","Newfoundland and Labrador","2016A000210","Divided by: household disposable income","Dollars","81","millions","6","v62790701","2.13","18527","","","","0"
"2020","Newfoundland and Labrador","2016A000210","Divided by: household disposable income","Dollars","81","millions","6","v62790701","2.13","19627","","","","0"
"2021","Newfoundland and Labrador","2016A000210","Divided by: household disposable income","Dollars","81","millions","6","v62790701","2.13","20620","","","","0"
"2022","Newfoundland and Labrador","2016A000210","Divided by: household disposable income","Dollars","81","millions","6","v62790701","2.13","20725","","","","0"
"2023","Newfoundland and Labrador","2016A000210","Divided by: household disposable income","Dollars","81","millions","6","v62790701","2.13","22527","","","","0"
"2024","Newfoundland and Labrador","2016A000210","Divided by: household disposable income","Dollars","81","millions","6","v62790701","2.13","24006","","","","0"
"2015","Newfoundland and Labrador","2016A000210","Equals: debt service ratio, interest only","Ratio","272","units","0","v62790702","2.14","4.97","","","","2"
"2016","Newfoundland and Labrador","2016A000210","Equals: debt service ratio, interest only","Ratio","272","units","0","v62790702","2.14","5.11","","","","2"
"2017","Newfoundland and Labrador","2016A000210","Equals: debt service ratio, interest only","Ratio","272","units","0","v62790702","2.14","5.18","","","","2"
"2018","Newfoundland and Labrador","2016A000210","Equals: debt service ratio, interest only","Ratio","272","units","0","v62790702","2.14","5.51","","","","2"
"2019","Newfoundland and Labrador","2016A000210","Equals: debt service ratio, interest only","Ratio","272","units","0","v62790702","2.14","5.82","","","","2"
"2020","Newfoundland and Labrador","2016A000210","Equals: debt service ratio, interest only","Ratio","272","units","0","v62790702","2.14","4.96","","","","2"
"2021","Newfoundland and Labrador","2016A000210","Equals: debt service ratio, interest only","Ratio","272","units","0","v62790702","2.14","4.18","","","","2"
"2022","Newfoundland and Labrador","2016A000210","Equals: debt service ratio, interest only","Ratio","272","units","0","v62790702","2.14","4.74","","","","2"
"2023","Newfoundland and Labrador","2016A000210","Equals: debt service ratio, interest only","Ratio","272","units","0","v62790702","2.14","5.97","","","","2"
"2024","Newfoundland and Labrador","2016A000210","Equals: debt service ratio, interest only","Ratio","272","units","0","v62790702","2.14","5.70","","","","2"
"2015","Prince Edward Island","2016A000211","Household income","Dollars","81","millions","6","v62790703","3.1","5763","","","","0"
"2016","Prince Edward Island","2016A000211","Household income","Dollars","81","millions","6","v62790703","3.1","6000","","","","0"
"2017","Prince Edward Island","2016A000211","Household income","Dollars","81","millions","6","v62790703","3.1","6318","","","","0"
"2018","Prince Edward Island","2016A000211","Household income","Dollars","81","millions","6","v62790703","3.1","6511","","","","0"
"2019","Prince Edward Island","2016A000211","Household income","Dollars","81","millions","6","v62790703","3.1","6904","","","","0"
"2020","Prince Edward Island","2016A000211","Household income","Dollars","81","millions","6","v62790703","3.1","7469","","","","0"
"2021","Prince Edward Island","2016A000211","Household income","Dollars","81","millions","6","v62790703","3.1","8069","","","","0"
"2022","Prince Edward Island","2016A000211","Household income","Dollars","81","millions","6","v62790703","3.1","8573","","","","0"
"2023","Prince Edward Island","2016A000211","Household income","Dollars","81","millions","6","v62790703","3.1","9370","","","","0"
"2024","Prince Edward Island","2016A000211","Household income","Dollars","81","millions","6","v62790703","3.1","10149","","","","0"
"2015","Prince Edward Island","2016A000211","Compensation of employees","Dollars","81","millions","6","v62790704","3.2","3257","","","","0"
"2016","Prince Edward Island","2016A000211","Compensation of employees","Dollars","81","millions","6","v62790704","3.2","3319","","","","0"
"2017","Prince Edward Island","2016A000211","Compensation of employees","Dollars","81","millions","6","v62790704","3.2","3496","","","","0"
"2018","Prince Edward Island","2016A000211","Compensation of employees","Dollars","81","millions","6","v62790704","3.2","3619","","","","0"
"2019","Prince Edward Island","2016A000211","Compensation of employees","Dollars","81","millions","6","v62790704","3.2","3819","","","","0"
"2020","Prince Edward Island","2016A000211","Compensation of employees","Dollars","81","millions","6","v62790704","3.2","3883","","","","0"
"2021","Prince Edward Island","2016A000211","Compensation of employees","Dollars","81","millions","6","v62790704","3.2","4268","","","","0"
"2022","Prince Edward Island","2016A000211","Compensation of employees","Dollars","81","millions","6","v62790704","3.2","4635","","","","0"
"2023","Prince Edward Island","2016A000211","Compensation of employees","Dollars","81","millions","6","v62790704","3.2","5067","","","","0"
"2024","Prince Edward Island","2016A000211","Compensation of employees","Dollars","81","millions","6","v62790704","3.2","5442","","","","0"
"2015","Prince Edward Island","2016A000211","Net mixed income","Dollars","81","millions","6","v62790705","3.3","689","","","","0"
"2016","Prince Edward Island","2016A000211","Net mixed income","Dollars","81","millions","6","v62790705","3.3","767","","","","0"
"2017","Prince Edward Island","2016A000211","Net mixed income","Dollars","81","millions","6","v62790705","3.3","803","","","","0"
"2018","Prince Edward Island","2016A000211","Net mixed income","Dollars","81","millions","6","v62790705","3.3","807","","","","0"
"2019","Prince Edward Island","2016A000211","Net mixed income","Dollars","81","millions","6","v62790705","3.3","875","","","","0"
"2020","Prince Edward Island","2016A000211","Net mixed income","Dollars","81","millions","6","v62790705","3.3","873","","","","0"
"2021","Prince Edward Island","2016A000211","Net mixed income","Dollars","81","millions","6","v62790705","3.3","1118","","","","0"
"2022","Prince Edward Island","2016A000211","Net mixed income","Dollars","81","millions","6","v62790705","3.3","1247","","","","0"
"2023","Prince Edward Island","2016A000211","Net mixed income","Dollars","81","millions","6","v62790705","3.3","1309","","","","0"
"2024","Prince Edward Island","2016A000211","Net mixed income","Dollars","81","millions","6","v62790705","3.3","1471","","","","0"
"2015","Prince Edward Island","2016A000211","Property income received","Dollars","81","millions","6","v62790706","3.4","519","","","","0"
"2016","Prince Edward Island","2016A000211","Property income received","Dollars","81","millions","6","v62790706","3.4","528","","","","0"
"2017","Prince Edward Island","2016A000211","Property income received","Dollars","81","millions","6","v62790706","3.4","552","","","","0"
"2018","Prince Edward Island","2016A000211","Property income received","Dollars","81","millions","6","v62790706","3.4","530","","","","0"
"2019","Prince Edward Island","2016A000211","Property income received","Dollars","81","millions","6","v62790706","3.4","560","","","","0"
"2020","Prince Edward Island","2016A000211","Property income received","Dollars","81","millions","6","v62790706","3.4","574","","","","0"
"2021","Prince Edward Island","2016A000211","Property income received","Dollars","81","millions","6","v62790706","3.4","592","","","","0"
"2022","Prince Edward Island","2016A000211","Property income received","Dollars","81","millions","6","v62790706","3.4","631","","","","0"
"2023","Prince Edward Island","2016A000211","Property income received","Dollars","81","millions","6","v62790706","3.4","779","","","","0"
"2024","Prince Edward Island","2016A000211","Property income received","Dollars","81","millions","6","v62790706","3.4","888","","","","0"
"2015","Prince Edward Island","2016A000211","Current transfers received","Dollars","81","millions","6","v62790707","3.5","1298","","","","0"
"2016","Prince Edward Island","2016A000211","Current transfers received","Dollars","81","millions","6","v62790707","3.5","1386","","","","0"
"2017","Prince Edward Island","2016A000211","Current transfers received","Dollars","81","millions","6","v62790707","3.5","1467","","","","0"
"2018","Prince Edward Island","2016A000211","Current transfers received","Dollars","81","millions","6","v62790707","3.5","1555","","","","0"
"2019","Prince Edward Island","2016A000211","Current transfers received","Dollars","81","millions","6","v62790707","3.5","1650","","","","0"
"2020","Prince Edward Island","2016A000211","Current transfers received","Dollars","81","millions","6","v62790707","3.5","2139","","","","0"
"2021","Prince Edward Island","2016A000211","Current transfers received","Dollars","81","millions","6","v62790707","3.5","2091","","","","0"
"2022","Prince Edward Island","2016A000211","Current transfers received","Dollars","81","millions","6","v62790707","3.5","2059","","","","0"
"2023","Prince Edward Island","2016A000211","Current transfers received","Dollars","81","millions","6","v62790707","3.5","2215","","","","0"
"2024","Prince Edward Island","2016A000211","Current transfers received","Dollars","81","millions","6","v62790707","3.5","2348","","","","0"
"2015","Prince Edward Island","2016A000211","Household outlays","Dollars","81","millions","6","v62790708","3.6","6009","","","","0"
"2016","Prince Edward Island","2016A000211","Household outlays","Dollars","81","millions","6","v62790708","3.6","6201","","","","0"
"2017","Prince Edward Island","2016A000211","Household outlays","Dollars","81","millions","6","v62790708","3.6","6422","","","","0"
"2018","Prince Edward Island","2016A000211","Household outlays","Dollars","81","millions","6","v62790708","3.6","6708","","","","0"
"2019","Prince Edward Island","2016A000211","Household outlays","Dollars","81","millions","6","v62790708","3.6","6999","","","","0"
"2020","Prince Edward Island","2016A000211","Household outlays","Dollars","81","millions","6","v62790708","3.6","6973","","","","0"
"2021","Prince Edward Island","2016A000211","Household outlays","Dollars","81","millions","6","v62790708","3.6","7879","","","","0"
"2022","Prince Edward Island","2016A000211","Household outlays","Dollars","81","millions","6","v62790708","3.6","8765","","","","0"
"2023","Prince Edward Island","2016A000211","Household outlays","Dollars","81","millions","6","v62790708","3.6","9390","","","","0"
"2024","Prince Edward Island","2016A000211","Household outlays","Dollars","81","millions","6","v62790708","3.6","9755","","","","0"
"2015","Prince Edward Island","2016A000211","Property income paid","Dollars","81","millions","6","v62790709","3.7","159","","","","0"
"2016","Prince Edward Island","2016A000211","Property income paid","Dollars","81","millions","6","v62790709","3.7","161","","","","0"
"2017","Prince Edward Island","2016A000211","Property income paid","Dollars","81","millions","6","v62790709","3.7","164","","","","0"
"2018","Prince Edward Island","2016A000211","Property income paid","Dollars","81","millions","6","v62790709","3.7","189","","","","0"
"2019","Prince Edward Island","2016A000211","Property income paid","Dollars","81","millions","6","v62790709","3.7","214","","","","0"
"2020","Prince Edward Island","2016A000211","Property income paid","Dollars","81","millions","6","v62790709","3.7","195","","","","0"
"2021","Prince Edward Island","2016A000211","Property income paid","Dollars","81","millions","6","v62790709","3.7","176","","","","0"
"2022","Prince Edward Island","2016A000211","Property income paid","Dollars","81","millions","6","v62790709","3.7","219","","","","0"
"2023","Prince Edward Island","2016A000211","Property income paid","Dollars","81","millions","6","v62790709","3.7","339","","","","0"
"2024","Prince Edward Island","2016A000211","Property income paid","Dollars","81","millions","6","v62790709","3.7","371","","","","0"
"2015","Prince Edward Island","2016A000211","Current transfers paid","Dollars","81","millions","6","v62790710","3.8","1653","","","","0"
"2016","Prince Edward Island","2016A000211","Current transfers paid","Dollars","81","millions","6","v62790710","3.8","1713","","","","0"
"2017","Prince Edward Island","2016A000211","Current transfers paid","Dollars","81","millions","6","v62790710","3.8","1755","","","","0"
"2018","Prince Edward Island","2016A000211","Current transfers paid","Dollars","81","millions","6","v62790710","3.8","1844","","","","0"
"2019","Prince Edward Island","2016A000211","Current transfers paid","Dollars","81","millions","6","v62790710","3.8","1926","","","","0"
"2020","Prince Edward Island","2016A000211","Current transfers paid","Dollars","81","millions","6","v62790710","3.8","2032","","","","0"
"2021","Prince Edward Island","2016A000211","Current transfers paid","Dollars","81","millions","6","v62790710","3.8","2264","","","","0"
"2022","Prince Edward Island","2016A000211","Current transfers paid","Dollars","81","millions","6","v62790710","3.8","2407","","","","0"
"2023","Prince Edward Island","2016A000211","Current transfers paid","Dollars","81","millions","6","v62790710","3.8","2628","","","","0"
"2024","Prince Edward Island","2016A000211","Current transfers paid","Dollars","81","millions","6","v62790710","3.8","2804","","","","0"
"2015","Prince Edward Island","2016A000211","Household final consumption expenditure","Dollars","81","millions","6","v62790711","3.9","4197","","","","0"
"2016","Prince Edward Island","2016A000211","Household final consumption expenditure","Dollars","81","millions","6","v62790711","3.9","4327","","","","0"
"2017","Prince Edward Island","2016A000211","Household final consumption expenditure","Dollars","81","millions","6","v62790711","3.9","4503","","","","0"
"2018","Prince Edward Island","2016A000211","Household final consumption expenditure","Dollars","81","millions","6","v62790711","3.9","4675","","","","0"
"2019","Prince Edward Island","2016A000211","Household final consumption expenditure","Dollars","81","millions","6","v62790711","3.9","4859","","","","0"
"2020","Prince Edward Island","2016A000211","Household final consumption expenditure","Dollars","81","millions","6","v62790711","3.9","4746","","","","0"
"2021","Prince Edward Island","2016A000211","Household final consumption expenditure","Dollars","81","millions","6","v62790711","3.9","5439","","","","0"
"2022","Prince Edward Island","2016A000211","Household final consumption expenditure","Dollars","81","millions","6","v62790711","3.9","6139","","","","0"
"2023","Prince Edward Island","2016A000211","Household final consumption expenditure","Dollars","81","millions","6","v62790711","3.9","6423","","","","0"
"2024","Prince Edward Island","2016A000211","Household final consumption expenditure","Dollars","81","millions","6","v62790711","3.9","6580","","","","0"
"2015","Prince Edward Island","2016A000211","Interest paid","Dollars","81","millions","6","v62790712","3.10","220","","","","0"
"2016","Prince Edward Island","2016A000211","Interest paid","Dollars","81","millions","6","v62790712","3.10","224","","","","0"
"2017","Prince Edward Island","2016A000211","Interest paid","Dollars","81","millions","6","v62790712","3.10","225","","","","0"
"2018","Prince Edward Island","2016A000211","Interest paid","Dollars","81","millions","6","v62790712","3.10","251","","","","0"
"2019","Prince Edward Island","2016A000211","Interest paid","Dollars","81","millions","6","v62790712","3.10","277","","","","0"
"2020","Prince Edward Island","2016A000211","Interest paid","Dollars","81","millions","6","v62790712","3.10","261","","","","0"
"2021","Prince Edward Island","2016A000211","Interest paid","Dollars","81","millions","6","v62790712","3.10","243","","","","0"
"2022","Prince Edward Island","2016A000211","Interest paid","Dollars","81","millions","6","v62790712","3.10","293","","","","0"
"2023","Prince Edward Island","2016A000211","Interest paid","Dollars","81","millions","6","v62790712","3.10","416","","","","0"
"2024","Prince Edward Island","2016A000211","Interest paid","Dollars","81","millions","6","v62790712","3.10","446","","","","0"
"2015","Prince Edward Island","2016A000211","Mortgage interest paid","Dollars","81","millions","6","v62790713","3.11","93","","","","0"
"2016","Prince Edward Island","2016A000211","Mortgage interest paid","Dollars","81","millions","6","v62790713","3.11","92","","","","0"
"2017","Prince Edward Island","2016A000211","Mortgage interest paid","Dollars","81","millions","6","v62790713","3.11","91","","","","0"
"2018","Prince Edward Island","2016A000211","Mortgage interest paid","Dollars","81","millions","6","v62790713","3.11","104","","","","0"
"2019","Prince Edward Island","2016A000211","Mortgage interest paid","Dollars","81","millions","6","v62790713","3.11","116","","","","0"
"2020","Prince Edward Island","2016A000211","Mortgage interest paid","Dollars","81","millions","6","v62790713","3.11","113","","","","0"
"2021","Prince Edward Island","2016A000211","Mortgage interest paid","Dollars","81","millions","6","v62790713","3.11","108","","","","0"
"2022","Prince Edward Island","2016A000211","Mortgage interest paid","Dollars","81","millions","6","v62790713","3.11","132","","","","0"
"2023","Prince Edward Island","2016A000211","Mortgage interest paid","Dollars","81","millions","6","v62790713","3.11","197","","","","0"
"2024","Prince Edward Island","2016A000211","Mortgage interest paid","Dollars","81","millions","6","v62790713","3.11","221","","","","0"
"2015","Prince Edward Island","2016A000211","Non-mortgage interest paid","Dollars","81","millions","6","v62790714","3.12","127","","","","0"
"2016","Prince Edward Island","2016A000211","Non-mortgage interest paid","Dollars","81","millions","6","v62790714","3.12","132","","","","0"
"2017","Prince Edward Island","2016A000211","Non-mortgage interest paid","Dollars","81","millions","6","v62790714","3.12","134","","","","0"
"2018","Prince Edward Island","2016A000211","Non-mortgage interest paid","Dollars","81","millions","6","v62790714","3.12","147","","","","0"
"2019","Prince Edward Island","2016A000211","Non-mortgage interest paid","Dollars","81","millions","6","v62790714","3.12","161","","","","0"
"2020","Prince Edward Island","2016A000211","Non-mortgage interest paid","Dollars","81","millions","6","v62790714","3.12","148","","","","0"
"2021","Prince Edward Island","2016A000211","Non-mortgage interest paid","Dollars","81","millions","6","v62790714","3.12","135","","","","0"
"2022","Prince Edward Island","2016A000211","Non-mortgage interest paid","Dollars","81","millions","6","v62790714","3.12","161","","","","0"
"2023","Prince Edward Island","2016A000211","Non-mortgage interest paid","Dollars","81","millions","6","v62790714","3.12","219","","","","0"
"2024","Prince Edward Island","2016A000211","Non-mortgage interest paid","Dollars","81","millions","6","v62790714","3.12","225","","","","0"
"2015","Prince Edward Island","2016A000211","Divided by: household disposable income","Dollars","81","millions","6","v62790715","3.13","4171","","","","0"
"2016","Prince Edward Island","2016A000211","Divided by: household disposable income","Dollars","81","millions","6","v62790715","3.13","4350","","","","0"
"2017","Prince Edward Island","2016A000211","Divided by: household disposable income","Dollars","81","millions","6","v62790715","3.13","4624","","","","0"
"2018","Prince Edward Island","2016A000211","Divided by: household disposable income","Dollars","81","millions","6","v62790715","3.13","4729","","","","0"
"2019","Prince Edward Island","2016A000211","Divided by: household disposable income","Dollars","81","millions","6","v62790715","3.13","5041","","","","0"
"2020","Prince Edward Island","2016A000211","Divided by: household disposable income","Dollars","81","millions","6","v62790715","3.13","5503","","","","0"
"2021","Prince Edward Island","2016A000211","Divided by: household disposable income","Dollars","81","millions","6","v62790715","3.13","5872","","","","0"
"2022","Prince Edward Island","2016A000211","Divided by: household disposable income","Dollars","81","millions","6","v62790715","3.13","6240","","","","0"
"2023","Prince Edward Island","2016A000211","Divided by: household disposable income","Dollars","81","millions","6","v62790715","3.13","6819","","","","0"
"2024","Prince Edward Island","2016A000211","Divided by: household disposable income","Dollars","81","millions","6","v62790715","3.13","7420","","","","0"
"2015","Prince Edward Island","2016A000211","Equals: debt service ratio, interest only","Ratio","272","units","0","v62790716","3.14","5.27","","","","2"
"2016","Prince Edward Island","2016A000211","Equals: debt service ratio, interest only","Ratio","272","units","0","v62790716","3.14","5.15","","","","2"
"2017","Prince Edward Island","2016A000211","Equals: debt service ratio, interest only","Ratio","272","units","0","v62790716","3.14","4.87","","","","2"
"2018","Prince Edward Island","2016A000211","Equals: debt service ratio, interest only","Ratio","272","units","0","v62790716","3.14","5.31","","","","2"
"2019","Prince Edward Island","2016A000211","Equals: debt service ratio, interest only","Ratio","272","units","0","v62790716","3.14","5.49","","","","2"
"2020","Prince Edward Island","2016A000211","Equals: debt service ratio, interest only","Ratio","272","units","0","v62790716","3.14","4.74","","","","2"
"2021","Prince Edward Island","2016A000211","Equals: debt service ratio, interest only","Ratio","272","units","0","v62790716","3.14","4.14","","","","2"
"2022","Prince Edward Island","2016A000211","Equals: debt service ratio, interest only","Ratio","272","units","0","v62790716","3.14","4.70","","","","2"
"2023","Prince Edward Island","2016A000211","Equals: debt service ratio, interest only","Ratio","272","units","0","v62790716","3.14","6.10","","","","2"
"2024","Prince Edward Island","2016A000211","Equals: debt service ratio, interest only","Ratio","272","units","0","v62790716","3.14","6.01","","","","2"
"2015","Nova Scotia","2016A000212","Household income","Dollars","81","millions","6","v62790717","4.1","39932","","","","0"
"2016","Nova Scotia","2016A000212","Household income","Dollars","81","millions","6","v62790717","4.1","40223","","","","0"
"2017","Nova Scotia","2016A000212","Household income","Dollars","81","millions","6","v62790717","4.1","41802","","","","0"
"2018","Nova Scotia","2016A000212","Household income","Dollars","81","millions","6","v62790717","4.1","43349","","","","0"
"2019","Nova Scotia","2016A000212","Household income","Dollars","81","millions","6","v62790717","4.1","44427","","","","0"
"2020","Nova Scotia","2016A000212","Household income","Dollars","81","millions","6","v62790717","4.1","47413","","","","0"
"2021","Nova Scotia","2016A000212","Household income","Dollars","81","millions","6","v62790717","4.1","49752","","","","0"
"2022","Nova Scotia","2016A000212","Household income","Dollars","81","millions","6","v62790717","4.1","52469","","","","0"
"2023","Nova Scotia","2016A000212","Household income","Dollars","81","millions","6","v62790717","4.1","58391","","","","0"
"2024","Nova Scotia","2016A000212","Household income","Dollars","81","millions","6","v62790717","4.1","63322","","","","0"
"2015","Nova Scotia","2016A000212","Compensation of employees","Dollars","81","millions","6","v62790718","4.2","22616","","","","0"
"2016","Nova Scotia","2016A000212","Compensation of employees","Dollars","81","millions","6","v62790718","4.2","22405","","","","0"
"2017","Nova Scotia","2016A000212","Compensation of employees","Dollars","81","millions","6","v62790718","4.2","23189","","","","0"
"2018","Nova Scotia","2016A000212","Compensation of employees","Dollars","81","millions","6","v62790718","4.2","24407","","","","0"
"2019","Nova Scotia","2016A000212","Compensation of employees","Dollars","81","millions","6","v62790718","4.2","24830","","","","0"
"2020","Nova Scotia","2016A000212","Compensation of employees","Dollars","81","millions","6","v62790718","4.2","24929","","","","0"
"2021","Nova Scotia","2016A000212","Compensation of employees","Dollars","81","millions","6","v62790718","4.2","27145","","","","0"
"2022","Nova Scotia","2016A000212","Compensation of employees","Dollars","81","millions","6","v62790718","4.2","29623","","","","0"
"2023","Nova Scotia","2016A000212","Compensation of employees","Dollars","81","millions","6","v62790718","4.2","32546","","","","0"
"2024","Nova Scotia","2016A000212","Compensation of employees","Dollars","81","millions","6","v62790718","4.2","34862","","","","0"
"2015","Nova Scotia","2016A000212","Net mixed income","Dollars","81","millions","6","v62790719","4.3","4415","","","","0"
"2016","Nova Scotia","2016A000212","Net mixed income","Dollars","81","millions","6","v62790719","4.3","4570","","","","0"
"2017","Nova Scotia","2016A000212","Net mixed income","Dollars","81","millions","6","v62790719","4.3","4816","","","","0"
"2018","Nova Scotia","2016A000212","Net mixed income","Dollars","81","millions","6","v62790719","4.3","4999","","","","0"
"2019","Nova Scotia","2016A000212","Net mixed income","Dollars","81","millions","6","v62790719","4.3","5243","","","","0"
"2020","Nova Scotia","2016A000212","Net mixed income","Dollars","81","millions","6","v62790719","4.3","5295","","","","0"
"2021","Nova Scotia","2016A000212","Net mixed income","Dollars","81","millions","6","v62790719","4.3","5725","","","","0"
"2022","Nova Scotia","2016A000212","Net mixed income","Dollars","81","millions","6","v62790719","4.3","6175","","","","0"
"2023","Nova Scotia","2016A000212","Net mixed income","Dollars","81","millions","6","v62790719","4.3","7355","","","","0"
"2024","Nova Scotia","2016A000212","Net mixed income","Dollars","81","millions","6","v62790719","4.3","8346","","","","0"
"2015","Nova Scotia","2016A000212","Property income received","Dollars","81","millions","6","v62790720","4.4","4642","","","","0"
"2016","Nova Scotia","2016A000212","Property income received","Dollars","81","millions","6","v62790720","4.4","4619","","","","0"
"2017","Nova Scotia","2016A000212","Property income received","Dollars","81","millions","6","v62790720","4.4","4790","","","","0"
"2018","Nova Scotia","2016A000212","Property income received","Dollars","81","millions","6","v62790720","4.4","4608","","","","0"
"2019","Nova Scotia","2016A000212","Property income received","Dollars","81","millions","6","v62790720","4.4","4806","","","","0"
"2020","Nova Scotia","2016A000212","Property income received","Dollars","81","millions","6","v62790720","4.4","4751","","","","0"
"2021","Nova Scotia","2016A000212","Property income received","Dollars","81","millions","6","v62790720","4.4","4903","","","","0"
"2022","Nova Scotia","2016A000212","Property income received","Dollars","81","millions","6","v62790720","4.4","5271","","","","0"
"2023","Nova Scotia","2016A000212","Property income received","Dollars","81","millions","6","v62790720","4.4","6233","","","","0"
"2024","Nova Scotia","2016A000212","Property income received","Dollars","81","millions","6","v62790720","4.4","6943","","","","0"
"2015","Nova Scotia","2016A000212","Current transfers received","Dollars","81","millions","6","v62790721","4.5","8259","","","","0"
"2016","Nova Scotia","2016A000212","Current transfers received","Dollars","81","millions","6","v62790721","4.5","8629","","","","0"
"2017","Nova Scotia","2016A000212","Current transfers received","Dollars","81","millions","6","v62790721","4.5","9007","","","","0"
"2018","Nova Scotia","2016A000212","Current transfers received","Dollars","81","millions","6","v62790721","4.5","9335","","","","0"
"2019","Nova Scotia","2016A000212","Current transfers received","Dollars","81","millions","6","v62790721","4.5","9548","","","","0"
"2020","Nova Scotia","2016A000212","Current transfers received","Dollars","81","millions","6","v62790721","4.5","12438","","","","0"
"2021","Nova Scotia","2016A000212","Current transfers received","Dollars","81","millions","6","v62790721","4.5","11979","","","","0"
"2022","Nova Scotia","2016A000212","Current transfers received","Dollars","81","millions","6","v62790721","4.5","11400","","","","0"
"2023","Nova Scotia","2016A000212","Current transfers received","Dollars","81","millions","6","v62790721","4.5","12256","","","","0"
"2024","Nova Scotia","2016A000212","Current transfers received","Dollars","81","millions","6","v62790721","4.5","13171","","","","0"
"2015","Nova Scotia","2016A000212","Household outlays","Dollars","81","millions","6","v62790722","4.6","42243","","","","0"
"2016","Nova Scotia","2016A000212","Household outlays","Dollars","81","millions","6","v62790722","4.6","42654","","","","0"
"2017","Nova Scotia","2016A000212","Household outlays","Dollars","81","millions","6","v62790722","4.6","44241","","","","0"
"2018","Nova Scotia","2016A000212","Household outlays","Dollars","81","millions","6","v62790722","4.6","45705","","","","0"
"2019","Nova Scotia","2016A000212","Household outlays","Dollars","81","millions","6","v62790722","4.6","47052","","","","0"
"2020","Nova Scotia","2016A000212","Household outlays","Dollars","81","millions","6","v62790722","4.6","46198","","","","0"
"2021","Nova Scotia","2016A000212","Household outlays","Dollars","81","millions","6","v62790722","4.6","50896","","","","0"
"2022","Nova Scotia","2016A000212","Household outlays","Dollars","81","millions","6","v62790722","4.6","56214","","","","0"
"2023","Nova Scotia","2016A000212","Household outlays","Dollars","81","millions","6","v62790722","4.6","61513","","","","0"
"2024","Nova Scotia","2016A000212","Household outlays","Dollars","81","millions","6","v62790722","4.6","65725","","","","0"
"2015","Nova Scotia","2016A000212","Property income paid","Dollars","81","millions","6","v62790723","4.7","1128","","","","0"
"2016","Nova Scotia","2016A000212","Property income paid","Dollars","81","millions","6","v62790723","4.7","1102","","","","0"
"2017","Nova Scotia","2016A000212","Property income paid","Dollars","81","millions","6","v62790723","4.7","1148","","","","0"
"2018","Nova Scotia","2016A000212","Property income paid","Dollars","81","millions","6","v62790723","4.7","1311","","","","0"
"2019","Nova Scotia","2016A000212","Property income paid","Dollars","81","millions","6","v62790723","4.7","1480","","","","0"
"2020","Nova Scotia","2016A000212","Property income paid","Dollars","81","millions","6","v62790723","4.7","1308","","","","0"
"2021","Nova Scotia","2016A000212","Property income paid","Dollars","81","millions","6","v62790723","4.7","1138","","","","0"
"2022","Nova Scotia","2016A000212","Property income paid","Dollars","81","millions","6","v62790723","4.7","1413","","","","0"
"2023","Nova Scotia","2016A000212","Property income paid","Dollars","81","millions","6","v62790723","4.7","2168","","","","0"
"2024","Nova Scotia","2016A000212","Property income paid","Dollars","81","millions","6","v62790723","4.7","2360","","","","0"
"2015","Nova Scotia","2016A000212","Current transfers paid","Dollars","81","millions","6","v62790724","4.8","12233","","","","0"
"2016","Nova Scotia","2016A000212","Current transfers paid","Dollars","81","millions","6","v62790724","4.8","12179","","","","0"
"2017","Nova Scotia","2016A000212","Current transfers paid","Dollars","81","millions","6","v62790724","4.8","12609","","","","0"
"2018","Nova Scotia","2016A000212","Current transfers paid","Dollars","81","millions","6","v62790724","4.8","12962","","","","0"
"2019","Nova Scotia","2016A000212","Current transfers paid","Dollars","81","millions","6","v62790724","4.8","13246","","","","0"
"2020","Nova Scotia","2016A000212","Current transfers paid","Dollars","81","millions","6","v62790724","4.8","13678","","","","0"
"2021","Nova Scotia","2016A000212","Current transfers paid","Dollars","81","millions","6","v62790724","4.8","15032","","","","0"
"2022","Nova Scotia","2016A000212","Current transfers paid","Dollars","81","millions","6","v62790724","4.8","16327","","","","0"
"2023","Nova Scotia","2016A000212","Current transfers paid","Dollars","81","millions","6","v62790724","4.8","17744","","","","0"
"2024","Nova Scotia","2016A000212","Current transfers paid","Dollars","81","millions","6","v62790724","4.8","19303","","","","0"
"2015","Nova Scotia","2016A000212","Household final consumption expenditure","Dollars","81","millions","6","v62790725","4.9","28882","","","","0"
"2016","Nova Scotia","2016A000212","Household final consumption expenditure","Dollars","81","millions","6","v62790725","4.9","29373","","","","0"
"2017","Nova Scotia","2016A000212","Household final consumption expenditure","Dollars","81","millions","6","v62790725","4.9","30484","","","","0"
"2018","Nova Scotia","2016A000212","Household final consumption expenditure","Dollars","81","millions","6","v62790725","4.9","31432","","","","0"
"2019","Nova Scotia","2016A000212","Household final consumption expenditure","Dollars","81","millions","6","v62790725","4.9","32326","","","","0"
"2020","Nova Scotia","2016A000212","Household final consumption expenditure","Dollars","81","millions","6","v62790725","4.9","31212","","","","0"
"2021","Nova Scotia","2016A000212","Household final consumption expenditure","Dollars","81","millions","6","v62790725","4.9","34726","","","","0"
"2022","Nova Scotia","2016A000212","Household final consumption expenditure","Dollars","81","millions","6","v62790725","4.9","38474","","","","0"
"2023","Nova Scotia","2016A000212","Household final consumption expenditure","Dollars","81","millions","6","v62790725","4.9","41601","","","","0"
"2024","Nova Scotia","2016A000212","Household final consumption expenditure","Dollars","81","millions","6","v62790725","4.9","44062","","","","0"
"2015","Nova Scotia","2016A000212","Interest paid","Dollars","81","millions","6","v62790726","4.10","1598","","","","0"
"2016","Nova Scotia","2016A000212","Interest paid","Dollars","81","millions","6","v62790726","4.10","1588","","","","0"
"2017","Nova Scotia","2016A000212","Interest paid","Dollars","81","millions","6","v62790726","4.10","1623","","","","0"
"2018","Nova Scotia","2016A000212","Interest paid","Dollars","81","millions","6","v62790726","4.10","1788","","","","0"
"2019","Nova Scotia","2016A000212","Interest paid","Dollars","81","millions","6","v62790726","4.10","1956","","","","0"
"2020","Nova Scotia","2016A000212","Interest paid","Dollars","81","millions","6","v62790726","4.10","1792","","","","0"
"2021","Nova Scotia","2016A000212","Interest paid","Dollars","81","millions","6","v62790726","4.10","1626","","","","0"
"2022","Nova Scotia","2016A000212","Interest paid","Dollars","81","millions","6","v62790726","4.10","1923","","","","0"
"2023","Nova Scotia","2016A000212","Interest paid","Dollars","81","millions","6","v62790726","4.10","2688","","","","0"
"2024","Nova Scotia","2016A000212","Interest paid","Dollars","81","millions","6","v62790726","4.10","2851","","","","0"
"2015","Nova Scotia","2016A000212","Mortgage interest paid","Dollars","81","millions","6","v62790727","4.11","730","","","","0"
"2016","Nova Scotia","2016A000212","Mortgage interest paid","Dollars","81","millions","6","v62790727","4.11","696","","","","0"
"2017","Nova Scotia","2016A000212","Mortgage interest paid","Dollars","81","millions","6","v62790727","4.11","694","","","","0"
"2018","Nova Scotia","2016A000212","Mortgage interest paid","Dollars","81","millions","6","v62790727","4.11","771","","","","0"
"2019","Nova Scotia","2016A000212","Mortgage interest paid","Dollars","81","millions","6","v62790727","4.11","865","","","","0"
"2020","Nova Scotia","2016A000212","Mortgage interest paid","Dollars","81","millions","6","v62790727","4.11","831","","","","0"
"2021","Nova Scotia","2016A000212","Mortgage interest paid","Dollars","81","millions","6","v62790727","4.11","767","","","","0"
"2022","Nova Scotia","2016A000212","Mortgage interest paid","Dollars","81","millions","6","v62790727","4.11","928","","","","0"
"2023","Nova Scotia","2016A000212","Mortgage interest paid","Dollars","81","millions","6","v62790727","4.11","1376","","","","0"
"2024","Nova Scotia","2016A000212","Mortgage interest paid","Dollars","81","millions","6","v62790727","4.11","1555","","","","0"
"2015","Nova Scotia","2016A000212","Non-mortgage interest paid","Dollars","81","millions","6","v62790728","4.12","868","","","","0"
"2016","Nova Scotia","2016A000212","Non-mortgage interest paid","Dollars","81","millions","6","v62790728","4.12","892","","","","0"
"2017","Nova Scotia","2016A000212","Non-mortgage interest paid","Dollars","81","millions","6","v62790728","4.12","929","","","","0"
"2018","Nova Scotia","2016A000212","Non-mortgage interest paid","Dollars","81","millions","6","v62790728","4.12","1017","","","","0"
"2019","Nova Scotia","2016A000212","Non-mortgage interest paid","Dollars","81","millions","6","v62790728","4.12","1091","","","","0"
"2020","Nova Scotia","2016A000212","Non-mortgage interest paid","Dollars","81","millions","6","v62790728","4.12","961","","","","0"
"2021","Nova Scotia","2016A000212","Non-mortgage interest paid","Dollars","81","millions","6","v62790728","4.12","859","","","","0"
"2022","Nova Scotia","2016A000212","Non-mortgage interest paid","Dollars","81","millions","6","v62790728","4.12","995","","","","0"
"2023","Nova Scotia","2016A000212","Non-mortgage interest paid","Dollars","81","millions","6","v62790728","4.12","1312","","","","0"
"2024","Nova Scotia","2016A000212","Non-mortgage interest paid","Dollars","81","millions","6","v62790728","4.12","1296","","","","0"
"2015","Nova Scotia","2016A000212","Divided by: household disposable income","Dollars","81","millions","6","v62790729","4.13","28169","","","","0"
"2016","Nova Scotia","2016A000212","Divided by: household disposable income","Dollars","81","millions","6","v62790729","4.13","28530","","","","0"
"2017","Nova Scotia","2016A000212","Divided by: household disposable income","Dollars","81","millions","6","v62790729","4.13","29668","","","","0"
"2018","Nova Scotia","2016A000212","Divided by: household disposable income","Dollars","81","millions","6","v62790729","4.13","30864","","","","0"
"2019","Nova Scotia","2016A000212","Divided by: household disposable income","Dollars","81","millions","6","v62790729","4.13","31657","","","","0"
"2020","Nova Scotia","2016A000212","Divided by: household disposable income","Dollars","81","millions","6","v62790729","4.13","34219","","","","0"
"2021","Nova Scotia","2016A000212","Divided by: household disposable income","Dollars","81","millions","6","v62790729","4.13","35208","","","","0"
"2022","Nova Scotia","2016A000212","Divided by: household disposable income","Dollars","81","millions","6","v62790729","4.13","36652","","","","0"
"2023","Nova Scotia","2016A000212","Divided by: household disposable income","Dollars","81","millions","6","v62790729","4.13","41167","","","","0"
"2024","Nova Scotia","2016A000212","Divided by: household disposable income","Dollars","81","millions","6","v62790729","4.13","44510","","","","0"
"2015","Nova Scotia","2016A000212","Equals: debt service ratio, interest only","Ratio","272","units","0","v62790730","4.14","5.67","","","","2"
"2016","Nova Scotia","2016A000212","Equals: debt service ratio, interest only","Ratio","272","units","0","v62790730","4.14","5.57","","","","2"
"2017","Nova Scotia","2016A000212","Equals: debt service ratio, interest only","Ratio","272","units","0","v62790730","4.14","5.47","","","","2"
"2018","Nova Scotia","2016A000212","Equals: debt service ratio, interest only","Ratio","272","units","0","v62790730","4.14","5.79","","","","2"
"2019","Nova Scotia","2016A000212","Equals: debt service ratio, interest only","Ratio","272","units","0","v62790730","4.14","6.18","","","","2"
"2020","Nova Scotia","2016A000212","Equals: debt service ratio, interest only","Ratio","272","units","0","v62790730","4.14","5.24","","","","2"
"2021","Nova Scotia","2016A000212","Equals: debt service ratio, interest only","Ratio","272","units","0","v62790730","4.14","4.62","","","","2"
"2022","Nova Scotia","2016A000212","Equals: debt service ratio, interest only","Ratio","272","units","0","v62790730","4.14","5.25","","","","2"
"2023","Nova Scotia","2016A000212","Equals: debt service ratio, interest only","Ratio","272","units","0","v62790730","4.14","6.53","","","","2"
"2024","Nova Scotia","2016A000212","Equals: debt service ratio, interest only","Ratio","272","units","0","v62790730","4.14","6.41","","","","2"
"2015","New Brunswick","2016A000213","Household income","Dollars","81","millions","6","v62790731","5.1","30987","","","","0"
"2016","New Brunswick","2016A000213","Household income","Dollars","81","millions","6","v62790731","5.1","31909","","","","0"
"2017","New Brunswick","2016A000213","Household income","Dollars","81","millions","6","v62790731","5.1","33001","","","","0"
"2018","New Brunswick","2016A000213","Household income","Dollars","81","millions","6","v62790731","5.1","34019","","","","0"
"2019","New Brunswick","2016A000213","Household income","Dollars","81","millions","6","v62790731","5.1","35084","","","","0"
"2020","New Brunswick","2016A000213","Household income","Dollars","81","millions","6","v62790731","5.1","36854","","","","0"
"2021","New Brunswick","2016A000213","Household income","Dollars","81","millions","6","v62790731","5.1","38382","","","","0"
"2022","New Brunswick","2016A000213","Household income","Dollars","81","millions","6","v62790731","5.1","40584","","","","0"
"2023","New Brunswick","2016A000213","Household income","Dollars","81","millions","6","v62790731","5.1","44014","","","","0"
"2024","New Brunswick","2016A000213","Household income","Dollars","81","millions","6","v62790731","5.1","47810","","","","0"
"2015","New Brunswick","2016A000213","Compensation of employees","Dollars","81","millions","6","v62790732","5.2","18027","","","","0"
"2016","New Brunswick","2016A000213","Compensation of employees","Dollars","81","millions","6","v62790732","5.2","18287","","","","0"
"2017","New Brunswick","2016A000213","Compensation of employees","Dollars","81","millions","6","v62790732","5.2","18827","","","","0"
"2018","New Brunswick","2016A000213","Compensation of employees","Dollars","81","millions","6","v62790732","5.2","19567","","","","0"
"2019","New Brunswick","2016A000213","Compensation of employees","Dollars","81","millions","6","v62790732","5.2","20146","","","","0"
"2020","New Brunswick","2016A000213","Compensation of employees","Dollars","81","millions","6","v62790732","5.2","19921","","","","0"
"2021","New Brunswick","2016A000213","Compensation of employees","Dollars","81","millions","6","v62790732","5.2","21391","","","","0"
"2022","New Brunswick","2016A000213","Compensation of employees","Dollars","81","millions","6","v62790732","5.2","23694","","","","0"
"2023","New Brunswick","2016A000213","Compensation of employees","Dollars","81","millions","6","v62790732","5.2","25235","","","","0"
"2024","New Brunswick","2016A000213","Compensation of employees","Dollars","81","millions","6","v62790732","5.2","26839","","","","0"
"2015","New Brunswick","2016A000213","Net mixed income","Dollars","81","millions","6","v62790733","5.3","2880","","","","0"
"2016","New Brunswick","2016A000213","Net mixed income","Dollars","81","millions","6","v62790733","5.3","2974","","","","0"
"2017","New Brunswick","2016A000213","Net mixed income","Dollars","81","millions","6","v62790733","5.3","3063","","","","0"
"2018","New Brunswick","2016A000213","Net mixed income","Dollars","81","millions","6","v62790733","5.3","3109","","","","0"
"2019","New Brunswick","2016A000213","Net mixed income","Dollars","81","millions","6","v62790733","5.3","3189","","","","0"
"2020","New Brunswick","2016A000213","Net mixed income","Dollars","81","millions","6","v62790733","5.3","3088","","","","0"
"2021","New Brunswick","2016A000213","Net mixed income","Dollars","81","millions","6","v62790733","5.3","3514","","","","0"
"2022","New Brunswick","2016A000213","Net mixed income","Dollars","81","millions","6","v62790733","5.3","3732","","","","0"
"2023","New Brunswick","2016A000213","Net mixed income","Dollars","81","millions","6","v62790733","5.3","4299","","","","0"
"2024","New Brunswick","2016A000213","Net mixed income","Dollars","81","millions","6","v62790733","5.3","5084","","","","0"
"2015","New Brunswick","2016A000213","Property income received","Dollars","81","millions","6","v62790734","5.4","2632","","","","0"
"2016","New Brunswick","2016A000213","Property income received","Dollars","81","millions","6","v62790734","5.4","2759","","","","0"
"2017","New Brunswick","2016A000213","Property income received","Dollars","81","millions","6","v62790734","5.4","2884","","","","0"
"2018","New Brunswick","2016A000213","Property income received","Dollars","81","millions","6","v62790734","5.4","2856","","","","0"
"2019","New Brunswick","2016A000213","Property income received","Dollars","81","millions","6","v62790734","5.4","2978","","","","0"
"2020","New Brunswick","2016A000213","Property income received","Dollars","81","millions","6","v62790734","5.4","2905","","","","0"
"2021","New Brunswick","2016A000213","Property income received","Dollars","81","millions","6","v62790734","5.4","3061","","","","0"
"2022","New Brunswick","2016A000213","Property income received","Dollars","81","millions","6","v62790734","5.4","3226","","","","0"
"2023","New Brunswick","2016A000213","Property income received","Dollars","81","millions","6","v62790734","5.4","3806","","","","0"
"2024","New Brunswick","2016A000213","Property income received","Dollars","81","millions","6","v62790734","5.4","4296","","","","0"
"2015","New Brunswick","2016A000213","Current transfers received","Dollars","81","millions","6","v62790735","5.5","7447","","","","0"
"2016","New Brunswick","2016A000213","Current transfers received","Dollars","81","millions","6","v62790735","5.5","7889","","","","0"
"2017","New Brunswick","2016A000213","Current transfers received","Dollars","81","millions","6","v62790735","5.5","8227","","","","0"
"2018","New Brunswick","2016A000213","Current transfers received","Dollars","81","millions","6","v62790735","5.5","8487","","","","0"
"2019","New Brunswick","2016A000213","Current transfers received","Dollars","81","millions","6","v62790735","5.5","8771","","","","0"
"2020","New Brunswick","2016A000213","Current transfers received","Dollars","81","millions","6","v62790735","5.5","10940","","","","0"
"2021","New Brunswick","2016A000213","Current transfers received","Dollars","81","millions","6","v62790735","5.5","10416","","","","0"
"2022","New Brunswick","2016A000213","Current transfers received","Dollars","81","millions","6","v62790735","5.5","9932","","","","0"
"2023","New Brunswick","2016A000213","Current transfers received","Dollars","81","millions","6","v62790735","5.5","10675","","","","0"
"2024","New Brunswick","2016A000213","Current transfers received","Dollars","81","millions","6","v62790735","5.5","11591","","","","0"
"2015","New Brunswick","2016A000213","Household outlays","Dollars","81","millions","6","v62790736","5.6","31867","","","","0"
"2016","New Brunswick","2016A000213","Household outlays","Dollars","81","millions","6","v62790736","5.6","32543","","","","0"
"2017","New Brunswick","2016A000213","Household outlays","Dollars","81","millions","6","v62790736","5.6","33919","","","","0"
"2018","New Brunswick","2016A000213","Household outlays","Dollars","81","millions","6","v62790736","5.6","35088","","","","0"
"2019","New Brunswick","2016A000213","Household outlays","Dollars","81","millions","6","v62790736","5.6","36138","","","","0"
"2020","New Brunswick","2016A000213","Household outlays","Dollars","81","millions","6","v62790736","5.6","35433","","","","0"
"2021","New Brunswick","2016A000213","Household outlays","Dollars","81","millions","6","v62790736","5.6","38368","","","","0"
"2022","New Brunswick","2016A000213","Household outlays","Dollars","81","millions","6","v62790736","5.6","42458","","","","0"
"2023","New Brunswick","2016A000213","Household outlays","Dollars","81","millions","6","v62790736","5.6","45492","","","","0"
"2024","New Brunswick","2016A000213","Household outlays","Dollars","81","millions","6","v62790736","5.6","48294","","","","0"
"2015","New Brunswick","2016A000213","Property income paid","Dollars","81","millions","6","v62790737","5.7","743","","","","0"
"2016","New Brunswick","2016A000213","Property income paid","Dollars","81","millions","6","v62790737","5.7","788","","","","0"
"2017","New Brunswick","2016A000213","Property income paid","Dollars","81","millions","6","v62790737","5.7","842","","","","0"
"2018","New Brunswick","2016A000213","Property income paid","Dollars","81","millions","6","v62790737","5.7","954","","","","0"
"2019","New Brunswick","2016A000213","Property income paid","Dollars","81","millions","6","v62790737","5.7","1070","","","","0"
"2020","New Brunswick","2016A000213","Property income paid","Dollars","81","millions","6","v62790737","5.7","954","","","","0"
"2021","New Brunswick","2016A000213","Property income paid","Dollars","81","millions","6","v62790737","5.7","825","","","","0"
"2022","New Brunswick","2016A000213","Property income paid","Dollars","81","millions","6","v62790737","5.7","937","","","","0"
"2023","New Brunswick","2016A000213","Property income paid","Dollars","81","millions","6","v62790737","5.7","1474","","","","0"
"2024","New Brunswick","2016A000213","Property income paid","Dollars","81","millions","6","v62790737","5.7","1598","","","","0"
"2015","New Brunswick","2016A000213","Current transfers paid","Dollars","81","millions","6","v62790738","5.8","9077","","","","0"
"2016","New Brunswick","2016A000213","Current transfers paid","Dollars","81","millions","6","v62790738","5.8","9240","","","","0"
"2017","New Brunswick","2016A000213","Current transfers paid","Dollars","81","millions","6","v62790738","5.8","9518","","","","0"
"2018","New Brunswick","2016A000213","Current transfers paid","Dollars","81","millions","6","v62790738","5.8","9915","","","","0"
"2019","New Brunswick","2016A000213","Current transfers paid","Dollars","81","millions","6","v62790738","5.8","10160","","","","0"
"2020","New Brunswick","2016A000213","Current transfers paid","Dollars","81","millions","6","v62790738","5.8","10192","","","","0"
"2021","New Brunswick","2016A000213","Current transfers paid","Dollars","81","millions","6","v62790738","5.8","10876","","","","0"
"2022","New Brunswick","2016A000213","Current transfers paid","Dollars","81","millions","6","v62790738","5.8","11919","","","","0"
"2023","New Brunswick","2016A000213","Current transfers paid","Dollars","81","millions","6","v62790738","5.8","12651","","","","0"
"2024","New Brunswick","2016A000213","Current transfers paid","Dollars","81","millions","6","v62790738","5.8","13500","","","","0"
"2015","New Brunswick","2016A000213","Household final consumption expenditure","Dollars","81","millions","6","v62790739","5.9","22047","","","","0"
"2016","New Brunswick","2016A000213","Household final consumption expenditure","Dollars","81","millions","6","v62790739","5.9","22515","","","","0"
"2017","New Brunswick","2016A000213","Household final consumption expenditure","Dollars","81","millions","6","v62790739","5.9","23559","","","","0"
"2018","New Brunswick","2016A000213","Household final consumption expenditure","Dollars","81","millions","6","v62790739","5.9","24219","","","","0"
"2019","New Brunswick","2016A000213","Household final consumption expenditure","Dollars","81","millions","6","v62790739","5.9","24908","","","","0"
"2020","New Brunswick","2016A000213","Household final consumption expenditure","Dollars","81","millions","6","v62790739","5.9","24287","","","","0"
"2021","New Brunswick","2016A000213","Household final consumption expenditure","Dollars","81","millions","6","v62790739","5.9","26667","","","","0"
"2022","New Brunswick","2016A000213","Household final consumption expenditure","Dollars","81","millions","6","v62790739","5.9","29602","","","","0"
"2023","New Brunswick","2016A000213","Household final consumption expenditure","Dollars","81","millions","6","v62790739","5.9","31367","","","","0"
"2024","New Brunswick","2016A000213","Household final consumption expenditure","Dollars","81","millions","6","v62790739","5.9","33196","","","","0"
"2015","New Brunswick","2016A000213","Interest paid","Dollars","81","millions","6","v62790740","5.10","1054","","","","0"
"2016","New Brunswick","2016A000213","Interest paid","Dollars","81","millions","6","v62790740","5.10","1126","","","","0"
"2017","New Brunswick","2016A000213","Interest paid","Dollars","81","millions","6","v62790740","5.10","1189","","","","0"
"2018","New Brunswick","2016A000213","Interest paid","Dollars","81","millions","6","v62790740","5.10","1301","","","","0"
"2019","New Brunswick","2016A000213","Interest paid","Dollars","81","millions","6","v62790740","5.10","1420","","","","0"
"2020","New Brunswick","2016A000213","Interest paid","Dollars","81","millions","6","v62790740","5.10","1319","","","","0"
"2021","New Brunswick","2016A000213","Interest paid","Dollars","81","millions","6","v62790740","5.10","1191","","","","0"
"2022","New Brunswick","2016A000213","Interest paid","Dollars","81","millions","6","v62790740","5.10","1292","","","","0"
"2023","New Brunswick","2016A000213","Interest paid","Dollars","81","millions","6","v62790740","5.10","1842","","","","0"
"2024","New Brunswick","2016A000213","Interest paid","Dollars","81","millions","6","v62790740","5.10","1949","","","","0"
"2015","New Brunswick","2016A000213","Mortgage interest paid","Dollars","81","millions","6","v62790741","5.11","458","","","","0"
"2016","New Brunswick","2016A000213","Mortgage interest paid","Dollars","81","millions","6","v62790741","5.11","468","","","","0"
"2017","New Brunswick","2016A000213","Mortgage interest paid","Dollars","81","millions","6","v62790741","5.11","500","","","","0"
"2018","New Brunswick","2016A000213","Mortgage interest paid","Dollars","81","millions","6","v62790741","5.11","559","","","","0"
"2019","New Brunswick","2016A000213","Mortgage interest paid","Dollars","81","millions","6","v62790741","5.11","623","","","","0"
"2020","New Brunswick","2016A000213","Mortgage interest paid","Dollars","81","millions","6","v62790741","5.11","597","","","","0"
"2021","New Brunswick","2016A000213","Mortgage interest paid","Dollars","81","millions","6","v62790741","5.11","551","","","","0"
"2022","New Brunswick","2016A000213","Mortgage interest paid","Dollars","81","millions","6","v62790741","5.11","599","","","","0"
"2023","New Brunswick","2016A000213","Mortgage interest paid","Dollars","81","millions","6","v62790741","5.11","912","","","","0"
"2024","New Brunswick","2016A000213","Mortgage interest paid","Dollars","81","millions","6","v62790741","5.11","1021","","","","0"
"2015","New Brunswick","2016A000213","Non-mortgage interest paid","Dollars","81","millions","6","v62790742","5.12","596","","","","0"
"2016","New Brunswick","2016A000213","Non-mortgage interest paid","Dollars","81","millions","6","v62790742","5.12","658","","","","0"
"2017","New Brunswick","2016A000213","Non-mortgage interest paid","Dollars","81","millions","6","v62790742","5.12","689","","","","0"
"2018","New Brunswick","2016A000213","Non-mortgage interest paid","Dollars","81","millions","6","v62790742","5.12","742","","","","0"
"2019","New Brunswick","2016A000213","Non-mortgage interest paid","Dollars","81","millions","6","v62790742","5.12","797","","","","0"
"2020","New Brunswick","2016A000213","Non-mortgage interest paid","Dollars","81","millions","6","v62790742","5.12","722","","","","0"
"2021","New Brunswick","2016A000213","Non-mortgage interest paid","Dollars","81","millions","6","v62790742","5.12","640","","","","0"
"2022","New Brunswick","2016A000213","Non-mortgage interest paid","Dollars","81","millions","6","v62790742","5.12","693","","","","0"
"2023","New Brunswick","2016A000213","Non-mortgage interest paid","Dollars","81","millions","6","v62790742","5.12","930","","","","0"
"2024","New Brunswick","2016A000213","Non-mortgage interest paid","Dollars","81","millions","6","v62790742","5.12","928","","","","0"
"2015","New Brunswick","2016A000213","Divided by: household disposable income","Dollars","81","millions","6","v62790743","5.13","22221","","","","0"
"2016","New Brunswick","2016A000213","Divided by: household disposable income","Dollars","81","millions","6","v62790743","5.13","23007","","","","0"
"2017","New Brunswick","2016A000213","Divided by: household disposable income","Dollars","81","millions","6","v62790743","5.13","23830","","","","0"
"2018","New Brunswick","2016A000213","Divided by: household disposable income","Dollars","81","millions","6","v62790743","5.13","24451","","","","0"
"2019","New Brunswick","2016A000213","Divided by: household disposable income","Dollars","81","millions","6","v62790743","5.13","25274","","","","0"
"2020","New Brunswick","2016A000213","Divided by: household disposable income","Dollars","81","millions","6","v62790743","5.13","27027","","","","0"
"2021","New Brunswick","2016A000213","Divided by: household disposable income","Dollars","81","millions","6","v62790743","5.13","27872","","","","0"
"2022","New Brunswick","2016A000213","Divided by: household disposable income","Dollars","81","millions","6","v62790743","5.13","29020","","","","0"
"2023","New Brunswick","2016A000213","Divided by: household disposable income","Dollars","81","millions","6","v62790743","5.13","31731","","","","0"
"2024","New Brunswick","2016A000213","Divided by: household disposable income","Dollars","81","millions","6","v62790743","5.13","34661","","","","0"
"2015","New Brunswick","2016A000213","Equals: debt service ratio, interest only","Ratio","272","units","0","v62790744","5.14","4.74","","","","2"
"2016","New Brunswick","2016A000213","Equals: debt service ratio, interest only","Ratio","272","units","0","v62790744","5.14","4.89","","","","2"
"2017","New Brunswick","2016A000213","Equals: debt service ratio, interest only","Ratio","272","units","0","v62790744","5.14","4.99","","","","2"
"2018","New Brunswick","2016A000213","Equals: debt service ratio, interest only","Ratio","272","units","0","v62790744","5.14","5.32","","","","2"
"2019","New Brunswick","2016A000213","Equals: debt service ratio, interest only","Ratio","272","units","0","v62790744","5.14","5.62","","","","2"
"2020","New Brunswick","2016A000213","Equals: debt service ratio, interest only","Ratio","272","units","0","v62790744","5.14","4.88","","","","2"
"2021","New Brunswick","2016A000213","Equals: debt service ratio, interest only","Ratio","272","units","0","v62790744","5.14","4.27","","","","2"
"2022","New Brunswick","2016A000213","Equals: debt service ratio, interest only","Ratio","272","units","0","v62790744","5.14","4.45","","","","2"
"2023","New Brunswick","2016A000213","Equals: debt service ratio, interest only","Ratio","272","units","0","v62790744","5.14","5.80","","","","2"
"2024","New Brunswick","2016A000213","Equals: debt service ratio, interest only","Ratio","272","units","0","v62790744","5.14","5.62","","","","2"
"2015","Quebec","2016A000224","Household income","Dollars","81","millions","6","v62790745","6.1","350186","","","","0"
"2016","Quebec","2016A000224","Household income","Dollars","81","millions","6","v62790745","6.1","361199","","","","0"
"2017","Quebec","2016A000224","Household income","Dollars","81","millions","6","v62790745","6.1","377208","","","","0"
"2018","Quebec","2016A000224","Household income","Dollars","81","millions","6","v62790745","6.1","395101","","","","0"
"2019","Quebec","2016A000224","Household income","Dollars","81","millions","6","v62790745","6.1","415206","","","","0"
"2020","Quebec","2016A000224","Household income","Dollars","81","millions","6","v62790745","6.1","437662","","","","0"
"2021","Quebec","2016A000224","Household income","Dollars","81","millions","6","v62790745","6.1","460580","","","","0"
"2022","Quebec","2016A000224","Household income","Dollars","81","millions","6","v62790745","6.1","495743","","","","0"
"2023","Quebec","2016A000224","Household income","Dollars","81","millions","6","v62790745","6.1","522788","","","","0"
"2024","Quebec","2016A000224","Household income","Dollars","81","millions","6","v62790745","6.1","559743","","","","0"
"2015","Quebec","2016A000224","Compensation of employees","Dollars","81","millions","6","v62790746","6.2","208925","","","","0"
"2016","Quebec","2016A000224","Compensation of employees","Dollars","81","millions","6","v62790746","6.2","214437","","","","0"
"2017","Quebec","2016A000224","Compensation of employees","Dollars","81","millions","6","v62790746","6.2","224958","","","","0"
"2018","Quebec","2016A000224","Compensation of employees","Dollars","81","millions","6","v62790746","6.2","238179","","","","0"
"2019","Quebec","2016A000224","Compensation of employees","Dollars","81","millions","6","v62790746","6.2","251121","","","","0"
"2020","Quebec","2016A000224","Compensation of employees","Dollars","81","millions","6","v62790746","6.2","250814","","","","0"
"2021","Quebec","2016A000224","Compensation of employees","Dollars","81","millions","6","v62790746","6.2","277371","","","","0"
"2022","Quebec","2016A000224","Compensation of employees","Dollars","81","millions","6","v62790746","6.2","303711","","","","0"
"2023","Quebec","2016A000224","Compensation of employees","Dollars","81","millions","6","v62790746","6.2","317623","","","","0"
"2024","Quebec","2016A000224","Compensation of employees","Dollars","81","millions","6","v62790746","6.2","335693","","","","0"
"2015","Quebec","2016A000224","Net mixed income","Dollars","81","millions","6","v62790747","6.3","30323","","","","0"
"2016","Quebec","2016A000224","Net mixed income","Dollars","81","millions","6","v62790747","6.3","31299","","","","0"
"2017","Quebec","2016A000224","Net mixed income","Dollars","81","millions","6","v62790747","6.3","32126","","","","0"
"2018","Quebec","2016A000224","Net mixed income","Dollars","81","millions","6","v62790747","6.3","33030","","","","0"
"2019","Quebec","2016A000224","Net mixed income","Dollars","81","millions","6","v62790747","6.3","34787","","","","0"
"2020","Quebec","2016A000224","Net mixed income","Dollars","81","millions","6","v62790747","6.3","33895","","","","0"
"2021","Quebec","2016A000224","Net mixed income","Dollars","81","millions","6","v62790747","6.3","35001","","","","0"
"2022","Quebec","2016A000224","Net mixed income","Dollars","81","millions","6","v62790747","6.3","36125","","","","0"
"2023","Quebec","2016A000224","Net mixed income","Dollars","81","millions","6","v62790747","6.3","39700","","","","0"
"2024","Quebec","2016A000224","Net mixed income","Dollars","81","millions","6","v62790747","6.3","44918","","","","0"
"2015","Quebec","2016A000224","Property income received","Dollars","81","millions","6","v62790748","6.4","38880","","","","0"
"2016","Quebec","2016A000224","Property income received","Dollars","81","millions","6","v62790748","6.4","39337","","","","0"
"2017","Quebec","2016A000224","Property income received","Dollars","81","millions","6","v62790748","6.4","41514","","","","0"
"2018","Quebec","2016A000224","Property income received","Dollars","81","millions","6","v62790748","6.4","42226","","","","0"
"2019","Quebec","2016A000224","Property income received","Dollars","81","millions","6","v62790748","6.4","44749","","","","0"
"2020","Quebec","2016A000224","Property income received","Dollars","81","millions","6","v62790748","6.4","44404","","","","0"
"2021","Quebec","2016A000224","Property income received","Dollars","81","millions","6","v62790748","6.4","45478","","","","0"
"2022","Quebec","2016A000224","Property income received","Dollars","81","millions","6","v62790748","6.4","50690","","","","0"
"2023","Quebec","2016A000224","Property income received","Dollars","81","millions","6","v62790748","6.4","60176","","","","0"
"2024","Quebec","2016A000224","Property income received","Dollars","81","millions","6","v62790748","6.4","68104","","","","0"
"2015","Quebec","2016A000224","Current transfers received","Dollars","81","millions","6","v62790749","6.5","72058","","","","0"
"2016","Quebec","2016A000224","Current transfers received","Dollars","81","millions","6","v62790749","6.5","76126","","","","0"
"2017","Quebec","2016A000224","Current transfers received","Dollars","81","millions","6","v62790749","6.5","78610","","","","0"
"2018","Quebec","2016A000224","Current transfers received","Dollars","81","millions","6","v62790749","6.5","81666","","","","0"
"2019","Quebec","2016A000224","Current transfers received","Dollars","81","millions","6","v62790749","6.5","84549","","","","0"
"2020","Quebec","2016A000224","Current transfers received","Dollars","81","millions","6","v62790749","6.5","108549","","","","0"
"2021","Quebec","2016A000224","Current transfers received","Dollars","81","millions","6","v62790749","6.5","102731","","","","0"
"2022","Quebec","2016A000224","Current transfers received","Dollars","81","millions","6","v62790749","6.5","105217","","","","0"
"2023","Quebec","2016A000224","Current transfers received","Dollars","81","millions","6","v62790749","6.5","105289","","","","0"
"2024","Quebec","2016A000224","Current transfers received","Dollars","81","millions","6","v62790749","6.5","111028","","","","0"
"2015","Quebec","2016A000224","Household outlays","Dollars","81","millions","6","v62790750","6.6","353849","","","","0"
"2016","Quebec","2016A000224","Household outlays","Dollars","81","millions","6","v62790750","6.6","366070","","","","0"
"2017","Quebec","2016A000224","Household outlays","Dollars","81","millions","6","v62790750","6.6","380621","","","","0"
"2018","Quebec","2016A000224","Household outlays","Dollars","81","millions","6","v62790750","6.6","400986","","","","0"
"2019","Quebec","2016A000224","Household outlays","Dollars","81","millions","6","v62790750","6.6","418933","","","","0"
"2020","Quebec","2016A000224","Household outlays","Dollars","81","millions","6","v62790750","6.6","404798","","","","0"
"2021","Quebec","2016A000224","Household outlays","Dollars","81","millions","6","v62790750","6.6","441593","","","","0"
"2022","Quebec","2016A000224","Household outlays","Dollars","81","millions","6","v62790750","6.6","492554","","","","0"
"2023","Quebec","2016A000224","Household outlays","Dollars","81","millions","6","v62790750","6.6","525197","","","","0"
"2024","Quebec","2016A000224","Household outlays","Dollars","81","millions","6","v62790750","6.6","556525","","","","0"
"2015","Quebec","2016A000224","Property income paid","Dollars","81","millions","6","v62790751","6.7","9859","","","","0"
"2016","Quebec","2016A000224","Property income paid","Dollars","81","millions","6","v62790751","6.7","9873","","","","0"
"2017","Quebec","2016A000224","Property income paid","Dollars","81","millions","6","v62790751","6.7","10331","","","","0"
"2018","Quebec","2016A000224","Property income paid","Dollars","81","millions","6","v62790751","6.7","12188","","","","0"
"2019","Quebec","2016A000224","Property income paid","Dollars","81","millions","6","v62790751","6.7","13504","","","","0"
"2020","Quebec","2016A000224","Property income paid","Dollars","81","millions","6","v62790751","6.7","12170","","","","0"
"2021","Quebec","2016A000224","Property income paid","Dollars","81","millions","6","v62790751","6.7","10996","","","","0"
"2022","Quebec","2016A000224","Property income paid","Dollars","81","millions","6","v62790751","6.7","13685","","","","0"
"2023","Quebec","2016A000224","Property income paid","Dollars","81","millions","6","v62790751","6.7","21689","","","","0"
"2024","Quebec","2016A000224","Property income paid","Dollars","81","millions","6","v62790751","6.7","24254","","","","0"
"2015","Quebec","2016A000224","Current transfers paid","Dollars","81","millions","6","v62790752","6.8","116461","","","","0"
"2016","Quebec","2016A000224","Current transfers paid","Dollars","81","millions","6","v62790752","6.8","122336","","","","0"
"2017","Quebec","2016A000224","Current transfers paid","Dollars","81","millions","6","v62790752","6.8","126315","","","","0"
"2018","Quebec","2016A000224","Current transfers paid","Dollars","81","millions","6","v62790752","6.8","135134","","","","0"
"2019","Quebec","2016A000224","Current transfers paid","Dollars","81","millions","6","v62790752","6.8","143035","","","","0"
"2020","Quebec","2016A000224","Current transfers paid","Dollars","81","millions","6","v62790752","6.8","144303","","","","0"
"2021","Quebec","2016A000224","Current transfers paid","Dollars","81","millions","6","v62790752","6.8","158351","","","","0"
"2022","Quebec","2016A000224","Current transfers paid","Dollars","81","millions","6","v62790752","6.8","171133","","","","0"
"2023","Quebec","2016A000224","Current transfers paid","Dollars","81","millions","6","v62790752","6.8","177819","","","","0"
"2024","Quebec","2016A000224","Current transfers paid","Dollars","81","millions","6","v62790752","6.8","189829","","","","0"
"2015","Quebec","2016A000224","Household final consumption expenditure","Dollars","81","millions","6","v62790753","6.9","227529","","","","0"
"2016","Quebec","2016A000224","Household final consumption expenditure","Dollars","81","millions","6","v62790753","6.9","233861","","","","0"
"2017","Quebec","2016A000224","Household final consumption expenditure","Dollars","81","millions","6","v62790753","6.9","243975","","","","0"
"2018","Quebec","2016A000224","Household final consumption expenditure","Dollars","81","millions","6","v62790753","6.9","253664","","","","0"
"2019","Quebec","2016A000224","Household final consumption expenditure","Dollars","81","millions","6","v62790753","6.9","262394","","","","0"
"2020","Quebec","2016A000224","Household final consumption expenditure","Dollars","81","millions","6","v62790753","6.9","248325","","","","0"
"2021","Quebec","2016A000224","Household final consumption expenditure","Dollars","81","millions","6","v62790753","6.9","272246","","","","0"
"2022","Quebec","2016A000224","Household final consumption expenditure","Dollars","81","millions","6","v62790753","6.9","307736","","","","0"
"2023","Quebec","2016A000224","Household final consumption expenditure","Dollars","81","millions","6","v62790753","6.9","325689","","","","0"
"2024","Quebec","2016A000224","Household final consumption expenditure","Dollars","81","millions","6","v62790753","6.9","342442","","","","0"
"2015","Quebec","2016A000224","Interest paid","Dollars","81","millions","6","v62790754","6.10","13784","","","","0"
"2016","Quebec","2016A000224","Interest paid","Dollars","81","millions","6","v62790754","6.10","13931","","","","0"
"2017","Quebec","2016A000224","Interest paid","Dollars","81","millions","6","v62790754","6.10","14322","","","","0"
"2018","Quebec","2016A000224","Interest paid","Dollars","81","millions","6","v62790754","6.10","16298","","","","0"
"2019","Quebec","2016A000224","Interest paid","Dollars","81","millions","6","v62790754","6.10","17666","","","","0"
"2020","Quebec","2016A000224","Interest paid","Dollars","81","millions","6","v62790754","6.10","16426","","","","0"
"2021","Quebec","2016A000224","Interest paid","Dollars","81","millions","6","v62790754","6.10","15458","","","","0"
"2022","Quebec","2016A000224","Interest paid","Dollars","81","millions","6","v62790754","6.10","18477","","","","0"
"2023","Quebec","2016A000224","Interest paid","Dollars","81","millions","6","v62790754","6.10","26617","","","","0"
"2024","Quebec","2016A000224","Interest paid","Dollars","81","millions","6","v62790754","6.10","29248","","","","0"
"2015","Quebec","2016A000224","Mortgage interest paid","Dollars","81","millions","6","v62790755","6.11","6843","","","","0"
"2016","Quebec","2016A000224","Mortgage interest paid","Dollars","81","millions","6","v62790755","6.11","6717","","","","0"
"2017","Quebec","2016A000224","Mortgage interest paid","Dollars","81","millions","6","v62790755","6.11","6837","","","","0"
"2018","Quebec","2016A000224","Mortgage interest paid","Dollars","81","millions","6","v62790755","6.11","7726","","","","0"
"2019","Quebec","2016A000224","Mortgage interest paid","Dollars","81","millions","6","v62790755","6.11","8542","","","","0"
"2020","Quebec","2016A000224","Mortgage interest paid","Dollars","81","millions","6","v62790755","6.11","8335","","","","0"
"2021","Quebec","2016A000224","Mortgage interest paid","Dollars","81","millions","6","v62790755","6.11","7896","","","","0"
"2022","Quebec","2016A000224","Mortgage interest paid","Dollars","81","millions","6","v62790755","6.11","9341","","","","0"
"2023","Quebec","2016A000224","Mortgage interest paid","Dollars","81","millions","6","v62790755","6.11","14183","","","","0"
"2024","Quebec","2016A000224","Mortgage interest paid","Dollars","81","millions","6","v62790755","6.11","15896","","","","0"
"2015","Quebec","2016A000224","Non-mortgage interest paid","Dollars","81","millions","6","v62790756","6.12","6941","","","","0"
"2016","Quebec","2016A000224","Non-mortgage interest paid","Dollars","81","millions","6","v62790756","6.12","7214","","","","0"
"2017","Quebec","2016A000224","Non-mortgage interest paid","Dollars","81","millions","6","v62790756","6.12","7485","","","","0"
"2018","Quebec","2016A000224","Non-mortgage interest paid","Dollars","81","millions","6","v62790756","6.12","8572","","","","0"
"2019","Quebec","2016A000224","Non-mortgage interest paid","Dollars","81","millions","6","v62790756","6.12","9124","","","","0"
"2020","Quebec","2016A000224","Non-mortgage interest paid","Dollars","81","millions","6","v62790756","6.12","8091","","","","0"
"2021","Quebec","2016A000224","Non-mortgage interest paid","Dollars","81","millions","6","v62790756","6.12","7562","","","","0"
"2022","Quebec","2016A000224","Non-mortgage interest paid","Dollars","81","millions","6","v62790756","6.12","9136","","","","0"
"2023","Quebec","2016A000224","Non-mortgage interest paid","Dollars","81","millions","6","v62790756","6.12","12434","","","","0"
"2024","Quebec","2016A000224","Non-mortgage interest paid","Dollars","81","millions","6","v62790756","6.12","13352","","","","0"
"2015","Quebec","2016A000224","Divided by: household disposable income","Dollars","81","millions","6","v62790757","6.13","237650","","","","0"
"2016","Quebec","2016A000224","Divided by: household disposable income","Dollars","81","millions","6","v62790757","6.13","242921","","","","0"
"2017","Quebec","2016A000224","Divided by: household disposable income","Dollars","81","millions","6","v62790757","6.13","254884","","","","0"
"2018","Quebec","2016A000224","Divided by: household disposable income","Dollars","81","millions","6","v62790757","6.13","264077","","","","0"
"2019","Quebec","2016A000224","Divided by: household disposable income","Dollars","81","millions","6","v62790757","6.13","276333","","","","0"
"2020","Quebec","2016A000224","Divided by: household disposable income","Dollars","81","millions","6","v62790757","6.13","297615","","","","0"
"2021","Quebec","2016A000224","Divided by: household disposable income","Dollars","81","millions","6","v62790757","6.13","306691","","","","0"
"2022","Quebec","2016A000224","Divided by: household disposable income","Dollars","81","millions","6","v62790757","6.13","329402","","","","0"
"2023","Quebec","2016A000224","Divided by: household disposable income","Dollars","81","millions","6","v62790757","6.13","349897","","","","0"
"2024","Quebec","2016A000224","Divided by: household disposable income","Dollars","81","millions","6","v62790757","6.13","374908","","","","0"
"2015","Quebec","2016A000224","Equals: debt service ratio, interest only","Ratio","272","units","0","v62790758","6.14","5.80","","","","2"
"2016","Quebec","2016A000224","Equals: debt service ratio, interest only","Ratio","272","units","0","v62790758","6.14","5.73","","","","2"
"2017","Quebec","2016A000224","Equals: debt service ratio, interest only","Ratio","272","units","0","v62790758","6.14","5.62","","","","2"
"2018","Quebec","2016A000224","Equals: debt service ratio, interest only","Ratio","272","units","0","v62790758","6.14","6.17","","","","2"
"2019","Quebec","2016A000224","Equals: debt service ratio, interest only","Ratio","272","units","0","v62790758","6.14","6.39","","","","2"
"2020","Quebec","2016A000224","Equals: debt service ratio, interest only","Ratio","272","units","0","v62790758","6.14","5.52","","","","2"
"2021","Quebec","2016A000224","Equals: debt service ratio, interest only","Ratio","272","units","0","v62790758","6.14","5.04","","","","2"
"2022","Quebec","2016A000224","Equals: debt service ratio, interest only","Ratio","272","units","0","v62790758","6.14","5.61","","","","2"
"2023","Quebec","2016A000224","Equals: debt service ratio, interest only","Ratio","272","units","0","v62790758","6.14","7.61","","","","2"
"2024","Quebec","2016A000224","Equals: debt service ratio, interest only","Ratio","272","units","0","v62790758","6.14","7.80","","","","2"
"2015","Ontario","2016A000235","Household income","Dollars","81","millions","6","v62790759","7.1","644901","","","","0"
"2016","Ontario","2016A000235","Household income","Dollars","81","millions","6","v62790759","7.1","659169","","","","0"
"2017","Ontario","2016A000235","Household income","Dollars","81","millions","6","v62790759","7.1","688100","","","","0"
"2018","Ontario","2016A000235","Household income","Dollars","81","millions","6","v62790759","7.1","723059","","","","0"
"2019","Ontario","2016A000235","Household income","Dollars","81","millions","6","v62790759","7.1","757743","","","","0"
"2020","Ontario","2016A000235","Household income","Dollars","81","millions","6","v62790759","7.1","804508","","","","0"
"2021","Ontario","2016A000235","Household income","Dollars","81","millions","6","v62790759","7.1","841191","","","","0"
"2022","Ontario","2016A000235","Household income","Dollars","81","millions","6","v62790759","7.1","886321","","","","0"
"2023","Ontario","2016A000235","Household income","Dollars","81","millions","6","v62790759","7.1","965764","","","","0"
"2024","Ontario","2016A000235","Household income","Dollars","81","millions","6","v62790759","7.1","1045622","","","","0"
"2015","Ontario","2016A000235","Compensation of employees","Dollars","81","millions","6","v62790760","7.2","396823","","","","0"
"2016","Ontario","2016A000235","Compensation of employees","Dollars","81","millions","6","v62790760","7.2","403026","","","","0"
"2017","Ontario","2016A000235","Compensation of employees","Dollars","81","millions","6","v62790760","7.2","418898","","","","0"
"2018","Ontario","2016A000235","Compensation of employees","Dollars","81","millions","6","v62790760","7.2","445885","","","","0"
"2019","Ontario","2016A000235","Compensation of employees","Dollars","81","millions","6","v62790760","7.2","464075","","","","0"
"2020","Ontario","2016A000235","Compensation of employees","Dollars","81","millions","6","v62790760","7.2","463841","","","","0"
"2021","Ontario","2016A000235","Compensation of employees","Dollars","81","millions","6","v62790760","7.2","505935","","","","0"
"2022","Ontario","2016A000235","Compensation of employees","Dollars","81","millions","6","v62790760","7.2","549851","","","","0"
"2023","Ontario","2016A000235","Compensation of employees","Dollars","81","millions","6","v62790760","7.2","587975","","","","0"
"2024","Ontario","2016A000235","Compensation of employees","Dollars","81","millions","6","v62790760","7.2","625313","","","","0"
"2015","Ontario","2016A000235","Net mixed income","Dollars","81","millions","6","v62790761","7.3","63251","","","","0"
"2016","Ontario","2016A000235","Net mixed income","Dollars","81","millions","6","v62790761","7.3","65890","","","","0"
"2017","Ontario","2016A000235","Net mixed income","Dollars","81","millions","6","v62790761","7.3","69078","","","","0"
"2018","Ontario","2016A000235","Net mixed income","Dollars","81","millions","6","v62790761","7.3","71478","","","","0"
"2019","Ontario","2016A000235","Net mixed income","Dollars","81","millions","6","v62790761","7.3","76719","","","","0"
"2020","Ontario","2016A000235","Net mixed income","Dollars","81","millions","6","v62790761","7.3","75705","","","","0"
"2021","Ontario","2016A000235","Net mixed income","Dollars","81","millions","6","v62790761","7.3","77087","","","","0"
"2022","Ontario","2016A000235","Net mixed income","Dollars","81","millions","6","v62790761","7.3","80474","","","","0"
"2023","Ontario","2016A000235","Net mixed income","Dollars","81","millions","6","v62790761","7.3","90951","","","","0"
"2024","Ontario","2016A000235","Net mixed income","Dollars","81","millions","6","v62790761","7.3","101917","","","","0"
"2015","Ontario","2016A000235","Property income received","Dollars","81","millions","6","v62790762","7.4","75902","","","","0"
"2016","Ontario","2016A000235","Property income received","Dollars","81","millions","6","v62790762","7.4","75309","","","","0"
"2017","Ontario","2016A000235","Property income received","Dollars","81","millions","6","v62790762","7.4","79246","","","","0"
"2018","Ontario","2016A000235","Property income received","Dollars","81","millions","6","v62790762","7.4","80380","","","","0"
"2019","Ontario","2016A000235","Property income received","Dollars","81","millions","6","v62790762","7.4","87401","","","","0"
"2020","Ontario","2016A000235","Property income received","Dollars","81","millions","6","v62790762","7.4","85929","","","","0"
"2021","Ontario","2016A000235","Property income received","Dollars","81","millions","6","v62790762","7.4","90084","","","","0"
"2022","Ontario","2016A000235","Property income received","Dollars","81","millions","6","v62790762","7.4","99218","","","","0"
"2023","Ontario","2016A000235","Property income received","Dollars","81","millions","6","v62790762","7.4","124375","","","","0"
"2024","Ontario","2016A000235","Property income received","Dollars","81","millions","6","v62790762","7.4","139853","","","","0"
"2015","Ontario","2016A000235","Current transfers received","Dollars","81","millions","6","v62790763","7.5","108925","","","","0"
"2016","Ontario","2016A000235","Current transfers received","Dollars","81","millions","6","v62790763","7.5","114944","","","","0"
"2017","Ontario","2016A000235","Current transfers received","Dollars","81","millions","6","v62790763","7.5","120878","","","","0"
"2018","Ontario","2016A000235","Current transfers received","Dollars","81","millions","6","v62790763","7.5","125316","","","","0"
"2019","Ontario","2016A000235","Current transfers received","Dollars","81","millions","6","v62790763","7.5","129548","","","","0"
"2020","Ontario","2016A000235","Current transfers received","Dollars","81","millions","6","v62790763","7.5","179033","","","","0"
"2021","Ontario","2016A000235","Current transfers received","Dollars","81","millions","6","v62790763","7.5","168085","","","","0"
"2022","Ontario","2016A000235","Current transfers received","Dollars","81","millions","6","v62790763","7.5","156779","","","","0"
"2023","Ontario","2016A000235","Current transfers received","Dollars","81","millions","6","v62790763","7.5","162463","","","","0"
"2024","Ontario","2016A000235","Current transfers received","Dollars","81","millions","6","v62790763","7.5","178539","","","","0"
"2015","Ontario","2016A000235","Household outlays","Dollars","81","millions","6","v62790764","7.6","650370","","","","0"
"2016","Ontario","2016A000235","Household outlays","Dollars","81","millions","6","v62790764","7.6","672285","","","","0"
"2017","Ontario","2016A000235","Household outlays","Dollars","81","millions","6","v62790764","7.6","704833","","","","0"
"2018","Ontario","2016A000235","Household outlays","Dollars","81","millions","6","v62790764","7.6","742179","","","","0"
"2019","Ontario","2016A000235","Household outlays","Dollars","81","millions","6","v62790764","7.6","772948","","","","0"
"2020","Ontario","2016A000235","Household outlays","Dollars","81","millions","6","v62790764","7.6","737261","","","","0"
"2021","Ontario","2016A000235","Household outlays","Dollars","81","millions","6","v62790764","7.6","797843","","","","0"
"2022","Ontario","2016A000235","Household outlays","Dollars","81","millions","6","v62790764","7.6","899257","","","","0"
"2023","Ontario","2016A000235","Household outlays","Dollars","81","millions","6","v62790764","7.6","976103","","","","0"
"2024","Ontario","2016A000235","Household outlays","Dollars","81","millions","6","v62790764","7.6","1033709","","","","0"
"2015","Ontario","2016A000235","Property income paid","Dollars","81","millions","6","v62790765","7.7","23406","","","","0"
"2016","Ontario","2016A000235","Property income paid","Dollars","81","millions","6","v62790765","7.7","23739","","","","0"
"2017","Ontario","2016A000235","Property income paid","Dollars","81","millions","6","v62790765","7.7","25721","","","","0"
"2018","Ontario","2016A000235","Property income paid","Dollars","81","millions","6","v62790765","7.7","30259","","","","0"
"2019","Ontario","2016A000235","Property income paid","Dollars","81","millions","6","v62790765","7.7","35130","","","","0"
"2020","Ontario","2016A000235","Property income paid","Dollars","81","millions","6","v62790765","7.7","32961","","","","0"
"2021","Ontario","2016A000235","Property income paid","Dollars","81","millions","6","v62790765","7.7","30962","","","","0"
"2022","Ontario","2016A000235","Property income paid","Dollars","81","millions","6","v62790765","7.7","39700","","","","0"
"2023","Ontario","2016A000235","Property income paid","Dollars","81","millions","6","v62790765","7.7","62641","","","","0"
"2024","Ontario","2016A000235","Property income paid","Dollars","81","millions","6","v62790765","7.7","69830","","","","0"
"2015","Ontario","2016A000235","Current transfers paid","Dollars","81","millions","6","v62790766","7.8","191638","","","","0"
"2016","Ontario","2016A000235","Current transfers paid","Dollars","81","millions","6","v62790766","7.8","197629","","","","0"
"2017","Ontario","2016A000235","Current transfers paid","Dollars","81","millions","6","v62790766","7.8","204536","","","","0"
"2018","Ontario","2016A000235","Current transfers paid","Dollars","81","millions","6","v62790766","7.8","214830","","","","0"
"2019","Ontario","2016A000235","Current transfers paid","Dollars","81","millions","6","v62790766","7.8","223342","","","","0"
"2020","Ontario","2016A000235","Current transfers paid","Dollars","81","millions","6","v62790766","7.8","228377","","","","0"
"2021","Ontario","2016A000235","Current transfers paid","Dollars","81","millions","6","v62790766","7.8","252236","","","","0"
"2022","Ontario","2016A000235","Current transfers paid","Dollars","81","millions","6","v62790766","7.8","264284","","","","0"
"2023","Ontario","2016A000235","Current transfers paid","Dollars","81","millions","6","v62790766","7.8","283978","","","","0"
"2024","Ontario","2016A000235","Current transfers paid","Dollars","81","millions","6","v62790766","7.8","305371","","","","0"
"2015","Ontario","2016A000235","Household final consumption expenditure","Dollars","81","millions","6","v62790767","7.9","435326","","","","0"
"2016","Ontario","2016A000235","Household final consumption expenditure","Dollars","81","millions","6","v62790767","7.9","450917","","","","0"
"2017","Ontario","2016A000235","Household final consumption expenditure","Dollars","81","millions","6","v62790767","7.9","474576","","","","0"
"2018","Ontario","2016A000235","Household final consumption expenditure","Dollars","81","millions","6","v62790767","7.9","497090","","","","0"
"2019","Ontario","2016A000235","Household final consumption expenditure","Dollars","81","millions","6","v62790767","7.9","514476","","","","0"
"2020","Ontario","2016A000235","Household final consumption expenditure","Dollars","81","millions","6","v62790767","7.9","475923","","","","0"
"2021","Ontario","2016A000235","Household final consumption expenditure","Dollars","81","millions","6","v62790767","7.9","514645","","","","0"
"2022","Ontario","2016A000235","Household final consumption expenditure","Dollars","81","millions","6","v62790767","7.9","595273","","","","0"
"2023","Ontario","2016A000235","Household final consumption expenditure","Dollars","81","millions","6","v62790767","7.9","629484","","","","0"
"2024","Ontario","2016A000235","Household final consumption expenditure","Dollars","81","millions","6","v62790767","7.9","658508","","","","0"
"2015","Ontario","2016A000235","Interest paid","Dollars","81","millions","6","v62790768","7.10","32256","","","","0"
"2016","Ontario","2016A000235","Interest paid","Dollars","81","millions","6","v62790768","7.10","32879","","","","0"
"2017","Ontario","2016A000235","Interest paid","Dollars","81","millions","6","v62790768","7.10","35113","","","","0"
"2018","Ontario","2016A000235","Interest paid","Dollars","81","millions","6","v62790768","7.10","40045","","","","0"
"2019","Ontario","2016A000235","Interest paid","Dollars","81","millions","6","v62790768","7.10","45026","","","","0"
"2020","Ontario","2016A000235","Interest paid","Dollars","81","millions","6","v62790768","7.10","43391","","","","0"
"2021","Ontario","2016A000235","Interest paid","Dollars","81","millions","6","v62790768","7.10","42040","","","","0"
"2022","Ontario","2016A000235","Interest paid","Dollars","81","millions","6","v62790768","7.10","51642","","","","0"
"2023","Ontario","2016A000235","Interest paid","Dollars","81","millions","6","v62790768","7.10","74284","","","","0"
"2024","Ontario","2016A000235","Interest paid","Dollars","81","millions","6","v62790768","7.10","81742","","","","0"
"2015","Ontario","2016A000235","Mortgage interest paid","Dollars","81","millions","6","v62790769","7.11","16868","","","","0"
"2016","Ontario","2016A000235","Mortgage interest paid","Dollars","81","millions","6","v62790769","7.11","16947","","","","0"
"2017","Ontario","2016A000235","Mortgage interest paid","Dollars","81","millions","6","v62790769","7.11","17916","","","","0"
"2018","Ontario","2016A000235","Mortgage interest paid","Dollars","81","millions","6","v62790769","7.11","20729","","","","0"
"2019","Ontario","2016A000235","Mortgage interest paid","Dollars","81","millions","6","v62790769","7.11","24012","","","","0"
"2020","Ontario","2016A000235","Mortgage interest paid","Dollars","81","millions","6","v62790769","7.11","23957","","","","0"
"2021","Ontario","2016A000235","Mortgage interest paid","Dollars","81","millions","6","v62790769","7.11","23795","","","","0"
"2022","Ontario","2016A000235","Mortgage interest paid","Dollars","81","millions","6","v62790769","7.11","30083","","","","0"
"2023","Ontario","2016A000235","Mortgage interest paid","Dollars","81","millions","6","v62790769","7.11","45333","","","","0"
"2024","Ontario","2016A000235","Mortgage interest paid","Dollars","81","millions","6","v62790769","7.11","49684","","","","0"
"2015","Ontario","2016A000235","Non-mortgage interest paid","Dollars","81","millions","6","v62790770","7.12","15388","","","","0"
"2016","Ontario","2016A000235","Non-mortgage interest paid","Dollars","81","millions","6","v62790770","7.12","15932","","","","0"
"2017","Ontario","2016A000235","Non-mortgage interest paid","Dollars","81","millions","6","v62790770","7.12","17197","","","","0"
"2018","Ontario","2016A000235","Non-mortgage interest paid","Dollars","81","millions","6","v62790770","7.12","19316","","","","0"
"2019","Ontario","2016A000235","Non-mortgage interest paid","Dollars","81","millions","6","v62790770","7.12","21014","","","","0"
"2020","Ontario","2016A000235","Non-mortgage interest paid","Dollars","81","millions","6","v62790770","7.12","19434","","","","0"
"2021","Ontario","2016A000235","Non-mortgage interest paid","Dollars","81","millions","6","v62790770","7.12","18245","","","","0"
"2022","Ontario","2016A000235","Non-mortgage interest paid","Dollars","81","millions","6","v62790770","7.12","21559","","","","0"
"2023","Ontario","2016A000235","Non-mortgage interest paid","Dollars","81","millions","6","v62790770","7.12","28951","","","","0"
"2024","Ontario","2016A000235","Non-mortgage interest paid","Dollars","81","millions","6","v62790770","7.12","32058","","","","0"
"2015","Ontario","2016A000235","Divided by: household disposable income","Dollars","81","millions","6","v62790771","7.13","462113","","","","0"
"2016","Ontario","2016A000235","Divided by: household disposable income","Dollars","81","millions","6","v62790771","7.13","470680","","","","0"
"2017","Ontario","2016A000235","Divided by: household disposable income","Dollars","81","millions","6","v62790771","7.13","492956","","","","0"
"2018","Ontario","2016A000235","Divided by: household disposable income","Dollars","81","millions","6","v62790771","7.13","518015","","","","0"
"2019","Ontario","2016A000235","Divided by: household disposable income","Dollars","81","millions","6","v62790771","7.13","544297","","","","0"
"2020","Ontario","2016A000235","Divided by: household disposable income","Dollars","81","millions","6","v62790771","7.13","586561","","","","0"
"2021","Ontario","2016A000235","Divided by: household disposable income","Dollars","81","millions","6","v62790771","7.13","600033","","","","0"
"2022","Ontario","2016A000235","Divided by: household disposable income","Dollars","81","millions","6","v62790771","7.13","633979","","","","0"
"2023","Ontario","2016A000235","Divided by: household disposable income","Dollars","81","millions","6","v62790771","7.13","693429","","","","0"
"2024","Ontario","2016A000235","Divided by: household disposable income","Dollars","81","millions","6","v62790771","7.13","752163","","","","0"
"2015","Ontario","2016A000235","Equals: debt service ratio, interest only","Ratio","272","units","0","v62790772","7.14","6.98","","","","2"
"2016","Ontario","2016A000235","Equals: debt service ratio, interest only","Ratio","272","units","0","v62790772","7.14","6.99","","","","2"
"2017","Ontario","2016A000235","Equals: debt service ratio, interest only","Ratio","272","units","0","v62790772","7.14","7.12","","","","2"
"2018","Ontario","2016A000235","Equals: debt service ratio, interest only","Ratio","272","units","0","v62790772","7.14","7.73","","","","2"
"2019","Ontario","2016A000235","Equals: debt service ratio, interest only","Ratio","272","units","0","v62790772","7.14","8.27","","","","2"
"2020","Ontario","2016A000235","Equals: debt service ratio, interest only","Ratio","272","units","0","v62790772","7.14","7.40","","","","2"
"2021","Ontario","2016A000235","Equals: debt service ratio, interest only","Ratio","272","units","0","v62790772","7.14","7.01","","","","2"
"2022","Ontario","2016A000235","Equals: debt service ratio, interest only","Ratio","272","units","0","v62790772","7.14","8.15","","","","2"
"2023","Ontario","2016A000235","Equals: debt service ratio, interest only","Ratio","272","units","0","v62790772","7.14","10.71","","","","2"
"2024","Ontario","2016A000235","Equals: debt service ratio, interest only","Ratio","272","units","0","v62790772","7.14","10.87","","","","2"
"2015","Manitoba","2016A000246","Household income","Dollars","81","millions","6","v62790773","8.1","55165","","","","0"
"2016","Manitoba","2016A000246","Household income","Dollars","81","millions","6","v62790773","8.1","55991","","","","0"
"2017","Manitoba","2016A000246","Household income","Dollars","81","millions","6","v62790773","8.1","58652","","","","0"
"2018","Manitoba","2016A000246","Household income","Dollars","81","millions","6","v62790773","8.1","60040","","","","0"
"2019","Manitoba","2016A000246","Household income","Dollars","81","millions","6","v62790773","8.1","61797","","","","0"
"2020","Manitoba","2016A000246","Household income","Dollars","81","millions","6","v62790773","8.1","65524","","","","0"
"2021","Manitoba","2016A000246","Household income","Dollars","81","millions","6","v62790773","8.1","68012","","","","0"
"2022","Manitoba","2016A000246","Household income","Dollars","81","millions","6","v62790773","8.1","70847","","","","0"
"2023","Manitoba","2016A000246","Household income","Dollars","81","millions","6","v62790773","8.1","77533","","","","0"
"2024","Manitoba","2016A000246","Household income","Dollars","81","millions","6","v62790773","8.1","82246","","","","0"
"2015","Manitoba","2016A000246","Compensation of employees","Dollars","81","millions","6","v62790774","8.2","32892","","","","0"
"2016","Manitoba","2016A000246","Compensation of employees","Dollars","81","millions","6","v62790774","8.2","32989","","","","0"
"2017","Manitoba","2016A000246","Compensation of employees","Dollars","81","millions","6","v62790774","8.2","34343","","","","0"
"2018","Manitoba","2016A000246","Compensation of employees","Dollars","81","millions","6","v62790774","8.2","35281","","","","0"
"2019","Manitoba","2016A000246","Compensation of employees","Dollars","81","millions","6","v62790774","8.2","35977","","","","0"
"2020","Manitoba","2016A000246","Compensation of employees","Dollars","81","millions","6","v62790774","8.2","35765","","","","0"
"2021","Manitoba","2016A000246","Compensation of employees","Dollars","81","millions","6","v62790774","8.2","38238","","","","0"
"2022","Manitoba","2016A000246","Compensation of employees","Dollars","81","millions","6","v62790774","8.2","40696","","","","0"
"2023","Manitoba","2016A000246","Compensation of employees","Dollars","81","millions","6","v62790774","8.2","43024","","","","0"
"2024","Manitoba","2016A000246","Compensation of employees","Dollars","81","millions","6","v62790774","8.2","45567","","","","0"
"2015","Manitoba","2016A000246","Net mixed income","Dollars","81","millions","6","v62790775","8.3","6593","","","","0"
"2016","Manitoba","2016A000246","Net mixed income","Dollars","81","millions","6","v62790775","8.3","6754","","","","0"
"2017","Manitoba","2016A000246","Net mixed income","Dollars","81","millions","6","v62790775","8.3","7198","","","","0"
"2018","Manitoba","2016A000246","Net mixed income","Dollars","81","millions","6","v62790775","8.3","7228","","","","0"
"2019","Manitoba","2016A000246","Net mixed income","Dollars","81","millions","6","v62790775","8.3","7415","","","","0"
"2020","Manitoba","2016A000246","Net mixed income","Dollars","81","millions","6","v62790775","8.3","7754","","","","0"
"2021","Manitoba","2016A000246","Net mixed income","Dollars","81","millions","6","v62790775","8.3","8209","","","","0"
"2022","Manitoba","2016A000246","Net mixed income","Dollars","81","millions","6","v62790775","8.3","8903","","","","0"
"2023","Manitoba","2016A000246","Net mixed income","Dollars","81","millions","6","v62790775","8.3","9871","","","","0"
"2024","Manitoba","2016A000246","Net mixed income","Dollars","81","millions","6","v62790775","8.3","10553","","","","0"
"2015","Manitoba","2016A000246","Property income received","Dollars","81","millions","6","v62790776","8.4","5571","","","","0"
"2016","Manitoba","2016A000246","Property income received","Dollars","81","millions","6","v62790776","8.4","5355","","","","0"
"2017","Manitoba","2016A000246","Property income received","Dollars","81","millions","6","v62790776","8.4","5709","","","","0"
"2018","Manitoba","2016A000246","Property income received","Dollars","81","millions","6","v62790776","8.4","5642","","","","0"
"2019","Manitoba","2016A000246","Property income received","Dollars","81","millions","6","v62790776","8.4","5942","","","","0"
"2020","Manitoba","2016A000246","Property income received","Dollars","81","millions","6","v62790776","8.4","5779","","","","0"
"2021","Manitoba","2016A000246","Property income received","Dollars","81","millions","6","v62790776","8.4","5952","","","","0"
"2022","Manitoba","2016A000246","Property income received","Dollars","81","millions","6","v62790776","8.4","6625","","","","0"
"2023","Manitoba","2016A000246","Property income received","Dollars","81","millions","6","v62790776","8.4","8155","","","","0"
"2024","Manitoba","2016A000246","Property income received","Dollars","81","millions","6","v62790776","8.4","9148","","","","0"
"2015","Manitoba","2016A000246","Current transfers received","Dollars","81","millions","6","v62790777","8.5","10109","","","","0"
"2016","Manitoba","2016A000246","Current transfers received","Dollars","81","millions","6","v62790777","8.5","10893","","","","0"
"2017","Manitoba","2016A000246","Current transfers received","Dollars","81","millions","6","v62790777","8.5","11402","","","","0"
"2018","Manitoba","2016A000246","Current transfers received","Dollars","81","millions","6","v62790777","8.5","11889","","","","0"
"2019","Manitoba","2016A000246","Current transfers received","Dollars","81","millions","6","v62790777","8.5","12463","","","","0"
"2020","Manitoba","2016A000246","Current transfers received","Dollars","81","millions","6","v62790777","8.5","16226","","","","0"
"2021","Manitoba","2016A000246","Current transfers received","Dollars","81","millions","6","v62790777","8.5","15613","","","","0"
"2022","Manitoba","2016A000246","Current transfers received","Dollars","81","millions","6","v62790777","8.5","14623","","","","0"
"2023","Manitoba","2016A000246","Current transfers received","Dollars","81","millions","6","v62790777","8.5","16483","","","","0"
"2024","Manitoba","2016A000246","Current transfers received","Dollars","81","millions","6","v62790777","8.5","16978","","","","0"
"2015","Manitoba","2016A000246","Household outlays","Dollars","81","millions","6","v62790778","8.6","56009","","","","0"
"2016","Manitoba","2016A000246","Household outlays","Dollars","81","millions","6","v62790778","8.6","57336","","","","0"
"2017","Manitoba","2016A000246","Household outlays","Dollars","81","millions","6","v62790778","8.6","59707","","","","0"
"2018","Manitoba","2016A000246","Household outlays","Dollars","81","millions","6","v62790778","8.6","62475","","","","0"
"2019","Manitoba","2016A000246","Household outlays","Dollars","81","millions","6","v62790778","8.6","64016","","","","0"
"2020","Manitoba","2016A000246","Household outlays","Dollars","81","millions","6","v62790778","8.6","61521","","","","0"
"2021","Manitoba","2016A000246","Household outlays","Dollars","81","millions","6","v62790778","8.6","66909","","","","0"
"2022","Manitoba","2016A000246","Household outlays","Dollars","81","millions","6","v62790778","8.6","73195","","","","0"
"2023","Manitoba","2016A000246","Household outlays","Dollars","81","millions","6","v62790778","8.6","78049","","","","0"
"2024","Manitoba","2016A000246","Household outlays","Dollars","81","millions","6","v62790778","8.6","82412","","","","0"
"2015","Manitoba","2016A000246","Property income paid","Dollars","81","millions","6","v62790779","8.7","1516","","","","0"
"2016","Manitoba","2016A000246","Property income paid","Dollars","81","millions","6","v62790779","8.7","1515","","","","0"
"2017","Manitoba","2016A000246","Property income paid","Dollars","81","millions","6","v62790779","8.7","1568","","","","0"
"2018","Manitoba","2016A000246","Property income paid","Dollars","81","millions","6","v62790779","8.7","1822","","","","0"
"2019","Manitoba","2016A000246","Property income paid","Dollars","81","millions","6","v62790779","8.7","1995","","","","0"
"2020","Manitoba","2016A000246","Property income paid","Dollars","81","millions","6","v62790779","8.7","1763","","","","0"
"2021","Manitoba","2016A000246","Property income paid","Dollars","81","millions","6","v62790779","8.7","1504","","","","0"
"2022","Manitoba","2016A000246","Property income paid","Dollars","81","millions","6","v62790779","8.7","1868","","","","0"
"2023","Manitoba","2016A000246","Property income paid","Dollars","81","millions","6","v62790779","8.7","2894","","","","0"
"2024","Manitoba","2016A000246","Property income paid","Dollars","81","millions","6","v62790779","8.7","3190","","","","0"
"2015","Manitoba","2016A000246","Current transfers paid","Dollars","81","millions","6","v62790780","8.8","16475","","","","0"
"2016","Manitoba","2016A000246","Current transfers paid","Dollars","81","millions","6","v62790780","8.8","16942","","","","0"
"2017","Manitoba","2016A000246","Current transfers paid","Dollars","81","millions","6","v62790780","8.8","17460","","","","0"
"2018","Manitoba","2016A000246","Current transfers paid","Dollars","81","millions","6","v62790780","8.8","18371","","","","0"
"2019","Manitoba","2016A000246","Current transfers paid","Dollars","81","millions","6","v62790780","8.8","18643","","","","0"
"2020","Manitoba","2016A000246","Current transfers paid","Dollars","81","millions","6","v62790780","8.8","18862","","","","0"
"2021","Manitoba","2016A000246","Current transfers paid","Dollars","81","millions","6","v62790780","8.8","20400","","","","0"
"2022","Manitoba","2016A000246","Current transfers paid","Dollars","81","millions","6","v62790780","8.8","21132","","","","0"
"2023","Manitoba","2016A000246","Current transfers paid","Dollars","81","millions","6","v62790780","8.8","22451","","","","0"
"2024","Manitoba","2016A000246","Current transfers paid","Dollars","81","millions","6","v62790780","8.8","23699","","","","0"
"2015","Manitoba","2016A000246","Household final consumption expenditure","Dollars","81","millions","6","v62790781","8.9","38018","","","","0"
"2016","Manitoba","2016A000246","Household final consumption expenditure","Dollars","81","millions","6","v62790781","8.9","38879","","","","0"
"2017","Manitoba","2016A000246","Household final consumption expenditure","Dollars","81","millions","6","v62790781","8.9","40679","","","","0"
"2018","Manitoba","2016A000246","Household final consumption expenditure","Dollars","81","millions","6","v62790781","8.9","42282","","","","0"
"2019","Manitoba","2016A000246","Household final consumption expenditure","Dollars","81","millions","6","v62790781","8.9","43378","","","","0"
"2020","Manitoba","2016A000246","Household final consumption expenditure","Dollars","81","millions","6","v62790781","8.9","40896","","","","0"
"2021","Manitoba","2016A000246","Household final consumption expenditure","Dollars","81","millions","6","v62790781","8.9","45005","","","","0"
"2022","Manitoba","2016A000246","Household final consumption expenditure","Dollars","81","millions","6","v62790781","8.9","50195","","","","0"
"2023","Manitoba","2016A000246","Household final consumption expenditure","Dollars","81","millions","6","v62790781","8.9","52704","","","","0"
"2024","Manitoba","2016A000246","Household final consumption expenditure","Dollars","81","millions","6","v62790781","8.9","55523","","","","0"
"2015","Manitoba","2016A000246","Interest paid","Dollars","81","millions","6","v62790782","8.10","2058","","","","0"
"2016","Manitoba","2016A000246","Interest paid","Dollars","81","millions","6","v62790782","8.10","2076","","","","0"
"2017","Manitoba","2016A000246","Interest paid","Dollars","81","millions","6","v62790782","8.10","2121","","","","0"
"2018","Manitoba","2016A000246","Interest paid","Dollars","81","millions","6","v62790782","8.10","2382","","","","0"
"2019","Manitoba","2016A000246","Interest paid","Dollars","81","millions","6","v62790782","8.10","2558","","","","0"
"2020","Manitoba","2016A000246","Interest paid","Dollars","81","millions","6","v62790782","8.10","2330","","","","0"
"2021","Manitoba","2016A000246","Interest paid","Dollars","81","millions","6","v62790782","8.10","2100","","","","0"
"2022","Manitoba","2016A000246","Interest paid","Dollars","81","millions","6","v62790782","8.10","2470","","","","0"
"2023","Manitoba","2016A000246","Interest paid","Dollars","81","millions","6","v62790782","8.10","3527","","","","0"
"2024","Manitoba","2016A000246","Interest paid","Dollars","81","millions","6","v62790782","8.10","3824","","","","0"
"2015","Manitoba","2016A000246","Mortgage interest paid","Dollars","81","millions","6","v62790783","8.11","1011","","","","0"
"2016","Manitoba","2016A000246","Mortgage interest paid","Dollars","81","millions","6","v62790783","8.11","992","","","","0"
"2017","Manitoba","2016A000246","Mortgage interest paid","Dollars","81","millions","6","v62790783","8.11","1024","","","","0"
"2018","Manitoba","2016A000246","Mortgage interest paid","Dollars","81","millions","6","v62790783","8.11","1171","","","","0"
"2019","Manitoba","2016A000246","Mortgage interest paid","Dollars","81","millions","6","v62790783","8.11","1279","","","","0"
"2020","Manitoba","2016A000246","Mortgage interest paid","Dollars","81","millions","6","v62790783","8.11","1203","","","","0"
"2021","Manitoba","2016A000246","Mortgage interest paid","Dollars","81","millions","6","v62790783","8.11","1084","","","","0"
"2022","Manitoba","2016A000246","Mortgage interest paid","Dollars","81","millions","6","v62790783","8.11","1339","","","","0"
"2023","Manitoba","2016A000246","Mortgage interest paid","Dollars","81","millions","6","v62790783","8.11","2033","","","","0"
"2024","Manitoba","2016A000246","Mortgage interest paid","Dollars","81","millions","6","v62790783","8.11","2204","","","","0"
"2015","Manitoba","2016A000246","Non-mortgage interest paid","Dollars","81","millions","6","v62790784","8.12","1047","","","","0"
"2016","Manitoba","2016A000246","Non-mortgage interest paid","Dollars","81","millions","6","v62790784","8.12","1084","","","","0"
"2017","Manitoba","2016A000246","Non-mortgage interest paid","Dollars","81","millions","6","v62790784","8.12","1097","","","","0"
"2018","Manitoba","2016A000246","Non-mortgage interest paid","Dollars","81","millions","6","v62790784","8.12","1211","","","","0"
"2019","Manitoba","2016A000246","Non-mortgage interest paid","Dollars","81","millions","6","v62790784","8.12","1279","","","","0"
"2020","Manitoba","2016A000246","Non-mortgage interest paid","Dollars","81","millions","6","v62790784","8.12","1127","","","","0"
"2021","Manitoba","2016A000246","Non-mortgage interest paid","Dollars","81","millions","6","v62790784","8.12","1016","","","","0"
"2022","Manitoba","2016A000246","Non-mortgage interest paid","Dollars","81","millions","6","v62790784","8.12","1131","","","","0"
"2023","Manitoba","2016A000246","Non-mortgage interest paid","Dollars","81","millions","6","v62790784","8.12","1494","","","","0"
"2024","Manitoba","2016A000246","Non-mortgage interest paid","Dollars","81","millions","6","v62790784","8.12","1620","","","","0"
"2015","Manitoba","2016A000246","Divided by: household disposable income","Dollars","81","millions","6","v62790785","8.13","39232","","","","0"
"2016","Manitoba","2016A000246","Divided by: household disposable income","Dollars","81","millions","6","v62790785","8.13","39610","","","","0"
"2017","Manitoba","2016A000246","Divided by: household disposable income","Dollars","81","millions","6","v62790785","8.13","41745","","","","0"
"2018","Manitoba","2016A000246","Divided by: household disposable income","Dollars","81","millions","6","v62790785","8.13","42229","","","","0"
"2019","Manitoba","2016A000246","Divided by: household disposable income","Dollars","81","millions","6","v62790785","8.13","43717","","","","0"
"2020","Manitoba","2016A000246","Divided by: household disposable income","Dollars","81","millions","6","v62790785","8.13","47229","","","","0"
"2021","Manitoba","2016A000246","Divided by: household disposable income","Dollars","81","millions","6","v62790785","8.13","48208","","","","0"
"2022","Manitoba","2016A000246","Divided by: household disposable income","Dollars","81","millions","6","v62790785","8.13","50317","","","","0"
"2023","Manitoba","2016A000246","Divided by: household disposable income","Dollars","81","millions","6","v62790785","8.13","55715","","","","0"
"2024","Manitoba","2016A000246","Divided by: household disposable income","Dollars","81","millions","6","v62790785","8.13","59181","","","","0"
"2015","Manitoba","2016A000246","Equals: debt service ratio, interest only","Ratio","272","units","0","v62790786","8.14","5.25","","","","2"
"2016","Manitoba","2016A000246","Equals: debt service ratio, interest only","Ratio","272","units","0","v62790786","8.14","5.24","","","","2"
"2017","Manitoba","2016A000246","Equals: debt service ratio, interest only","Ratio","272","units","0","v62790786","8.14","5.08","","","","2"
"2018","Manitoba","2016A000246","Equals: debt service ratio, interest only","Ratio","272","units","0","v62790786","8.14","5.64","","","","2"
"2019","Manitoba","2016A000246","Equals: debt service ratio, interest only","Ratio","272","units","0","v62790786","8.14","5.85","","","","2"
"2020","Manitoba","2016A000246","Equals: debt service ratio, interest only","Ratio","272","units","0","v62790786","8.14","4.93","","","","2"
"2021","Manitoba","2016A000246","Equals: debt service ratio, interest only","Ratio","272","units","0","v62790786","8.14","4.36","","","","2"
"2022","Manitoba","2016A000246","Equals: debt service ratio, interest only","Ratio","272","units","0","v62790786","8.14","4.91","","","","2"
"2023","Manitoba","2016A000246","Equals: debt service ratio, interest only","Ratio","272","units","0","v62790786","8.14","6.33","","","","2"
"2024","Manitoba","2016A000246","Equals: debt service ratio, interest only","Ratio","272","units","0","v62790786","8.14","6.46","","","","2"
"2015","Saskatchewan","2016A000247","Household income","Dollars","81","millions","6","v62790787","9.1","55878","","","","0"
"2016","Saskatchewan","2016A000247","Household income","Dollars","81","millions","6","v62790787","9.1","55211","","","","0"
"2017","Saskatchewan","2016A000247","Household income","Dollars","81","millions","6","v62790787","9.1","56427","","","","0"
"2018","Saskatchewan","2016A000247","Household income","Dollars","81","millions","6","v62790787","9.1","57144","","","","0"
"2019","Saskatchewan","2016A000247","Household income","Dollars","81","millions","6","v62790787","9.1","58090","","","","0"
"2020","Saskatchewan","2016A000247","Household income","Dollars","81","millions","6","v62790787","9.1","61218","","","","0"
"2021","Saskatchewan","2016A000247","Household income","Dollars","81","millions","6","v62790787","9.1","62847","","","","0"
"2022","Saskatchewan","2016A000247","Household income","Dollars","81","millions","6","v62790787","9.1","68356","","","","0"
"2023","Saskatchewan","2016A000247","Household income","Dollars","81","millions","6","v62790787","9.1","70797","","","","0"
"2024","Saskatchewan","2016A000247","Household income","Dollars","81","millions","6","v62790787","9.1","75796","","","","0"
"2015","Saskatchewan","2016A000247","Compensation of employees","Dollars","81","millions","6","v62790788","9.2","31857","","","","0"
"2016","Saskatchewan","2016A000247","Compensation of employees","Dollars","81","millions","6","v62790788","9.2","30854","","","","0"
"2017","Saskatchewan","2016A000247","Compensation of employees","Dollars","81","millions","6","v62790788","9.2","31429","","","","0"
"2018","Saskatchewan","2016A000247","Compensation of employees","Dollars","81","millions","6","v62790788","9.2","32008","","","","0"
"2019","Saskatchewan","2016A000247","Compensation of employees","Dollars","81","millions","6","v62790788","9.2","32366","","","","0"
"2020","Saskatchewan","2016A000247","Compensation of employees","Dollars","81","millions","6","v62790788","9.2","31408","","","","0"
"2021","Saskatchewan","2016A000247","Compensation of employees","Dollars","81","millions","6","v62790788","9.2","33926","","","","0"
"2022","Saskatchewan","2016A000247","Compensation of employees","Dollars","81","millions","6","v62790788","9.2","36219","","","","0"
"2023","Saskatchewan","2016A000247","Compensation of employees","Dollars","81","millions","6","v62790788","9.2","38039","","","","0"
"2024","Saskatchewan","2016A000247","Compensation of employees","Dollars","81","millions","6","v62790788","9.2","40178","","","","0"
"2015","Saskatchewan","2016A000247","Net mixed income","Dollars","81","millions","6","v62790789","9.3","7931","","","","0"
"2016","Saskatchewan","2016A000247","Net mixed income","Dollars","81","millions","6","v62790789","9.3","8010","","","","0"
"2017","Saskatchewan","2016A000247","Net mixed income","Dollars","81","millions","6","v62790789","9.3","7820","","","","0"
"2018","Saskatchewan","2016A000247","Net mixed income","Dollars","81","millions","6","v62790789","9.3","7565","","","","0"
"2019","Saskatchewan","2016A000247","Net mixed income","Dollars","81","millions","6","v62790789","9.3","7490","","","","0"
"2020","Saskatchewan","2016A000247","Net mixed income","Dollars","81","millions","6","v62790789","9.3","7983","","","","0"
"2021","Saskatchewan","2016A000247","Net mixed income","Dollars","81","millions","6","v62790789","9.3","7370","","","","0"
"2022","Saskatchewan","2016A000247","Net mixed income","Dollars","81","millions","6","v62790789","9.3","9695","","","","0"
"2023","Saskatchewan","2016A000247","Net mixed income","Dollars","81","millions","6","v62790789","9.3","9034","","","","0"
"2024","Saskatchewan","2016A000247","Net mixed income","Dollars","81","millions","6","v62790789","9.3","9362","","","","0"
"2015","Saskatchewan","2016A000247","Property income received","Dollars","81","millions","6","v62790790","9.4","6320","","","","0"
"2016","Saskatchewan","2016A000247","Property income received","Dollars","81","millions","6","v62790790","9.4","5909","","","","0"
"2017","Saskatchewan","2016A000247","Property income received","Dollars","81","millions","6","v62790790","9.4","6338","","","","0"
"2018","Saskatchewan","2016A000247","Property income received","Dollars","81","millions","6","v62790790","9.4","6248","","","","0"
"2019","Saskatchewan","2016A000247","Property income received","Dollars","81","millions","6","v62790790","9.4","6345","","","","0"
"2020","Saskatchewan","2016A000247","Property income received","Dollars","81","millions","6","v62790790","9.4","6310","","","","0"
"2021","Saskatchewan","2016A000247","Property income received","Dollars","81","millions","6","v62790790","9.4","6737","","","","0"
"2022","Saskatchewan","2016A000247","Property income received","Dollars","81","millions","6","v62790790","9.4","7894","","","","0"
"2023","Saskatchewan","2016A000247","Property income received","Dollars","81","millions","6","v62790790","9.4","8878","","","","0"
"2024","Saskatchewan","2016A000247","Property income received","Dollars","81","millions","6","v62790790","9.4","10244","","","","0"
"2015","Saskatchewan","2016A000247","Current transfers received","Dollars","81","millions","6","v62790791","9.5","9770","","","","0"
"2016","Saskatchewan","2016A000247","Current transfers received","Dollars","81","millions","6","v62790791","9.5","10438","","","","0"
"2017","Saskatchewan","2016A000247","Current transfers received","Dollars","81","millions","6","v62790791","9.5","10840","","","","0"
"2018","Saskatchewan","2016A000247","Current transfers received","Dollars","81","millions","6","v62790791","9.5","11323","","","","0"
"2019","Saskatchewan","2016A000247","Current transfers received","Dollars","81","millions","6","v62790791","9.5","11889","","","","0"
"2020","Saskatchewan","2016A000247","Current transfers received","Dollars","81","millions","6","v62790791","9.5","15517","","","","0"
"2021","Saskatchewan","2016A000247","Current transfers received","Dollars","81","millions","6","v62790791","9.5","14815","","","","0"
"2022","Saskatchewan","2016A000247","Current transfers received","Dollars","81","millions","6","v62790791","9.5","14549","","","","0"
"2023","Saskatchewan","2016A000247","Current transfers received","Dollars","81","millions","6","v62790791","9.5","14846","","","","0"
"2024","Saskatchewan","2016A000247","Current transfers received","Dollars","81","millions","6","v62790791","9.5","16012","","","","0"
"2015","Saskatchewan","2016A000247","Household outlays","Dollars","81","millions","6","v62790792","9.6","54086","","","","0"
"2016","Saskatchewan","2016A000247","Household outlays","Dollars","81","millions","6","v62790792","9.6","54466","","","","0"
"2017","Saskatchewan","2016A000247","Household outlays","Dollars","81","millions","6","v62790792","9.6","55619","","","","0"
"2018","Saskatchewan","2016A000247","Household outlays","Dollars","81","millions","6","v62790792","9.6","57641","","","","0"
"2019","Saskatchewan","2016A000247","Household outlays","Dollars","81","millions","6","v62790792","9.6","58703","","","","0"
"2020","Saskatchewan","2016A000247","Household outlays","Dollars","81","millions","6","v62790792","9.6","55777","","","","0"
"2021","Saskatchewan","2016A000247","Household outlays","Dollars","81","millions","6","v62790792","9.6","60179","","","","0"
"2022","Saskatchewan","2016A000247","Household outlays","Dollars","81","millions","6","v62790792","9.6","65738","","","","0"
"2023","Saskatchewan","2016A000247","Household outlays","Dollars","81","millions","6","v62790792","9.6","69836","","","","0"
"2024","Saskatchewan","2016A000247","Household outlays","Dollars","81","millions","6","v62790792","9.6","73901","","","","0"
"2015","Saskatchewan","2016A000247","Property income paid","Dollars","81","millions","6","v62790793","9.7","1611","","","","0"
"2016","Saskatchewan","2016A000247","Property income paid","Dollars","81","millions","6","v62790793","9.7","1616","","","","0"
"2017","Saskatchewan","2016A000247","Property income paid","Dollars","81","millions","6","v62790793","9.7","1660","","","","0"
"2018","Saskatchewan","2016A000247","Property income paid","Dollars","81","millions","6","v62790793","9.7","1887","","","","0"
"2019","Saskatchewan","2016A000247","Property income paid","Dollars","81","millions","6","v62790793","9.7","2054","","","","0"
"2020","Saskatchewan","2016A000247","Property income paid","Dollars","81","millions","6","v62790793","9.7","1800","","","","0"
"2021","Saskatchewan","2016A000247","Property income paid","Dollars","81","millions","6","v62790793","9.7","1551","","","","0"
"2022","Saskatchewan","2016A000247","Property income paid","Dollars","81","millions","6","v62790793","9.7","1815","","","","0"
"2023","Saskatchewan","2016A000247","Property income paid","Dollars","81","millions","6","v62790793","9.7","2677","","","","0"
"2024","Saskatchewan","2016A000247","Property income paid","Dollars","81","millions","6","v62790793","9.7","2955","","","","0"
"2015","Saskatchewan","2016A000247","Current transfers paid","Dollars","81","millions","6","v62790794","9.8","16405","","","","0"
"2016","Saskatchewan","2016A000247","Current transfers paid","Dollars","81","millions","6","v62790794","9.8","16328","","","","0"
"2017","Saskatchewan","2016A000247","Current transfers paid","Dollars","81","millions","6","v62790794","9.8","16250","","","","0"
"2018","Saskatchewan","2016A000247","Current transfers paid","Dollars","81","millions","6","v62790794","9.8","16752","","","","0"
"2019","Saskatchewan","2016A000247","Current transfers paid","Dollars","81","millions","6","v62790794","9.8","16825","","","","0"
"2020","Saskatchewan","2016A000247","Current transfers paid","Dollars","81","millions","6","v62790794","9.8","16521","","","","0"
"2021","Saskatchewan","2016A000247","Current transfers paid","Dollars","81","millions","6","v62790794","9.8","17894","","","","0"
"2022","Saskatchewan","2016A000247","Current transfers paid","Dollars","81","millions","6","v62790794","9.8","18941","","","","0"
"2023","Saskatchewan","2016A000247","Current transfers paid","Dollars","81","millions","6","v62790794","9.8","20136","","","","0"
"2024","Saskatchewan","2016A000247","Current transfers paid","Dollars","81","millions","6","v62790794","9.8","21475","","","","0"
"2015","Saskatchewan","2016A000247","Household final consumption expenditure","Dollars","81","millions","6","v62790795","9.9","36070","","","","0"
"2016","Saskatchewan","2016A000247","Household final consumption expenditure","Dollars","81","millions","6","v62790795","9.9","36522","","","","0"
"2017","Saskatchewan","2016A000247","Household final consumption expenditure","Dollars","81","millions","6","v62790795","9.9","37709","","","","0"
"2018","Saskatchewan","2016A000247","Household final consumption expenditure","Dollars","81","millions","6","v62790795","9.9","39002","","","","0"
"2019","Saskatchewan","2016A000247","Household final consumption expenditure","Dollars","81","millions","6","v62790795","9.9","39824","","","","0"
"2020","Saskatchewan","2016A000247","Household final consumption expenditure","Dollars","81","millions","6","v62790795","9.9","37456","","","","0"
"2021","Saskatchewan","2016A000247","Household final consumption expenditure","Dollars","81","millions","6","v62790795","9.9","40734","","","","0"
"2022","Saskatchewan","2016A000247","Household final consumption expenditure","Dollars","81","millions","6","v62790795","9.9","44982","","","","0"
"2023","Saskatchewan","2016A000247","Household final consumption expenditure","Dollars","81","millions","6","v62790795","9.9","47023","","","","0"
"2024","Saskatchewan","2016A000247","Household final consumption expenditure","Dollars","81","millions","6","v62790795","9.9","49471","","","","0"
"2015","Saskatchewan","2016A000247","Interest paid","Dollars","81","millions","6","v62790796","9.10","2175","","","","0"
"2016","Saskatchewan","2016A000247","Interest paid","Dollars","81","millions","6","v62790796","9.10","2198","","","","0"
"2017","Saskatchewan","2016A000247","Interest paid","Dollars","81","millions","6","v62790796","9.10","2235","","","","0"
"2018","Saskatchewan","2016A000247","Interest paid","Dollars","81","millions","6","v62790796","9.10","2460","","","","0"
"2019","Saskatchewan","2016A000247","Interest paid","Dollars","81","millions","6","v62790796","9.10","2617","","","","0"
"2020","Saskatchewan","2016A000247","Interest paid","Dollars","81","millions","6","v62790796","9.10","2369","","","","0"
"2021","Saskatchewan","2016A000247","Interest paid","Dollars","81","millions","6","v62790796","9.10","2127","","","","0"
"2022","Saskatchewan","2016A000247","Interest paid","Dollars","81","millions","6","v62790796","9.10","2381","","","","0"
"2023","Saskatchewan","2016A000247","Interest paid","Dollars","81","millions","6","v62790796","9.10","3248","","","","0"
"2024","Saskatchewan","2016A000247","Interest paid","Dollars","81","millions","6","v62790796","9.10","3528","","","","0"
"2015","Saskatchewan","2016A000247","Mortgage interest paid","Dollars","81","millions","6","v62790797","9.11","999","","","","0"
"2016","Saskatchewan","2016A000247","Mortgage interest paid","Dollars","81","millions","6","v62790797","9.11","985","","","","0"
"2017","Saskatchewan","2016A000247","Mortgage interest paid","Dollars","81","millions","6","v62790797","9.11","1000","","","","0"
"2018","Saskatchewan","2016A000247","Mortgage interest paid","Dollars","81","millions","6","v62790797","9.11","1113","","","","0"
"2019","Saskatchewan","2016A000247","Mortgage interest paid","Dollars","81","millions","6","v62790797","9.11","1198","","","","0"
"2020","Saskatchewan","2016A000247","Mortgage interest paid","Dollars","81","millions","6","v62790797","9.11","1101","","","","0"
"2021","Saskatchewan","2016A000247","Mortgage interest paid","Dollars","81","millions","6","v62790797","9.11","976","","","","0"
"2022","Saskatchewan","2016A000247","Mortgage interest paid","Dollars","81","millions","6","v62790797","9.11","1142","","","","0"
"2023","Saskatchewan","2016A000247","Mortgage interest paid","Dollars","81","millions","6","v62790797","9.11","1648","","","","0"
"2024","Saskatchewan","2016A000247","Mortgage interest paid","Dollars","81","millions","6","v62790797","9.11","1785","","","","0"
"2015","Saskatchewan","2016A000247","Non-mortgage interest paid","Dollars","81","millions","6","v62790798","9.12","1176","","","","0"
"2016","Saskatchewan","2016A000247","Non-mortgage interest paid","Dollars","81","millions","6","v62790798","9.12","1213","","","","0"
"2017","Saskatchewan","2016A000247","Non-mortgage interest paid","Dollars","81","millions","6","v62790798","9.12","1235","","","","0"
"2018","Saskatchewan","2016A000247","Non-mortgage interest paid","Dollars","81","millions","6","v62790798","9.12","1347","","","","0"
"2019","Saskatchewan","2016A000247","Non-mortgage interest paid","Dollars","81","millions","6","v62790798","9.12","1419","","","","0"
"2020","Saskatchewan","2016A000247","Non-mortgage interest paid","Dollars","81","millions","6","v62790798","9.12","1268","","","","0"
"2021","Saskatchewan","2016A000247","Non-mortgage interest paid","Dollars","81","millions","6","v62790798","9.12","1151","","","","0"
"2022","Saskatchewan","2016A000247","Non-mortgage interest paid","Dollars","81","millions","6","v62790798","9.12","1239","","","","0"
"2023","Saskatchewan","2016A000247","Non-mortgage interest paid","Dollars","81","millions","6","v62790798","9.12","1600","","","","0"
"2024","Saskatchewan","2016A000247","Non-mortgage interest paid","Dollars","81","millions","6","v62790798","9.12","1743","","","","0"
"2015","Saskatchewan","2016A000247","Divided by: household disposable income","Dollars","81","millions","6","v62790799","9.13","40037","","","","0"
"2016","Saskatchewan","2016A000247","Divided by: household disposable income","Dollars","81","millions","6","v62790799","9.13","39465","","","","0"
"2017","Saskatchewan","2016A000247","Divided by: household disposable income","Dollars","81","millions","6","v62790799","9.13","40752","","","","0"
"2018","Saskatchewan","2016A000247","Divided by: household disposable income","Dollars","81","millions","6","v62790799","9.13","40965","","","","0"
"2019","Saskatchewan","2016A000247","Divided by: household disposable income","Dollars","81","millions","6","v62790799","9.13","41828","","","","0"
"2020","Saskatchewan","2016A000247","Divided by: household disposable income","Dollars","81","millions","6","v62790799","9.13","45266","","","","0"
"2021","Saskatchewan","2016A000247","Divided by: household disposable income","Dollars","81","millions","6","v62790799","9.13","45529","","","","0"
"2022","Saskatchewan","2016A000247","Divided by: household disposable income","Dollars","81","millions","6","v62790799","9.13","49981","","","","0"
"2023","Saskatchewan","2016A000247","Divided by: household disposable income","Dollars","81","millions","6","v62790799","9.13","51232","","","","0"
"2024","Saskatchewan","2016A000247","Divided by: household disposable income","Dollars","81","millions","6","v62790799","9.13","54894","","","","0"
"2015","Saskatchewan","2016A000247","Equals: debt service ratio, interest only","Ratio","272","units","0","v62790800","9.14","5.43","","","","2"
"2016","Saskatchewan","2016A000247","Equals: debt service ratio, interest only","Ratio","272","units","0","v62790800","9.14","5.57","","","","2"
"2017","Saskatchewan","2016A000247","Equals: debt service ratio, interest only","Ratio","272","units","0","v62790800","9.14","5.48","","","","2"
"2018","Saskatchewan","2016A000247","Equals: debt service ratio, interest only","Ratio","272","units","0","v62790800","9.14","6.01","","","","2"
"2019","Saskatchewan","2016A000247","Equals: debt service ratio, interest only","Ratio","272","units","0","v62790800","9.14","6.26","","","","2"
"2020","Saskatchewan","2016A000247","Equals: debt service ratio, interest only","Ratio","272","units","0","v62790800","9.14","5.23","","","","2"
"2021","Saskatchewan","2016A000247","Equals: debt service ratio, interest only","Ratio","272","units","0","v62790800","9.14","4.67","","","","2"
"2022","Saskatchewan","2016A000247","Equals: debt service ratio, interest only","Ratio","272","units","0","v62790800","9.14","4.76","","","","2"
"2023","Saskatchewan","2016A000247","Equals: debt service ratio, interest only","Ratio","272","units","0","v62790800","9.14","6.34","","","","2"
"2024","Saskatchewan","2016A000247","Equals: debt service ratio, interest only","Ratio","272","units","0","v62790800","9.14","6.43","","","","2"
"2015","Alberta","2016A000248","Household income","Dollars","81","millions","6","v62790801","10.1","250271","","","","0"
"2016","Alberta","2016A000248","Household income","Dollars","81","millions","6","v62790801","10.1","230437","","","","0"
"2017","Alberta","2016A000248","Household income","Dollars","81","millions","6","v62790801","10.1","240019","","","","0"
"2018","Alberta","2016A000248","Household income","Dollars","81","millions","6","v62790801","10.1","246247","","","","0"
"2019","Alberta","2016A000248","Household income","Dollars","81","millions","6","v62790801","10.1","254247","","","","0"
"2020","Alberta","2016A000248","Household income","Dollars","81","millions","6","v62790801","10.1","259507","","","","0"
"2021","Alberta","2016A000248","Household income","Dollars","81","millions","6","v62790801","10.1","269123","","","","0"
"2022","Alberta","2016A000248","Household income","Dollars","81","millions","6","v62790801","10.1","286728","","","","0"
"2023","Alberta","2016A000248","Household income","Dollars","81","millions","6","v62790801","10.1","310529","","","","0"
"2024","Alberta","2016A000248","Household income","Dollars","81","millions","6","v62790801","10.1","334061","","","","0"
"2015","Alberta","2016A000248","Compensation of employees","Dollars","81","millions","6","v62790802","10.2","162004","","","","0"
"2016","Alberta","2016A000248","Compensation of employees","Dollars","81","millions","6","v62790802","10.2","147677","","","","0"
"2017","Alberta","2016A000248","Compensation of employees","Dollars","81","millions","6","v62790802","10.2","153162","","","","0"
"2018","Alberta","2016A000248","Compensation of employees","Dollars","81","millions","6","v62790802","10.2","157531","","","","0"
"2019","Alberta","2016A000248","Compensation of employees","Dollars","81","millions","6","v62790802","10.2","161936","","","","0"
"2020","Alberta","2016A000248","Compensation of employees","Dollars","81","millions","6","v62790802","10.2","152695","","","","0"
"2021","Alberta","2016A000248","Compensation of employees","Dollars","81","millions","6","v62790802","10.2","163544","","","","0"
"2022","Alberta","2016A000248","Compensation of employees","Dollars","81","millions","6","v62790802","10.2","181221","","","","0"
"2023","Alberta","2016A000248","Compensation of employees","Dollars","81","millions","6","v62790802","10.2","193300","","","","0"
"2024","Alberta","2016A000248","Compensation of employees","Dollars","81","millions","6","v62790802","10.2","202729","","","","0"
"2015","Alberta","2016A000248","Net mixed income","Dollars","81","millions","6","v62790803","10.3","23219","","","","0"
"2016","Alberta","2016A000248","Net mixed income","Dollars","81","millions","6","v62790803","10.3","22791","","","","0"
"2017","Alberta","2016A000248","Net mixed income","Dollars","81","millions","6","v62790803","10.3","23622","","","","0"
"2018","Alberta","2016A000248","Net mixed income","Dollars","81","millions","6","v62790803","10.3","23724","","","","0"
"2019","Alberta","2016A000248","Net mixed income","Dollars","81","millions","6","v62790803","10.3","24912","","","","0"
"2020","Alberta","2016A000248","Net mixed income","Dollars","81","millions","6","v62790803","10.3","24302","","","","0"
"2021","Alberta","2016A000248","Net mixed income","Dollars","81","millions","6","v62790803","10.3","24534","","","","0"
"2022","Alberta","2016A000248","Net mixed income","Dollars","81","millions","6","v62790803","10.3","25206","","","","0"
"2023","Alberta","2016A000248","Net mixed income","Dollars","81","millions","6","v62790803","10.3","28260","","","","0"
"2024","Alberta","2016A000248","Net mixed income","Dollars","81","millions","6","v62790803","10.3","33628","","","","0"
"2015","Alberta","2016A000248","Property income received","Dollars","81","millions","6","v62790804","10.4","34169","","","","0"
"2016","Alberta","2016A000248","Property income received","Dollars","81","millions","6","v62790804","10.4","25625","","","","0"
"2017","Alberta","2016A000248","Property income received","Dollars","81","millions","6","v62790804","10.4","27271","","","","0"
"2018","Alberta","2016A000248","Property income received","Dollars","81","millions","6","v62790804","10.4","27307","","","","0"
"2019","Alberta","2016A000248","Property income received","Dollars","81","millions","6","v62790804","10.4","28297","","","","0"
"2020","Alberta","2016A000248","Property income received","Dollars","81","millions","6","v62790804","10.4","27203","","","","0"
"2021","Alberta","2016A000248","Property income received","Dollars","81","millions","6","v62790804","10.4","27979","","","","0"
"2022","Alberta","2016A000248","Property income received","Dollars","81","millions","6","v62790804","10.4","31918","","","","0"
"2023","Alberta","2016A000248","Property income received","Dollars","81","millions","6","v62790804","10.4","36860","","","","0"
"2024","Alberta","2016A000248","Property income received","Dollars","81","millions","6","v62790804","10.4","41139","","","","0"
"2015","Alberta","2016A000248","Current transfers received","Dollars","81","millions","6","v62790805","10.5","30879","","","","0"
"2016","Alberta","2016A000248","Current transfers received","Dollars","81","millions","6","v62790805","10.5","34344","","","","0"
"2017","Alberta","2016A000248","Current transfers received","Dollars","81","millions","6","v62790805","10.5","35964","","","","0"
"2018","Alberta","2016A000248","Current transfers received","Dollars","81","millions","6","v62790805","10.5","37685","","","","0"
"2019","Alberta","2016A000248","Current transfers received","Dollars","81","millions","6","v62790805","10.5","39102","","","","0"
"2020","Alberta","2016A000248","Current transfers received","Dollars","81","millions","6","v62790805","10.5","55307","","","","0"
"2021","Alberta","2016A000248","Current transfers received","Dollars","81","millions","6","v62790805","10.5","53066","","","","0"
"2022","Alberta","2016A000248","Current transfers received","Dollars","81","millions","6","v62790805","10.5","48383","","","","0"
"2023","Alberta","2016A000248","Current transfers received","Dollars","81","millions","6","v62790805","10.5","52110","","","","0"
"2024","Alberta","2016A000248","Current transfers received","Dollars","81","millions","6","v62790805","10.5","56565","","","","0"
"2015","Alberta","2016A000248","Household outlays","Dollars","81","millions","6","v62790806","10.6","227254","","","","0"
"2016","Alberta","2016A000248","Household outlays","Dollars","81","millions","6","v62790806","10.6","223320","","","","0"
"2017","Alberta","2016A000248","Household outlays","Dollars","81","millions","6","v62790806","10.6","230287","","","","0"
"2018","Alberta","2016A000248","Household outlays","Dollars","81","millions","6","v62790806","10.6","239220","","","","0"
"2019","Alberta","2016A000248","Household outlays","Dollars","81","millions","6","v62790806","10.6","243106","","","","0"
"2020","Alberta","2016A000248","Household outlays","Dollars","81","millions","6","v62790806","10.6","230280","","","","0"
"2021","Alberta","2016A000248","Household outlays","Dollars","81","millions","6","v62790806","10.6","247066","","","","0"
"2022","Alberta","2016A000248","Household outlays","Dollars","81","millions","6","v62790806","10.6","270172","","","","0"
"2023","Alberta","2016A000248","Household outlays","Dollars","81","millions","6","v62790806","10.6","294013","","","","0"
"2024","Alberta","2016A000248","Household outlays","Dollars","81","millions","6","v62790806","10.6","313276","","","","0"
"2015","Alberta","2016A000248","Property income paid","Dollars","81","millions","6","v62790807","10.7","7799","","","","0"
"2016","Alberta","2016A000248","Property income paid","Dollars","81","millions","6","v62790807","10.7","7645","","","","0"
"2017","Alberta","2016A000248","Property income paid","Dollars","81","millions","6","v62790807","10.7","7929","","","","0"
"2018","Alberta","2016A000248","Property income paid","Dollars","81","millions","6","v62790807","10.7","8903","","","","0"
"2019","Alberta","2016A000248","Property income paid","Dollars","81","millions","6","v62790807","10.7","9933","","","","0"
"2020","Alberta","2016A000248","Property income paid","Dollars","81","millions","6","v62790807","10.7","8776","","","","0"
"2021","Alberta","2016A000248","Property income paid","Dollars","81","millions","6","v62790807","10.7","7653","","","","0"
"2022","Alberta","2016A000248","Property income paid","Dollars","81","millions","6","v62790807","10.7","9084","","","","0"
"2023","Alberta","2016A000248","Property income paid","Dollars","81","millions","6","v62790807","10.7","13736","","","","0"
"2024","Alberta","2016A000248","Property income paid","Dollars","81","millions","6","v62790807","10.7","15176","","","","0"
"2015","Alberta","2016A000248","Current transfers paid","Dollars","81","millions","6","v62790808","10.8","70754","","","","0"
"2016","Alberta","2016A000248","Current transfers paid","Dollars","81","millions","6","v62790808","10.8","66973","","","","0"
"2017","Alberta","2016A000248","Current transfers paid","Dollars","81","millions","6","v62790808","10.8","68002","","","","0"
"2018","Alberta","2016A000248","Current transfers paid","Dollars","81","millions","6","v62790808","10.8","70860","","","","0"
"2019","Alberta","2016A000248","Current transfers paid","Dollars","81","millions","6","v62790808","10.8","71139","","","","0"
"2020","Alberta","2016A000248","Current transfers paid","Dollars","81","millions","6","v62790808","10.8","68719","","","","0"
"2021","Alberta","2016A000248","Current transfers paid","Dollars","81","millions","6","v62790808","10.8","73905","","","","0"
"2022","Alberta","2016A000248","Current transfers paid","Dollars","81","millions","6","v62790808","10.8","79567","","","","0"
"2023","Alberta","2016A000248","Current transfers paid","Dollars","81","millions","6","v62790808","10.8","85456","","","","0"
"2024","Alberta","2016A000248","Current transfers paid","Dollars","81","millions","6","v62790808","10.8","91559","","","","0"
"2015","Alberta","2016A000248","Household final consumption expenditure","Dollars","81","millions","6","v62790809","10.9","148701","","","","0"
"2016","Alberta","2016A000248","Household final consumption expenditure","Dollars","81","millions","6","v62790809","10.9","148702","","","","0"
"2017","Alberta","2016A000248","Household final consumption expenditure","Dollars","81","millions","6","v62790809","10.9","154356","","","","0"
"2018","Alberta","2016A000248","Household final consumption expenditure","Dollars","81","millions","6","v62790809","10.9","159457","","","","0"
"2019","Alberta","2016A000248","Household final consumption expenditure","Dollars","81","millions","6","v62790809","10.9","162034","","","","0"
"2020","Alberta","2016A000248","Household final consumption expenditure","Dollars","81","millions","6","v62790809","10.9","152785","","","","0"
"2021","Alberta","2016A000248","Household final consumption expenditure","Dollars","81","millions","6","v62790809","10.9","165508","","","","0"
"2022","Alberta","2016A000248","Household final consumption expenditure","Dollars","81","millions","6","v62790809","10.9","181521","","","","0"
"2023","Alberta","2016A000248","Household final consumption expenditure","Dollars","81","millions","6","v62790809","10.9","194821","","","","0"
"2024","Alberta","2016A000248","Household final consumption expenditure","Dollars","81","millions","6","v62790809","10.9","206541","","","","0"
"2015","Alberta","2016A000248","Interest paid","Dollars","81","millions","6","v62790810","10.10","10908","","","","0"
"2016","Alberta","2016A000248","Interest paid","Dollars","81","millions","6","v62790810","10.10","10811","","","","0"
"2017","Alberta","2016A000248","Interest paid","Dollars","81","millions","6","v62790810","10.10","11044","","","","0"
"2018","Alberta","2016A000248","Interest paid","Dollars","81","millions","6","v62790810","10.10","12011","","","","0"
"2019","Alberta","2016A000248","Interest paid","Dollars","81","millions","6","v62790810","10.10","12971","","","","0"
"2020","Alberta","2016A000248","Interest paid","Dollars","81","millions","6","v62790810","10.10","11868","","","","0"
"2021","Alberta","2016A000248","Interest paid","Dollars","81","millions","6","v62790810","10.10","10674","","","","0"
"2022","Alberta","2016A000248","Interest paid","Dollars","81","millions","6","v62790810","10.10","12147","","","","0"
"2023","Alberta","2016A000248","Interest paid","Dollars","81","millions","6","v62790810","10.10","16814","","","","0"
"2024","Alberta","2016A000248","Interest paid","Dollars","81","millions","6","v62790810","10.10","18310","","","","0"
"2015","Alberta","2016A000248","Mortgage interest paid","Dollars","81","millions","6","v62790811","10.11","5660","","","","0"
"2016","Alberta","2016A000248","Mortgage interest paid","Dollars","81","millions","6","v62790811","10.11","5484","","","","0"
"2017","Alberta","2016A000248","Mortgage interest paid","Dollars","81","millions","6","v62790811","10.11","5476","","","","0"
"2018","Alberta","2016A000248","Mortgage interest paid","Dollars","81","millions","6","v62790811","10.11","5966","","","","0"
"2019","Alberta","2016A000248","Mortgage interest paid","Dollars","81","millions","6","v62790811","10.11","6527","","","","0"
"2020","Alberta","2016A000248","Mortgage interest paid","Dollars","81","millions","6","v62790811","10.11","6122","","","","0"
"2021","Alberta","2016A000248","Mortgage interest paid","Dollars","81","millions","6","v62790811","10.11","5486","","","","0"
"2022","Alberta","2016A000248","Mortgage interest paid","Dollars","81","millions","6","v62790811","10.11","6484","","","","0"
"2023","Alberta","2016A000248","Mortgage interest paid","Dollars","81","millions","6","v62790811","10.11","9310","","","","0"
"2024","Alberta","2016A000248","Mortgage interest paid","Dollars","81","millions","6","v62790811","10.11","10245","","","","0"
"2015","Alberta","2016A000248","Non-mortgage interest paid","Dollars","81","millions","6","v62790812","10.12","5248","","","","0"
"2016","Alberta","2016A000248","Non-mortgage interest paid","Dollars","81","millions","6","v62790812","10.12","5327","","","","0"
"2017","Alberta","2016A000248","Non-mortgage interest paid","Dollars","81","millions","6","v62790812","10.12","5568","","","","0"
"2018","Alberta","2016A000248","Non-mortgage interest paid","Dollars","81","millions","6","v62790812","10.12","6045","","","","0"
"2019","Alberta","2016A000248","Non-mortgage interest paid","Dollars","81","millions","6","v62790812","10.12","6444","","","","0"
"2020","Alberta","2016A000248","Non-mortgage interest paid","Dollars","81","millions","6","v62790812","10.12","5746","","","","0"
"2021","Alberta","2016A000248","Non-mortgage interest paid","Dollars","81","millions","6","v62790812","10.12","5188","","","","0"
"2022","Alberta","2016A000248","Non-mortgage interest paid","Dollars","81","millions","6","v62790812","10.12","5663","","","","0"
"2023","Alberta","2016A000248","Non-mortgage interest paid","Dollars","81","millions","6","v62790812","10.12","7504","","","","0"
"2024","Alberta","2016A000248","Non-mortgage interest paid","Dollars","81","millions","6","v62790812","10.12","8065","","","","0"
"2015","Alberta","2016A000248","Divided by: household disposable income","Dollars","81","millions","6","v62790813","10.13","182626","","","","0"
"2016","Alberta","2016A000248","Divided by: household disposable income","Dollars","81","millions","6","v62790813","10.13","166630","","","","0"
"2017","Alberta","2016A000248","Divided by: household disposable income","Dollars","81","millions","6","v62790813","10.13","175132","","","","0"
"2018","Alberta","2016A000248","Divided by: household disposable income","Dollars","81","millions","6","v62790813","10.13","178495","","","","0"
"2019","Alberta","2016A000248","Divided by: household disposable income","Dollars","81","millions","6","v62790813","10.13","186146","","","","0"
"2020","Alberta","2016A000248","Divided by: household disposable income","Dollars","81","millions","6","v62790813","10.13","193880","","","","0"
"2021","Alberta","2016A000248","Divided by: household disposable income","Dollars","81","millions","6","v62790813","10.13","198239","","","","0"
"2022","Alberta","2016A000248","Divided by: household disposable income","Dollars","81","millions","6","v62790813","10.13","210224","","","","0"
"2023","Alberta","2016A000248","Divided by: household disposable income","Dollars","81","millions","6","v62790813","10.13","228151","","","","0"
"2024","Alberta","2016A000248","Divided by: household disposable income","Dollars","81","millions","6","v62790813","10.13","245636","","","","0"
"2015","Alberta","2016A000248","Equals: debt service ratio, interest only","Ratio","272","units","0","v62790814","10.14","5.97","","","","2"
"2016","Alberta","2016A000248","Equals: debt service ratio, interest only","Ratio","272","units","0","v62790814","10.14","6.49","","","","2"
"2017","Alberta","2016A000248","Equals: debt service ratio, interest only","Ratio","272","units","0","v62790814","10.14","6.31","","","","2"
"2018","Alberta","2016A000248","Equals: debt service ratio, interest only","Ratio","272","units","0","v62790814","10.14","6.73","","","","2"
"2019","Alberta","2016A000248","Equals: debt service ratio, interest only","Ratio","272","units","0","v62790814","10.14","6.97","","","","2"
"2020","Alberta","2016A000248","Equals: debt service ratio, interest only","Ratio","272","units","0","v62790814","10.14","6.12","","","","2"
"2021","Alberta","2016A000248","Equals: debt service ratio, interest only","Ratio","272","units","0","v62790814","10.14","5.38","","","","2"
"2022","Alberta","2016A000248","Equals: debt service ratio, interest only","Ratio","272","units","0","v62790814","10.14","5.78","","","","2"
"2023","Alberta","2016A000248","Equals: debt service ratio, interest only","Ratio","272","units","0","v62790814","10.14","7.37","","","","2"
"2024","Alberta","2016A000248","Equals: debt service ratio, interest only","Ratio","272","units","0","v62790814","10.14","7.45","","","","2"
"2015","British Columbia","2016A000259","Household income","Dollars","81","millions","6","v62790815","11.1","223387","","","","0"
"2016","British Columbia","2016A000259","Household income","Dollars","81","millions","6","v62790815","11.1","231190","","","","0"
"2017","British Columbia","2016A000259","Household income","Dollars","81","millions","6","v62790815","11.1","244980","","","","0"
"2018","British Columbia","2016A000259","Household income","Dollars","81","millions","6","v62790815","11.1","254736","","","","0"
"2019","British Columbia","2016A000259","Household income","Dollars","81","millions","6","v62790815","11.1","272203","","","","0"
"2020","British Columbia","2016A000259","Household income","Dollars","81","millions","6","v62790815","11.1","288867","","","","0"
"2021","British Columbia","2016A000259","Household income","Dollars","81","millions","6","v62790815","11.1","304943","","","","0"
"2022","British Columbia","2016A000259","Household income","Dollars","81","millions","6","v62790815","11.1","324228","","","","0"
"2023","British Columbia","2016A000259","Household income","Dollars","81","millions","6","v62790815","11.1","356102","","","","0"
"2024","British Columbia","2016A000259","Household income","Dollars","81","millions","6","v62790815","11.1","382132","","","","0"
"2015","British Columbia","2016A000259","Compensation of employees","Dollars","81","millions","6","v62790816","11.2","127754","","","","0"
"2016","British Columbia","2016A000259","Compensation of employees","Dollars","81","millions","6","v62790816","11.2","130955","","","","0"
"2017","British Columbia","2016A000259","Compensation of employees","Dollars","81","millions","6","v62790816","11.2","138027","","","","0"
"2018","British Columbia","2016A000259","Compensation of employees","Dollars","81","millions","6","v62790816","11.2","145322","","","","0"
"2019","British Columbia","2016A000259","Compensation of employees","Dollars","81","millions","6","v62790816","11.2","153561","","","","0"
"2020","British Columbia","2016A000259","Compensation of employees","Dollars","81","millions","6","v62790816","11.2","152732","","","","0"
"2021","British Columbia","2016A000259","Compensation of employees","Dollars","81","millions","6","v62790816","11.2","170582","","","","0"
"2022","British Columbia","2016A000259","Compensation of employees","Dollars","81","millions","6","v62790816","11.2","186202","","","","0"
"2023","British Columbia","2016A000259","Compensation of employees","Dollars","81","millions","6","v62790816","11.2","199828","","","","0"
"2024","British Columbia","2016A000259","Compensation of employees","Dollars","81","millions","6","v62790816","11.2","210235","","","","0"
"2015","British Columbia","2016A000259","Net mixed income","Dollars","81","millions","6","v62790817","11.3","35527","","","","0"
"2016","British Columbia","2016A000259","Net mixed income","Dollars","81","millions","6","v62790817","11.3","37237","","","","0"
"2017","British Columbia","2016A000259","Net mixed income","Dollars","81","millions","6","v62790817","11.3","38543","","","","0"
"2018","British Columbia","2016A000259","Net mixed income","Dollars","81","millions","6","v62790817","11.3","40414","","","","0"
"2019","British Columbia","2016A000259","Net mixed income","Dollars","81","millions","6","v62790817","11.3","44074","","","","0"
"2020","British Columbia","2016A000259","Net mixed income","Dollars","81","millions","6","v62790817","11.3","45119","","","","0"
"2021","British Columbia","2016A000259","Net mixed income","Dollars","81","millions","6","v62790817","11.3","46669","","","","0"
"2022","British Columbia","2016A000259","Net mixed income","Dollars","81","millions","6","v62790817","11.3","49617","","","","0"
"2023","British Columbia","2016A000259","Net mixed income","Dollars","81","millions","6","v62790817","11.3","56171","","","","0"
"2024","British Columbia","2016A000259","Net mixed income","Dollars","81","millions","6","v62790817","11.3","62806","","","","0"
"2015","British Columbia","2016A000259","Property income received","Dollars","81","millions","6","v62790818","11.4","27461","","","","0"
"2016","British Columbia","2016A000259","Property income received","Dollars","81","millions","6","v62790818","11.4","28019","","","","0"
"2017","British Columbia","2016A000259","Property income received","Dollars","81","millions","6","v62790818","11.4","31739","","","","0"
"2018","British Columbia","2016A000259","Property income received","Dollars","81","millions","6","v62790818","11.4","30356","","","","0"
"2019","British Columbia","2016A000259","Property income received","Dollars","81","millions","6","v62790818","11.4","34300","","","","0"
"2020","British Columbia","2016A000259","Property income received","Dollars","81","millions","6","v62790818","11.4","32686","","","","0"
"2021","British Columbia","2016A000259","Property income received","Dollars","81","millions","6","v62790818","11.4","34308","","","","0"
"2022","British Columbia","2016A000259","Property income received","Dollars","81","millions","6","v62790818","11.4","38720","","","","0"
"2023","British Columbia","2016A000259","Property income received","Dollars","81","millions","6","v62790818","11.4","46771","","","","0"
"2024","British Columbia","2016A000259","Property income received","Dollars","81","millions","6","v62790818","11.4","52675","","","","0"
"2015","British Columbia","2016A000259","Current transfers received","Dollars","81","millions","6","v62790819","11.5","32645","","","","0"
"2016","British Columbia","2016A000259","Current transfers received","Dollars","81","millions","6","v62790819","11.5","34979","","","","0"
"2017","British Columbia","2016A000259","Current transfers received","Dollars","81","millions","6","v62790819","11.5","36671","","","","0"
"2018","British Columbia","2016A000259","Current transfers received","Dollars","81","millions","6","v62790819","11.5","38644","","","","0"
"2019","British Columbia","2016A000259","Current transfers received","Dollars","81","millions","6","v62790819","11.5","40268","","","","0"
"2020","British Columbia","2016A000259","Current transfers received","Dollars","81","millions","6","v62790819","11.5","58330","","","","0"
"2021","British Columbia","2016A000259","Current transfers received","Dollars","81","millions","6","v62790819","11.5","53383","","","","0"
"2022","British Columbia","2016A000259","Current transfers received","Dollars","81","millions","6","v62790819","11.5","49688","","","","0"
"2023","British Columbia","2016A000259","Current transfers received","Dollars","81","millions","6","v62790819","11.5","53332","","","","0"
"2024","British Columbia","2016A000259","Current transfers received","Dollars","81","millions","6","v62790819","11.5","56416","","","","0"
"2015","British Columbia","2016A000259","Household outlays","Dollars","81","millions","6","v62790820","11.6","228651","","","","0"
"2016","British Columbia","2016A000259","Household outlays","Dollars","81","millions","6","v62790820","11.6","238547","","","","0"
"2017","British Columbia","2016A000259","Household outlays","Dollars","81","millions","6","v62790820","11.6","251547","","","","0"
"2018","British Columbia","2016A000259","Household outlays","Dollars","81","millions","6","v62790820","11.6","266772","","","","0"
"2019","British Columbia","2016A000259","Household outlays","Dollars","81","millions","6","v62790820","11.6","279163","","","","0"
"2020","British Columbia","2016A000259","Household outlays","Dollars","81","millions","6","v62790820","11.6","272541","","","","0"
"2021","British Columbia","2016A000259","Household outlays","Dollars","81","millions","6","v62790820","11.6","300085","","","","0"
"2022","British Columbia","2016A000259","Household outlays","Dollars","81","millions","6","v62790820","11.6","335645","","","","0"
"2023","British Columbia","2016A000259","Household outlays","Dollars","81","millions","6","v62790820","11.6","363076","","","","0"
"2024","British Columbia","2016A000259","Household outlays","Dollars","81","millions","6","v62790820","11.6","381710","","","","0"
"2015","British Columbia","2016A000259","Property income paid","Dollars","81","millions","6","v62790821","11.7","9059","","","","0"
"2016","British Columbia","2016A000259","Property income paid","Dollars","81","millions","6","v62790821","11.7","9211","","","","0"
"2017","British Columbia","2016A000259","Property income paid","Dollars","81","millions","6","v62790821","11.7","10044","","","","0"
"2018","British Columbia","2016A000259","Property income paid","Dollars","81","millions","6","v62790821","11.7","11819","","","","0"
"2019","British Columbia","2016A000259","Property income paid","Dollars","81","millions","6","v62790821","11.7","13445","","","","0"
"2020","British Columbia","2016A000259","Property income paid","Dollars","81","millions","6","v62790821","11.7","12313","","","","0"
"2021","British Columbia","2016A000259","Property income paid","Dollars","81","millions","6","v62790821","11.7","11272","","","","0"
"2022","British Columbia","2016A000259","Property income paid","Dollars","81","millions","6","v62790821","11.7","14603","","","","0"
"2023","British Columbia","2016A000259","Property income paid","Dollars","81","millions","6","v62790821","11.7","22557","","","","0"
"2024","British Columbia","2016A000259","Property income paid","Dollars","81","millions","6","v62790821","11.7","25094","","","","0"
"2015","British Columbia","2016A000259","Current transfers paid","Dollars","81","millions","6","v62790822","11.8","58571","","","","0"
"2016","British Columbia","2016A000259","Current transfers paid","Dollars","81","millions","6","v62790822","11.8","61437","","","","0"
"2017","British Columbia","2016A000259","Current transfers paid","Dollars","81","millions","6","v62790822","11.8","63482","","","","0"
"2018","British Columbia","2016A000259","Current transfers paid","Dollars","81","millions","6","v62790822","11.8","67928","","","","0"
"2019","British Columbia","2016A000259","Current transfers paid","Dollars","81","millions","6","v62790822","11.8","71203","","","","0"
"2020","British Columbia","2016A000259","Current transfers paid","Dollars","81","millions","6","v62790822","11.8","71131","","","","0"
"2021","British Columbia","2016A000259","Current transfers paid","Dollars","81","millions","6","v62790822","11.8","80513","","","","0"
"2022","British Columbia","2016A000259","Current transfers paid","Dollars","81","millions","6","v62790822","11.8","88451","","","","0"
"2023","British Columbia","2016A000259","Current transfers paid","Dollars","81","millions","6","v62790822","11.8","94067","","","","0"
"2024","British Columbia","2016A000259","Current transfers paid","Dollars","81","millions","6","v62790822","11.8","99853","","","","0"
"2015","British Columbia","2016A000259","Household final consumption expenditure","Dollars","81","millions","6","v62790823","11.9","161021","","","","0"
"2016","British Columbia","2016A000259","Household final consumption expenditure","Dollars","81","millions","6","v62790823","11.9","167899","","","","0"
"2017","British Columbia","2016A000259","Household final consumption expenditure","Dollars","81","millions","6","v62790823","11.9","178021","","","","0"
"2018","British Columbia","2016A000259","Household final consumption expenditure","Dollars","81","millions","6","v62790823","11.9","187025","","","","0"
"2019","British Columbia","2016A000259","Household final consumption expenditure","Dollars","81","millions","6","v62790823","11.9","194515","","","","0"
"2020","British Columbia","2016A000259","Household final consumption expenditure","Dollars","81","millions","6","v62790823","11.9","189097","","","","0"
"2021","British Columbia","2016A000259","Household final consumption expenditure","Dollars","81","millions","6","v62790823","11.9","208300","","","","0"
"2022","British Columbia","2016A000259","Household final consumption expenditure","Dollars","81","millions","6","v62790823","11.9","232591","","","","0"
"2023","British Columbia","2016A000259","Household final consumption expenditure","Dollars","81","millions","6","v62790823","11.9","246452","","","","0"
"2024","British Columbia","2016A000259","Household final consumption expenditure","Dollars","81","millions","6","v62790823","11.9","256763","","","","0"
"2015","British Columbia","2016A000259","Interest paid","Dollars","81","millions","6","v62790824","11.10","12213","","","","0"
"2016","British Columbia","2016A000259","Interest paid","Dollars","81","millions","6","v62790824","11.10","12455","","","","0"
"2017","British Columbia","2016A000259","Interest paid","Dollars","81","millions","6","v62790824","11.10","13383","","","","0"
"2018","British Columbia","2016A000259","Interest paid","Dollars","81","millions","6","v62790824","11.10","15285","","","","0"
"2019","British Columbia","2016A000259","Interest paid","Dollars","81","millions","6","v62790824","11.10","16934","","","","0"
"2020","British Columbia","2016A000259","Interest paid","Dollars","81","millions","6","v62790824","11.10","15980","","","","0"
"2021","British Columbia","2016A000259","Interest paid","Dollars","81","millions","6","v62790824","11.10","15132","","","","0"
"2022","British Columbia","2016A000259","Interest paid","Dollars","81","millions","6","v62790824","11.10","18756","","","","0"
"2023","British Columbia","2016A000259","Interest paid","Dollars","81","millions","6","v62790824","11.10","26796","","","","0"
"2024","British Columbia","2016A000259","Interest paid","Dollars","81","millions","6","v62790824","11.10","29468","","","","0"
"2015","British Columbia","2016A000259","Mortgage interest paid","Dollars","81","millions","6","v62790825","11.11","7063","","","","0"
"2016","British Columbia","2016A000259","Mortgage interest paid","Dollars","81","millions","6","v62790825","11.11","7215","","","","0"
"2017","British Columbia","2016A000259","Mortgage interest paid","Dollars","81","millions","6","v62790825","11.11","7765","","","","0"
"2018","British Columbia","2016A000259","Mortgage interest paid","Dollars","81","millions","6","v62790825","11.11","8905","","","","0"
"2019","British Columbia","2016A000259","Mortgage interest paid","Dollars","81","millions","6","v62790825","11.11","10026","","","","0"
"2020","British Columbia","2016A000259","Mortgage interest paid","Dollars","81","millions","6","v62790825","11.11","9603","","","","0"
"2021","British Columbia","2016A000259","Mortgage interest paid","Dollars","81","millions","6","v62790825","11.11","9380","","","","0"
"2022","British Columbia","2016A000259","Mortgage interest paid","Dollars","81","millions","6","v62790825","11.11","11677","","","","0"
"2023","British Columbia","2016A000259","Mortgage interest paid","Dollars","81","millions","6","v62790825","11.11","17264","","","","0"
"2024","British Columbia","2016A000259","Mortgage interest paid","Dollars","81","millions","6","v62790825","11.11","18684","","","","0"
"2015","British Columbia","2016A000259","Non-mortgage interest paid","Dollars","81","millions","6","v62790826","11.12","5150","","","","0"
"2016","British Columbia","2016A000259","Non-mortgage interest paid","Dollars","81","millions","6","v62790826","11.12","5240","","","","0"
"2017","British Columbia","2016A000259","Non-mortgage interest paid","Dollars","81","millions","6","v62790826","11.12","5618","","","","0"
"2018","British Columbia","2016A000259","Non-mortgage interest paid","Dollars","81","millions","6","v62790826","11.12","6380","","","","0"
"2019","British Columbia","2016A000259","Non-mortgage interest paid","Dollars","81","millions","6","v62790826","11.12","6908","","","","0"
"2020","British Columbia","2016A000259","Non-mortgage interest paid","Dollars","81","millions","6","v62790826","11.12","6377","","","","0"
"2021","British Columbia","2016A000259","Non-mortgage interest paid","Dollars","81","millions","6","v62790826","11.12","5752","","","","0"
"2022","British Columbia","2016A000259","Non-mortgage interest paid","Dollars","81","millions","6","v62790826","11.12","7079","","","","0"
"2023","British Columbia","2016A000259","Non-mortgage interest paid","Dollars","81","millions","6","v62790826","11.12","9532","","","","0"
"2024","British Columbia","2016A000259","Non-mortgage interest paid","Dollars","81","millions","6","v62790826","11.12","10784","","","","0"
"2015","British Columbia","2016A000259","Divided by: household disposable income","Dollars","81","millions","6","v62790827","11.13","167970","","","","0"
"2016","British Columbia","2016A000259","Divided by: household disposable income","Dollars","81","millions","6","v62790827","11.13","172997","","","","0"
"2017","British Columbia","2016A000259","Divided by: household disposable income","Dollars","81","millions","6","v62790827","11.13","184837","","","","0"
"2018","British Columbia","2016A000259","Divided by: household disposable income","Dollars","81","millions","6","v62790827","11.13","190274","","","","0"
"2019","British Columbia","2016A000259","Divided by: household disposable income","Dollars","81","millions","6","v62790827","11.13","204489","","","","0"
"2020","British Columbia","2016A000259","Divided by: household disposable income","Dollars","81","millions","6","v62790827","11.13","221403","","","","0"
"2021","British Columbia","2016A000259","Divided by: household disposable income","Dollars","81","millions","6","v62790827","11.13","228290","","","","0"
"2022","British Columbia","2016A000259","Divided by: household disposable income","Dollars","81","millions","6","v62790827","11.13","239930","","","","0"
"2023","British Columbia","2016A000259","Divided by: household disposable income","Dollars","81","millions","6","v62790827","11.13","266274","","","","0"
"2024","British Columbia","2016A000259","Divided by: household disposable income","Dollars","81","millions","6","v62790827","11.13","286653","","","","0"
"2015","British Columbia","2016A000259","Equals: debt service ratio, interest only","Ratio","272","units","0","v62790828","11.14","7.27","","","","2"
"2016","British Columbia","2016A000259","Equals: debt service ratio, interest only","Ratio","272","units","0","v62790828","11.14","7.20","","","","2"
"2017","British Columbia","2016A000259","Equals: debt service ratio, interest only","Ratio","272","units","0","v62790828","11.14","7.24","","","","2"
"2018","British Columbia","2016A000259","Equals: debt service ratio, interest only","Ratio","272","units","0","v62790828","11.14","8.03","","","","2"
"2019","British Columbia","2016A000259","Equals: debt service ratio, interest only","Ratio","272","units","0","v62790828","11.14","8.28","","","","2"
"2020","British Columbia","2016A000259","Equals: debt service ratio, interest only","Ratio","272","units","0","v62790828","11.14","7.22","","","","2"
"2021","British Columbia","2016A000259","Equals: debt service ratio, interest only","Ratio","272","units","0","v62790828","11.14","6.63","","","","2"
"2022","British Columbia","2016A000259","Equals: debt service ratio, interest only","Ratio","272","units","0","v62790828","11.14","7.82","","","","2"
"2023","British Columbia","2016A000259","Equals: debt service ratio, interest only","Ratio","272","units","0","v62790828","11.14","10.06","","","","2"
"2024","British Columbia","2016A000259","Equals: debt service ratio, interest only","Ratio","272","units","0","v62790828","11.14","10.28","","","","2"


